00:00:00.445677 VirtualBox VM 7.2.6_Ubuntu r172322 linux.amd64 (Apr  7 2026 21:07:58) release log
00:00:00.445677 Log opened 2026-09-18T11:56:12.950671000Z
00:00:00.445678 Build Type: release
00:00:00.445678 OS Product: Linux
00:00:00.445679 OS Release: 7.0.0-31-generic
00:00:00.445679 OS Version: #31-Ubuntu SMP PREEMPT_DYNAMIC Sat Aug  1 04:26:38 UTC 2026
00:00:00.445689 DMI Product Name: MS-7E06
00:00:00.445691 DMI Product Version: 3.0
00:00:00.445693 Firmware type: UEFI
00:00:00.445862 Secure Boot: Disabled
00:00:00.445879 Host RAM: 31335MB (30.6GB) total, 20215MB (19.7GB) available
00:00:00.445880 Executable: /usr/lib/virtualbox/VirtualBoxVM
00:00:00.445880 Process ID: 42657
00:00:00.445880 Package type: LINUX_64BITS_GENERIC (OSE)
00:00:00.456149 Installed Extension Packs:
00:00:00.456158   VNC (Version:  r0; VRDE Module: ; Crypto Module:  unusable because of 'Failed to load '/usr/lib/virtualbox/ExtensionPacks/VNC/ExtPack.xml': Invalid version string: @VBOX_VERSION_STRING_RAW@')
00:00:00.456750 Console: Machine state changed to 'Starting'
00:00:00.456848 GUI: Qt version: 6.10.2
00:00:00.456850 GUI: X11 Window Manager code: 2
00:00:00.456851 GUI: HID LEDs sync is not supported on this platform
00:00:00.458008 SUP: Opened VMMR0.r0 (/usr/lib/virtualbox/VMMR0.r0) at 0xXXXXXXXXXXXXXXXX.
00:00:00.460887 Guest architecture: x86
00:00:00.461034 Guest OS type: 'Ubuntu_64'
00:00:00.462729 fHMForced=true - No raw-mode support in this build!
00:00:00.462732 Using execution engine 1
00:00:00.470171 File system of '/home/tsukuyomi/Downloads/ISOs/ubuntu-26.04-live-server-amd64.iso' (DVD) is ext4
00:00:00.473063 GUI: UIMediumEnumerator: Medium-enumeration finished!
00:00:00.473421 X Server details: vendor: The X.Org Foundation, release: 12401010, protocol version: 11.0, display string: :0
00:00:00.473426 Using known keycode mapping for keycode to scan code conversion
00:00:00.475397 File system of '/home/tsukuyomi/Documents/School/Uppgift-labbmiljö/Uppgift Labbmiljö Ubuntu_/Uppgift Labbmiljö Ubuntu_.vdi' is ext4
00:00:00.484636 Shared Clipboard: Service loaded
00:00:00.484643 Shared Clipboard: Mode: Off
00:00:00.484663 Shared Clipboard: Service running in normal mode
00:00:00.485072 Drag and drop service loaded
00:00:00.485075 Drag and drop mode: Off
00:00:00.492260 Audio: Detected default audio driver type is 'ALSAAudio'
00:00:00.496071 ERROR [COM]: aRC=VBOX_E_IPRT_ERROR (0x80bb0005) aIID={6ac83d89-6ee7-4e33-8ae6-b257b2e81be8} aComponent={ConsoleWrap} aText={The VBoxGuestPropSvc service call failed with the error VERR_HGCM_SERVICE_NOT_FOUND}, preserve=false aResultDetail=-2900
00:00:00.496234 ************************* CFGM dump *************************
00:00:00.496238 [/] (level 0)
00:00:00.496240   CpuExecutionCap   <integer> = 0x0000000000000064 (100)
00:00:00.496242   EnablePAE         <integer> = 0x0000000000000001 (1)
00:00:00.496243   HMEnabled         <integer> = 0x0000000000000001 (1)
00:00:00.496244   MemBalloonSize    <integer> = 0x0000000000000000 (0, 0 B)
00:00:00.496245   Name              <string>  = "Uppgift Labbmiljö Ubuntu " (cb=27)
00:00:00.496246   NumCPUs           <integer> = 0x0000000000000001 (1)
00:00:00.496247   PageFusionAllowed <integer> = 0x0000000000000000 (0)
00:00:00.496247   RamHoleSize       <integer> = 0x0000000020000000 (536 870 912, 512.0 MiB)
00:00:00.496249   RamSize           <integer> = 0x0000000080000000 (2 147 483 648, 2.0 GiB)
00:00:00.496250   TimerMillies      <integer> = 0x000000000000000a (10)
00:00:00.496250   UUID              <bytes>   = "27 ea a1 93 ac ce 51 4b 83 58 d4 85 da d4 43 9d" (cb=16)
00:00:00.496252 
00:00:00.496253 [/CPUM/] (level 1)
00:00:00.496254   Enable64bit        <integer> = 0x0000000000000001 (1)
00:00:00.496254   GuestCpuName       <string>  = "host" (cb=5)
00:00:00.496255   NestedHWVirt       <integer> = 0x0000000000000000 (0)
00:00:00.496255   PortableCpuIdLevel <integer> = 0x0000000000000000 (0)
00:00:00.496256   SpecCtrl           <integer> = 0x0000000000000000 (0)
00:00:00.496256 
00:00:00.496256 [/CPUM/IsaExts/] (level 2)
00:00:00.496257 
00:00:00.496257 [/DBGC/] (level 1)
00:00:00.496258   GlobalInitScript <string>  = "/home/tsukuyomi/.config/VirtualBox/dbgc-init" (cb=45)
00:00:00.496259   HistoryFile      <string>  = "/home/tsukuyomi/.config/VirtualBox/dbgc-history" (cb=48)
00:00:00.496259   LocalInitScript  <string>  = "/home/tsukuyomi/Documents/School/Uppgift-labbmiljö/Uppgift Labbmiljö Ubuntu_/dbgc-init" (cb=89)
00:00:00.496260 
00:00:00.496260 [/DBGF/] (level 1)
00:00:00.496260   Path <string>  = "/home/tsukuyomi/Documents/School/Uppgift-labbmiljö/Uppgift Labbmiljö Ubuntu_/debug/;/home/tsukuyomi/Documents/School/Uppgift-labbmiljö/Uppgift Labbmiljö Ubuntu_/;cache*/home/tsukuyomi/Documents/School/Uppgift-labbmiljö/Uppgift Labbmiljö Ubuntu_/dbgcache/;/home/tsukuyomi/" (cb=278)
00:00:00.496261 
00:00:00.496261 [/Devices/] (level 1)
00:00:00.496262 
00:00:00.496262 [/Devices/3c501/] (level 2)
00:00:00.496262 
00:00:00.496262 [/Devices/8237A/] (level 2)
00:00:00.496263 
00:00:00.496263 [/Devices/8237A/0/] (level 3)
00:00:00.496264   Trusted <integer> = 0x0000000000000001 (1)
00:00:00.496265 
00:00:00.496265 [/Devices/GIMDev/] (level 2)
00:00:00.496265 
00:00:00.496265 [/Devices/GIMDev/0/] (level 3)
00:00:00.496266   Trusted <integer> = 0x0000000000000001 (1)
00:00:00.496267 
00:00:00.496267 [/Devices/VMMDev/] (level 2)
00:00:00.496267 
00:00:00.496268 [/Devices/VMMDev/0/] (level 3)
00:00:00.496268   PCIBusNo      <integer> = 0x0000000000000000 (0)
00:00:00.496269   PCIDeviceNo   <integer> = 0x0000000000000004 (4)
00:00:00.496269   PCIFunctionNo <integer> = 0x0000000000000000 (0)
00:00:00.496270   Trusted       <integer> = 0x0000000000000001 (1)
00:00:00.496270 
00:00:00.496270 [/Devices/VMMDev/0/Config/] (level 4)
00:00:00.496271   GuestCoreDumpDir <string>  = "/home/tsukuyomi/Documents/School/Uppgift-labbmiljö/Uppgift Labbmiljö Ubuntu_/Snapshots" (cb=89)
00:00:00.496272 
00:00:00.496272 [/Devices/VMMDev/0/LUN#0/] (level 4)
00:00:00.496273   Driver <string>  = "HGCM" (cb=5)
00:00:00.496273 
00:00:00.496273 [/Devices/VMMDev/0/LUN#0/Config/] (level 5)
00:00:00.496274 
00:00:00.496274 [/Devices/VMMDev/0/LUN#999/] (level 4)
00:00:00.496275   Driver <string>  = "MainStatus" (cb=11)
00:00:00.496275 
00:00:00.496276 [/Devices/VMMDev/0/LUN#999/Config/] (level 5)
00:00:00.496276   First                <integer> = 0x0000000000000000 (0)
00:00:00.496277   HasMediumAttachments <integer> = 0x0000000000000000 (0)
00:00:00.496278   Last                 <integer> = 0x0000000000000000 (0)
00:00:00.496278   iLedSet              <integer> = 0x0000000000000007 (7)
00:00:00.496279 
00:00:00.496279 [/Devices/acpi/] (level 2)
00:00:00.496279 
00:00:00.496280 [/Devices/acpi/0/] (level 3)
00:00:00.496280   PCIBusNo      <integer> = 0x0000000000000000 (0)
00:00:00.496281   PCIDeviceNo   <integer> = 0x0000000000000007 (7)
00:00:00.496281   PCIFunctionNo <integer> = 0x0000000000000000 (0)
00:00:00.496282   Trusted       <integer> = 0x0000000000000001 (1)
00:00:00.496282 
00:00:00.496282 [/Devices/acpi/0/Config/] (level 4)
00:00:00.496283   CpuHotPlug          <integer> = 0x0000000000000000 (0)
00:00:00.496284   FdcEnabled          <integer> = 0x0000000000000000 (0)
00:00:00.496284   HostBusPciAddress   <integer> = 0x0000000000000000 (0)
00:00:00.496285   HpetEnabled         <integer> = 0x0000000000000000 (0)
00:00:00.496285   IOAPIC              <integer> = 0x0000000000000001 (1)
00:00:00.496286   IocPciAddress       <integer> = 0x0000000000010000 (65 536)
00:00:00.496286   NumCPUs             <integer> = 0x0000000000000001 (1)
00:00:00.496287   Parallel0IoPortBase <integer> = 0x0000000000000000 (0)
00:00:00.496287   Parallel0Irq        <integer> = 0x0000000000000000 (0)
00:00:00.496288   Parallel1IoPortBase <integer> = 0x0000000000000000 (0)
00:00:00.496288   Parallel1Irq        <integer> = 0x0000000000000000 (0)
00:00:00.496289   Serial0IoPortBase   <integer> = 0x0000000000000000 (0)
00:00:00.496289   Serial0Irq          <integer> = 0x0000000000000000 (0)
00:00:00.496290   Serial1IoPortBase   <integer> = 0x0000000000000000 (0)
00:00:00.496290   Serial1Irq          <integer> = 0x0000000000000000 (0)
00:00:00.496291   ShowCpu             <integer> = 0x0000000000000001 (1)
00:00:00.496291   ShowRtc             <integer> = 0x0000000000000000 (0)
00:00:00.496292   SmcEnabled          <integer> = 0x0000000000000000 (0)
00:00:00.496292 
00:00:00.496292 [/Devices/acpi/0/LUN#0/] (level 4)
00:00:00.496293   Driver <string>  = "ACPIHost" (cb=9)
00:00:00.496294 
00:00:00.496294 [/Devices/acpi/0/LUN#0/Config/] (level 5)
00:00:00.496295 
00:00:00.496295 [/Devices/ahci/] (level 2)
00:00:00.496295 
00:00:00.496295 [/Devices/ahci/0/] (level 3)
00:00:00.496296   PCIBusNo      <integer> = 0x0000000000000000 (0)
00:00:00.496297   PCIDeviceNo   <integer> = 0x000000000000000d (13)
00:00:00.496297   PCIFunctionNo <integer> = 0x0000000000000000 (0)
00:00:00.496298   Trusted       <integer> = 0x0000000000000001 (1)
00:00:00.496298 
00:00:00.496298 [/Devices/ahci/0/Config/] (level 4)
00:00:00.496299   Bootable  <integer> = 0x0000000000000001 (1)
00:00:00.496299   PortCount <integer> = 0x0000000000000001 (1)
00:00:00.496300 
00:00:00.496300 [/Devices/ahci/0/Config/Port0/] (level 5)
00:00:00.496301   Hotpluggable <integer> = 0x0000000000000000 (0)
00:00:00.496301 
00:00:00.496301 [/Devices/ahci/0/LUN#0/] (level 4)
00:00:00.496302   Driver <string>  = "VD" (cb=3)
00:00:00.496302 
00:00:00.496303 [/Devices/ahci/0/LUN#0/Config/] (level 5)
00:00:00.496303   BlockCache <integer> = 0x0000000000000001 (1)
00:00:00.496304   Format     <string>  = "VDI" (cb=4)
00:00:00.496304   Mountable  <integer> = 0x0000000000000000 (0)
00:00:00.496305   Path       <string>  = "/home/tsukuyomi/Documents/School/Uppgift-labbmiljö/Uppgift Labbmiljö Ubuntu_/Uppgift Labbmiljö Ubuntu_.vdi" (cb=110)
00:00:00.496305   Type       <string>  = "HardDisk" (cb=9)
00:00:00.496306   UseNewIo   <integer> = 0x0000000000000001 (1)
00:00:00.496306 
00:00:00.496307 [/Devices/ahci/0/LUN#0/Config/VDConfig/] (level 6)
00:00:00.496308   AllocationBlockSize <string>  = "1048576" (cb=8)
00:00:00.496308 
00:00:00.496308 [/Devices/ahci/0/LUN#999/] (level 4)
00:00:00.496309   Driver <string>  = "MainStatus" (cb=11)
00:00:00.496309 
00:00:00.496310 [/Devices/ahci/0/LUN#999/Config/] (level 5)
00:00:00.496310   DeviceInstance       <string>  = "ahci/0" (cb=7)
00:00:00.496311   First                <integer> = 0x0000000000000000 (0)
00:00:00.496311   HasMediumAttachments <integer> = 0x0000000000000001 (1)
00:00:00.496312   Last                 <integer> = 0x0000000000000000 (0)
00:00:00.496312   iLedSet              <integer> = 0x0000000000000004 (4)
00:00:00.496313 
00:00:00.496313 [/Devices/apic/] (level 2)
00:00:00.496314 
00:00:00.496314 [/Devices/apic/0/] (level 3)
00:00:00.496315   Trusted <integer> = 0x0000000000000001 (1)
00:00:00.496315 
00:00:00.496315 [/Devices/apic/0/Config/] (level 4)
00:00:00.496316   IOAPIC  <integer> = 0x0000000000000001 (1)
00:00:00.496316   Mode    <integer> = 0x0000000000000003 (3)
00:00:00.496317   NumCPUs <integer> = 0x0000000000000001 (1)
00:00:00.496317 
00:00:00.496317 [/Devices/dp8390/] (level 2)
00:00:00.496318 
00:00:00.496318 [/Devices/e1000/] (level 2)
00:00:00.496319 
00:00:00.496319 [/Devices/e1000/0/] (level 3)
00:00:00.496319   PCIBusNo      <integer> = 0x0000000000000000 (0)
00:00:00.496320   PCIDeviceNo   <integer> = 0x0000000000000003 (3)
00:00:00.496320   PCIFunctionNo <integer> = 0x0000000000000000 (0)
00:00:00.496321   Trusted       <integer> = 0x0000000000000001 (1)
00:00:00.496321 
00:00:00.496321 [/Devices/e1000/0/Config/] (level 4)
00:00:00.496322   AdapterType    <integer> = 0x0000000000000000 (0)
00:00:00.496322   CableConnected <integer> = 0x0000000000000001 (1)
00:00:00.496323   LineSpeed      <integer> = 0x0000000000000000 (0)
00:00:00.496323   MAC            <bytes>   = "08 00 27 55 9a 94" (cb=6)
00:00:00.496324 
00:00:00.496325 [/Devices/e1000/0/LUN#0/] (level 4)
00:00:00.496325   Driver <string>  = "NAT" (cb=4)
00:00:00.496326 
00:00:00.496326 [/Devices/e1000/0/LUN#0/Config/] (level 5)
00:00:00.496327   AliasMode          <integer> = 0x0000000000000000 (0)
00:00:00.496327   DNSProxy           <integer> = 0x0000000000000000 (0)
00:00:00.496328   EnableTFTP         <integer> = 0x0000000000000000 (0)
00:00:00.496328   ForwardBroadcast   <integer> = 0x0000000000000000 (0)
00:00:00.496329   LocalhostReachable <integer> = 0x0000000000000000 (0)
00:00:00.496329   Network            <string>  = "10.0.2.0/24" (cb=12)
00:00:00.496330   PassDomain         <integer> = 0x0000000000000001 (1)
00:00:00.496330   UseHostResolver    <integer> = 0x0000000000000000 (0)
00:00:00.496331 
00:00:00.496331 [/Devices/e1000/0/LUN#999/] (level 4)
00:00:00.496332   Driver <string>  = "MainStatus" (cb=11)
00:00:00.496332 
00:00:00.496332 [/Devices/e1000/0/LUN#999/Config/] (level 5)
00:00:00.496333   First                <integer> = 0x0000000000000000 (0)
00:00:00.496333   HasMediumAttachments <integer> = 0x0000000000000000 (0)
00:00:00.496334   Last                 <integer> = 0x0000000000000000 (0)
00:00:00.496334   iLedSet              <integer> = 0x0000000000000005 (5)
00:00:00.496335 
00:00:00.496335 [/Devices/e1000/1/] (level 3)
00:00:00.496336   PCIBusNo      <integer> = 0x0000000000000000 (0)
00:00:00.496336   PCIDeviceNo   <integer> = 0x0000000000000008 (8)
00:00:00.496337   PCIFunctionNo <integer> = 0x0000000000000000 (0)
00:00:00.496337   Trusted       <integer> = 0x0000000000000001 (1)
00:00:00.496338 
00:00:00.496338 [/Devices/e1000/1/Config/] (level 4)
00:00:00.496338   AdapterType    <integer> = 0x0000000000000000 (0)
00:00:00.496339   CableConnected <integer> = 0x0000000000000001 (1)
00:00:00.496339   LineSpeed      <integer> = 0x0000000000000000 (0)
00:00:00.496340   MAC            <bytes>   = "08 00 27 57 cd b5" (cb=6)
00:00:00.496341 
00:00:00.496341 [/Devices/e1000/1/LUN#0/] (level 4)
00:00:00.496342   Driver <string>  = "IntNet" (cb=7)
00:00:00.496342 
00:00:00.496342 [/Devices/e1000/1/LUN#0/Config/] (level 5)
00:00:00.496343   IfPolicyPromisc <string>  = "deny" (cb=5)
00:00:00.496343   Network         <string>  = "labnet" (cb=7)
00:00:00.496344   TrunkType       <integer> = 0x0000000000000002 (2)
00:00:00.496344 
00:00:00.496345 [/Devices/e1000/1/LUN#999/] (level 4)
00:00:00.496345   Driver <string>  = "MainStatus" (cb=11)
00:00:00.496346 
00:00:00.496346 [/Devices/e1000/1/LUN#999/Config/] (level 5)
00:00:00.496346   First                <integer> = 0x0000000000000000 (0)
00:00:00.496347   HasMediumAttachments <integer> = 0x0000000000000000 (0)
00:00:00.496347   Last                 <integer> = 0x0000000000000000 (0)
00:00:00.496348   iLedSet              <integer> = 0x0000000000000006 (6)
00:00:00.496349 
00:00:00.496349 [/Devices/i8254/] (level 2)
00:00:00.496349 
00:00:00.496350 [/Devices/i8254/0/] (level 3)
00:00:00.496350 
00:00:00.496350 [/Devices/i8254/0/Config/] (level 4)
00:00:00.496351 
00:00:00.496351 [/Devices/i8259/] (level 2)
00:00:00.496352 
00:00:00.496352 [/Devices/i8259/0/] (level 3)
00:00:00.496353   Trusted <integer> = 0x0000000000000001 (1)
00:00:00.496353 
00:00:00.496353 [/Devices/i8259/0/Config/] (level 4)
00:00:00.496354 
00:00:00.496354 [/Devices/ichac97/] (level 2)
00:00:00.496354 
00:00:00.496355 [/Devices/ichac97/0/] (level 3)
00:00:00.496355   PCIBusNo      <integer> = 0x0000000000000000 (0)
00:00:00.496356   PCIDeviceNo   <integer> = 0x0000000000000005 (5)
00:00:00.496356   PCIFunctionNo <integer> = 0x0000000000000000 (0)
00:00:00.496357   Trusted       <integer> = 0x0000000000000001 (1)
00:00:00.496357 
00:00:00.496357 [/Devices/ichac97/0/AudioConfig/] (level 4)
00:00:00.496358 
00:00:00.496358 [/Devices/ichac97/0/Config/] (level 4)
00:00:00.496359   Codec        <string>  = "AD1980" (cb=7)
00:00:00.496359   DebugEnabled <integer> = 0x0000000000000000 (0)
00:00:00.496360 
00:00:00.496360 [/Devices/ichac97/0/LUN#0/] (level 4)
00:00:00.496361   Driver <string>  = "AUDIO" (cb=6)
00:00:00.496361 
00:00:00.496361 [/Devices/ichac97/0/LUN#0/AttachedDriver/] (level 5)
00:00:00.496362   Driver <string>  = "ALSAAudio" (cb=10)
00:00:00.496362 
00:00:00.496362 [/Devices/ichac97/0/LUN#0/AttachedDriver/Config/] (level 6)
00:00:00.496363 
00:00:00.496364 [/Devices/ichac97/0/LUN#0/Config/] (level 5)
00:00:00.496364   DriverName    <string>  = "ALSAAudio" (cb=10)
00:00:00.496365   InputEnabled  <integer> = 0x0000000000000000 (0)
00:00:00.496365   OutputEnabled <integer> = 0x0000000000000001 (1)
00:00:00.496366 
00:00:00.496366 [/Devices/ichac97/0/LUN#1/] (level 4)
00:00:00.496367   Driver <string>  = "AUDIO" (cb=6)
00:00:00.496367 
00:00:00.496367 [/Devices/ichac97/0/LUN#2/] (level 4)
00:00:00.496368   Driver <string>  = "AUDIO" (cb=6)
00:00:00.496368 
00:00:00.496368 [/Devices/ioapic/] (level 2)
00:00:00.496369 
00:00:00.496369 [/Devices/ioapic/0/] (level 3)
00:00:00.496370   Trusted <integer> = 0x0000000000000001 (1)
00:00:00.496370 
00:00:00.496370 [/Devices/ioapic/0/Config/] (level 4)
00:00:00.496371   NumCPUs <integer> = 0x0000000000000001 (1)
00:00:00.496371 
00:00:00.496371 [/Devices/mc146818/] (level 2)
00:00:00.496372 
00:00:00.496372 [/Devices/mc146818/0/] (level 3)
00:00:00.496373 
00:00:00.496373 [/Devices/mc146818/0/Config/] (level 4)
00:00:00.496374   UseUTC <integer> = 0x0000000000000001 (1)
00:00:00.496374 
00:00:00.496374 [/Devices/parallel/] (level 2)
00:00:00.496375 
00:00:00.496375 [/Devices/pcarch/] (level 2)
00:00:00.496375 
00:00:00.496376 [/Devices/pcarch/0/] (level 3)
00:00:00.496376   Trusted <integer> = 0x0000000000000001 (1)
00:00:00.496377 
00:00:00.496377 [/Devices/pcarch/0/Config/] (level 4)
00:00:00.496377 
00:00:00.496378 [/Devices/pcbios/] (level 2)
00:00:00.496378 
00:00:00.496378 [/Devices/pcbios/0/] (level 3)
00:00:00.496379   Trusted <integer> = 0x0000000000000001 (1)
00:00:00.496379 
00:00:00.496379 [/Devices/pcbios/0/Config/] (level 4)
00:00:00.496381   APIC               <integer> = 0x0000000000000001 (1)
00:00:00.496382   BootDevice0        <string>  = "FLOPPY" (cb=7)
00:00:00.496383   BootDevice1        <string>  = "DVD" (cb=4)
00:00:00.496383   BootDevice2        <string>  = "IDE" (cb=4)
00:00:00.496383   BootDevice3        <string>  = "NONE" (cb=5)
00:00:00.496384   DmiSystemSerial    <string>  = "VirtualBox-<DmiSystemUuid>" (cb=27)
00:00:00.496384   FloppyDevice       <string>  = "i82078" (cb=7)
00:00:00.496385   HardDiskDevice     <string>  = "piix3ide" (cb=9)
00:00:00.496385   IOAPIC             <integer> = 0x0000000000000001 (1)
00:00:00.496386   McfgBase           <integer> = 0x0000000000000000 (0)
00:00:00.496386   McfgLength         <integer> = 0x0000000000000000 (0)
00:00:00.496387   NumCPUs            <integer> = 0x0000000000000001 (1)
00:00:00.496387   PXEDebug           <integer> = 0x0000000000000000 (0)
00:00:00.496388   SataHardDiskDevice <string>  = "ahci" (cb=5)
00:00:00.496388   SataLUN1           <integer> = 0x0000000000000000 (0)
00:00:00.496389   UUID               <bytes>   = "27 ea a1 93 ac ce 51 4b 83 58 d4 85 da d4 43 9d" (cb=16)
00:00:00.496390   UuidLe             <integer> = 0x0000000000000001 (1)
00:00:00.496391 
00:00:00.496391 [/Devices/pcbios/0/Config/NetBoot/] (level 5)
00:00:00.496392 
00:00:00.496392 [/Devices/pcbios/0/Config/NetBoot/0/] (level 6)
00:00:00.496393   NIC           <integer> = 0x0000000000000000 (0)
00:00:00.496394   PCIBusNo      <integer> = 0x0000000000000000 (0)
00:00:00.496394   PCIDeviceNo   <integer> = 0x0000000000000003 (3)
00:00:00.496394   PCIFunctionNo <integer> = 0x0000000000000000 (0)
00:00:00.496395 
00:00:00.496395 [/Devices/pci/] (level 2)
00:00:00.496396 
00:00:00.496396 [/Devices/pci/0/] (level 3)
00:00:00.496397   Trusted <integer> = 0x0000000000000001 (1)
00:00:00.496397 
00:00:00.496397 [/Devices/pci/0/Config/] (level 4)
00:00:00.496398   IOAPIC <integer> = 0x0000000000000001 (1)
00:00:00.496398 
00:00:00.496398 [/Devices/pcibridge/] (level 2)
00:00:00.496399 
00:00:00.496399 [/Devices/pckbd/] (level 2)
00:00:00.496400 
00:00:00.496400 [/Devices/pckbd/0/] (level 3)
00:00:00.496400   Trusted <integer> = 0x0000000000000001 (1)
00:00:00.496401 
00:00:00.496401 [/Devices/pckbd/0/Config/] (level 4)
00:00:00.496402 
00:00:00.496402 [/Devices/pckbd/0/LUN#0/] (level 4)
00:00:00.496403   Driver <string>  = "KeyboardQueue" (cb=14)
00:00:00.496403 
00:00:00.496403 [/Devices/pckbd/0/LUN#0/AttachedDriver/] (level 5)
00:00:00.496404   Driver <string>  = "MainKeyboard" (cb=13)
00:00:00.496404 
00:00:00.496404 [/Devices/pckbd/0/LUN#0/Config/] (level 5)
00:00:00.496405   QueueSize <integer> = 0x0000000000000040 (64, 64 B)
00:00:00.496406 
00:00:00.496406 [/Devices/pckbd/0/LUN#1/] (level 4)
00:00:00.496407   Driver <string>  = "MouseQueue" (cb=11)
00:00:00.496407 
00:00:00.496407 [/Devices/pckbd/0/LUN#1/AttachedDriver/] (level 5)
00:00:00.496408   Driver <string>  = "MainMouse" (cb=10)
00:00:00.496408 
00:00:00.496408 [/Devices/pckbd/0/LUN#1/Config/] (level 5)
00:00:00.496409   QueueSize <integer> = 0x0000000000000080 (128, 128 B)
00:00:00.496410 
00:00:00.496410 [/Devices/pcnet/] (level 2)
00:00:00.496411 
00:00:00.496411 [/Devices/piix3ide/] (level 2)
00:00:00.496411 
00:00:00.496412 [/Devices/piix3ide/0/] (level 3)
00:00:00.496412   PCIBusNo      <integer> = 0x0000000000000000 (0)
00:00:00.496413   PCIDeviceNo   <integer> = 0x0000000000000001 (1)
00:00:00.496413   PCIFunctionNo <integer> = 0x0000000000000001 (1)
00:00:00.496414   Trusted       <integer> = 0x0000000000000001 (1)
00:00:00.496414 
00:00:00.496414 [/Devices/piix3ide/0/Config/] (level 4)
00:00:00.496415   Type <string>  = "PIIX4" (cb=6)
00:00:00.496416 
00:00:00.496416 [/Devices/piix3ide/0/LUN#0/] (level 4)
00:00:00.496416   Driver <string>  = "VD" (cb=3)
00:00:00.496417 
00:00:00.496417 [/Devices/piix3ide/0/LUN#0/Config/] (level 5)
00:00:00.496418   Format    <string>  = "RAW" (cb=4)
00:00:00.496419   Mountable <integer> = 0x0000000000000001 (1)
00:00:00.496419   Path      <string>  = "/home/tsukuyomi/Downloads/ISOs/ubuntu-26.04-live-server-amd64.iso" (cb=66)
00:00:00.496419   ReadOnly  <integer> = 0x0000000000000001 (1)
00:00:00.496420   Type      <string>  = "DVD" (cb=4)
00:00:00.496420 
00:00:00.496420 [/Devices/piix3ide/0/LUN#999/] (level 4)
00:00:00.496421   Driver <string>  = "MainStatus" (cb=11)
00:00:00.496421 
00:00:00.496422 [/Devices/piix3ide/0/LUN#999/Config/] (level 5)
00:00:00.496423   DeviceInstance       <string>  = "piix3ide/0" (cb=11)
00:00:00.496423   First                <integer> = 0x0000000000000000 (0)
00:00:00.496424   HasMediumAttachments <integer> = 0x0000000000000001 (1)
00:00:00.496424   Last                 <integer> = 0x0000000000000003 (3)
00:00:00.496425   iLedSet              <integer> = 0x0000000000000003 (3)
00:00:00.496425 
00:00:00.496426 [/Devices/serial/] (level 2)
00:00:00.496426 
00:00:00.496426 [/Devices/usb-ehci/] (level 2)
00:00:00.496427 
00:00:00.496427 [/Devices/usb-ehci/0/] (level 3)
00:00:00.496428   PCIBusNo      <integer> = 0x0000000000000000 (0)
00:00:00.496429   PCIDeviceNo   <integer> = 0x000000000000000b (11)
00:00:00.496429   PCIFunctionNo <integer> = 0x0000000000000000 (0)
00:00:00.496429   Trusted       <integer> = 0x0000000000000001 (1)
00:00:00.496430 
00:00:00.496430 [/Devices/usb-ehci/0/Config/] (level 4)
00:00:00.496431 
00:00:00.496431 [/Devices/usb-ehci/0/LUN#0/] (level 4)
00:00:00.496431   Driver <string>  = "VUSBRootHub" (cb=12)
00:00:00.496432 
00:00:00.496432 [/Devices/usb-ehci/0/LUN#0/Config/] (level 5)
00:00:00.496433 
00:00:00.496433 [/Devices/usb-ehci/0/LUN#999/] (level 4)
00:00:00.496434   Driver <string>  = "MainStatus" (cb=11)
00:00:00.496434 
00:00:00.496434 [/Devices/usb-ehci/0/LUN#999/Config/] (level 5)
00:00:00.496435   First                <integer> = 0x0000000000000000 (0)
00:00:00.496435   HasMediumAttachments <integer> = 0x0000000000000000 (0)
00:00:00.496436   Last                 <integer> = 0x0000000000000000 (0)
00:00:00.496436   iLedSet              <integer> = 0x0000000000000002 (2)
00:00:00.496437 
00:00:00.496437 [/Devices/usb-ohci/] (level 2)
00:00:00.496438 
00:00:00.496438 [/Devices/usb-ohci/0/] (level 3)
00:00:00.496438   PCIBusNo      <integer> = 0x0000000000000000 (0)
00:00:00.496439   PCIDeviceNo   <integer> = 0x0000000000000006 (6)
00:00:00.496439   PCIFunctionNo <integer> = 0x0000000000000000 (0)
00:00:00.496440   Trusted       <integer> = 0x0000000000000001 (1)
00:00:00.496440 
00:00:00.496440 [/Devices/usb-ohci/0/Config/] (level 4)
00:00:00.496441 
00:00:00.496441 [/Devices/usb-ohci/0/LUN#0/] (level 4)
00:00:00.496442   Driver <string>  = "VUSBRootHub" (cb=12)
00:00:00.496442 
00:00:00.496442 [/Devices/usb-ohci/0/LUN#0/Config/] (level 5)
00:00:00.496443 
00:00:00.496443 [/Devices/usb-ohci/0/LUN#999/] (level 4)
00:00:00.496444   Driver <string>  = "MainStatus" (cb=11)
00:00:00.496444 
00:00:00.496444 [/Devices/usb-ohci/0/LUN#999/Config/] (level 5)
00:00:00.496445   First                <integer> = 0x0000000000000000 (0)
00:00:00.496445   HasMediumAttachments <integer> = 0x0000000000000000 (0)
00:00:00.496446   Last                 <integer> = 0x0000000000000000 (0)
00:00:00.496447   iLedSet              <integer> = 0x0000000000000001 (1)
00:00:00.496447 
00:00:00.496447 [/Devices/vga/] (level 2)
00:00:00.496448 
00:00:00.496448 [/Devices/vga/0/] (level 3)
00:00:00.496449   PCIBusNo      <integer> = 0x0000000000000000 (0)
00:00:00.496449   PCIDeviceNo   <integer> = 0x0000000000000002 (2)
00:00:00.496450   PCIFunctionNo <integer> = 0x0000000000000000 (0)
00:00:00.496450   Trusted       <integer> = 0x0000000000000001 (1)
00:00:00.496451 
00:00:00.496451 [/Devices/vga/0/Config/] (level 4)
00:00:00.496452   3DEnabled             <integer> = 0x0000000000000000 (0)
00:00:00.496453   CustomVideoModes      <integer> = 0x0000000000000000 (0)
00:00:00.496453   FadeIn                <integer> = 0x0000000000000001 (1)
00:00:00.496454   FadeOut               <integer> = 0x0000000000000001 (1)
00:00:00.496454   HeightReduction       <integer> = 0x0000000000000000 (0)
00:00:00.496455   LogoFile              <string>  = "" (cb=1)
00:00:00.496455   LogoTime              <integer> = 0x0000000000000000 (0)
00:00:00.496456   MonitorCount          <integer> = 0x0000000000000001 (1)
00:00:00.496456   ShowBootMenu          <integer> = 0x0000000000000002 (2)
00:00:00.496457   VMSVGA3dEnabled       <integer> = 0x0000000000000000 (0)
00:00:00.496457   VMSVGAEnabled         <integer> = 0x0000000000000001 (1)
00:00:00.496458   VMSVGAPciBarLayout    <integer> = 0x0000000000000001 (1)
00:00:00.496458   VMSVGAPciId           <integer> = 0x0000000000000001 (1)
00:00:00.496459   VRamSize              <integer> = 0x0000000001000000 (16 777 216, 16.0 MiB)
00:00:00.496460   VmSvga3               <integer> = 0x0000000000000000 (0)
00:00:00.496461   VmSvgaExposeLegacyVga <integer> = 0x0000000000000001 (1)
00:00:00.496461 
00:00:00.496461 [/Devices/vga/0/LUN#0/] (level 4)
00:00:00.496462   Driver <string>  = "MainDisplay" (cb=12)
00:00:00.496462 
00:00:00.496462 [/Devices/vga/0/LUN#0/Config/] (level 5)
00:00:00.496463 
00:00:00.496463 [/Devices/vga/0/LUN#999/] (level 4)
00:00:00.496464   Driver <string>  = "MainStatus" (cb=11)
00:00:00.496464 
00:00:00.496465 [/Devices/vga/0/LUN#999/Config/] (level 5)
00:00:00.496465   First                <integer> = 0x0000000000000000 (0)
00:00:00.496466   HasMediumAttachments <integer> = 0x0000000000000000 (0)
00:00:00.496466   Last                 <integer> = 0x0000000000000000 (0)
00:00:00.496467   iLedSet              <integer> = 0x0000000000000000 (0)
00:00:00.496467 
00:00:00.496468 [/Devices/virtio-net/] (level 2)
00:00:00.496468 
00:00:00.496468 [/EM/] (level 1)
00:00:00.496469   TripleFaultReset <integer> = 0x0000000000000000 (0)
00:00:00.496469 
00:00:00.496469 [/GCM/] (level 1)
00:00:00.496470   MesaVmsvgaDrv <integer> = 0x0000000000000001 (1)
00:00:00.496470 
00:00:00.496471 [/GIM/] (level 1)
00:00:00.496471   Provider <string>  = "KVM" (cb=4)
00:00:00.496472 
00:00:00.496472 [/HM/] (level 1)
00:00:00.496473   64bitEnabled            <integer> = 0x0000000000000001 (1)
00:00:00.496473   EnableLargePages        <integer> = 0x0000000000000000 (0)
00:00:00.496474   EnableNestedPaging      <integer> = 0x0000000000000001 (1)
00:00:00.496474   EnableUX                <integer> = 0x0000000000000001 (1)
00:00:00.496475   EnableVPID              <integer> = 0x0000000000000001 (1)
00:00:00.496475   Exclusive               <integer> = 0x0000000000000000 (0)
00:00:00.496476   HMForced                <integer> = 0x0000000000000001 (1)
00:00:00.496477   IBPBOnVMEntry           <integer> = 0x0000000000000000 (0)
00:00:00.496477   IBPBOnVMExit            <integer> = 0x0000000000000000 (0)
00:00:00.496478   L1DFlushOnSched         <integer> = 0x0000000000000001 (1)
00:00:00.496478   L1DFlushOnVMEntry       <integer> = 0x0000000000000000 (0)
00:00:00.496479   LovelyMesaDrvWorkaround <integer> = 0x0000000000000001 (1)
00:00:00.496479   MDSClearOnSched         <integer> = 0x0000000000000001 (1)
00:00:00.496479   MDSClearOnVMEntry       <integer> = 0x0000000000000000 (0)
00:00:00.496480   SpecCtrlByHost          <integer> = 0x0000000000000000 (0)
00:00:00.496480   SvmVirtVmsaveVmload     <integer> = 0x0000000000000000 (0)
00:00:00.496481   UseNEMInstead           <integer> = 0x0000000000000000 (0)
00:00:00.496481 
00:00:00.496482 [/MM/] (level 1)
00:00:00.496482   CanUseLargerHeap <integer> = 0x0000000000000000 (0)
00:00:00.496482 
00:00:00.496483 [/NEM/] (level 1)
00:00:00.496483   Allow64BitGuests        <integer> = 0x0000000000000001 (1)
00:00:00.496484   IBPBOnVMEntry           <integer> = 0x0000000000000000 (0)
00:00:00.496484   IBPBOnVMExit            <integer> = 0x0000000000000000 (0)
00:00:00.496485   L1DFlushOnSched         <integer> = 0x0000000000000001 (1)
00:00:00.496485   L1DFlushOnVMEntry       <integer> = 0x0000000000000000 (0)
00:00:00.496486   LovelyMesaDrvWorkaround <integer> = 0x0000000000000001 (1)
00:00:00.496486   MDSClearOnSched         <integer> = 0x0000000000000001 (1)
00:00:00.496487   MDSClearOnVMEntry       <integer> = 0x0000000000000000 (0)
00:00:00.496487 
00:00:00.496487 [/PDM/] (level 1)
00:00:00.496488 
00:00:00.496488 [/PDM/AsyncCompletion/] (level 2)
00:00:00.496489 
00:00:00.496489 [/PDM/AsyncCompletion/File/] (level 3)
00:00:00.496490 
00:00:00.496490 [/PDM/AsyncCompletion/File/BwGroups/] (level 4)
00:00:00.496490 
00:00:00.496491 [/PDM/BlkCache/] (level 2)
00:00:00.496491   CacheSize <integer> = 0x0000000000500000 (5 242 880, 5.0 MiB)
00:00:00.496492 
00:00:00.496492 [/PDM/Devices/] (level 2)
00:00:00.496493 
00:00:00.496493 [/PDM/Drivers/] (level 2)
00:00:00.496493 
00:00:00.496493 [/PDM/Drivers/VBoxC/] (level 3)
00:00:00.496494   Path <string>  = "/usr/lib/virtualbox/components/VBoxC" (cb=37)
00:00:00.496495 
00:00:00.496495 [/PDM/NetworkShaper/] (level 2)
00:00:00.496495 
00:00:00.496495 [/PDM/NetworkShaper/BwGroups/] (level 3)
00:00:00.496496 
00:00:00.496496 [/TM/] (level 1)
00:00:00.496497   UTCOffset <integer> = 0x0000000000000000 (0)
00:00:00.496497 
00:00:00.496497 [/USB/] (level 1)
00:00:00.496498 
00:00:00.496498 [/USB/HidMouse/] (level 2)
00:00:00.496498 
00:00:00.496499 [/USB/HidMouse/0/] (level 3)
00:00:00.496499 
00:00:00.496499 [/USB/HidMouse/0/Config/] (level 4)
00:00:00.496500   Mode <string>  = "absolute" (cb=9)
00:00:00.496500 
00:00:00.496501 [/USB/HidMouse/0/LUN#0/] (level 4)
00:00:00.496501   Driver <string>  = "MouseQueue" (cb=11)
00:00:00.496502 
00:00:00.496502 [/USB/HidMouse/0/LUN#0/AttachedDriver/] (level 5)
00:00:00.496503   Driver <string>  = "MainMouse" (cb=10)
00:00:00.496503 
00:00:00.496503 [/USB/HidMouse/0/LUN#0/Config/] (level 5)
00:00:00.496504   QueueSize <integer> = 0x0000000000000080 (128, 128 B)
00:00:00.496504 
00:00:00.496505 [/USB/USBProxy/] (level 2)
00:00:00.496505 
00:00:00.496505 [/USB/USBProxy/GlobalConfig/] (level 3)
00:00:00.496506 
00:00:00.496506 ********************* End of CFGM dump **********************
00:00:00.496547 HM: HMR3Init: VT-x w/ nested paging and unrestricted guest execution hw support
00:00:00.496599 CPUM: fXStateHostMask=0x7; host XCR0=0x207
00:00:00.497258 CPUM: Matched host CPU INTEL 0x6/0xb7/0x1 Intel_Atom_Unknown with CPU DB entry 'Intel Pentium N3530 2.16GHz' (INTEL 0x6/0x37/0x8 Intel_Atom_Silvermont)
00:00:00.497274 CPUM: MXCSR_MASK=0xffff (host: 0xffff)
00:00:00.497280 CPUM: Microcode revision 0x00000133
00:00:00.497285 CPUM: Changing leaf 13[0]: EBX=0xa88 -> 0x340, ECX=0xa88 -> 0x340
00:00:00.497292 CPUM: MSR/CPUID reconciliation insert: 0x0000010b IA32_FLUSH_CMD
00:00:00.497294 CPUM: MSR/CPUID reconciliation insert: 0x0000010a IA32_ARCH_CAPABILITIES
00:00:00.497298 CPUM: MSR fudge: 0x00000122 IA32_TSX_CTRL
00:00:00.497299 CPUM: MSR fudge: 0x00000123 IA32_MCU_OPT_CTRL
00:00:00.497307 CPUM: SetGuestCpuIdFeature: Enabled SYSENTER/EXIT
00:00:00.497309 CPUM: SetGuestCpuIdFeature: Enabled SYSCALL/RET
00:00:00.497310 CPUM: SetGuestCpuIdFeature: Enabled PAE
00:00:00.497311 CPUM: SetGuestCpuIdFeature: Enabled LAHF/SAHF
00:00:00.497312 CPUM: SetGuestCpuIdFeature: Enabled NX
00:00:00.497313 CPUM: SetGuestCpuIdFeature: Enabled LONG MODE
00:00:00.497314 CPUM: Enabled MTRR read-write support
00:00:00.497315 CPUM: Enabled fixed-range MTRRs and 16 (virtualized) variable-range MTRRs
00:00:00.497775 PGM: Host paging mode: AMD64+PGE+NX
00:00:00.497780 PGM: PGMPool: cMaxPages=1280 (u64MaxPages=1058)
00:00:00.497781 PGM: pgmR3PoolInit: cMaxPages=0x500 cMaxUsers=0xa00 cMaxPhysExts=0xa00 fCacheEnable=true
00:00:00.498279 PGM: /proc/sys/vm/max_map_count = 1048576 (rc2=VWRN_TRAILING_CHARS); cGuessNeeded=16384
00:00:00.500169 GUI: UIDesktopWidgetWatchdog::sltHandleHostScreenAvailableGeometryCalculated: Screen 1 work area is actually resized to: 0x0 x 1080x1920
00:00:00.500212 GUI: UIDesktopWidgetWatchdog::sltHandleHostScreenAvailableGeometryCalculated: Screen 0 work area is actually resized to: 1080x32 x 1920x1048
00:00:00.502102 TM: GIP - u32Mode=3 (Invariant) u32UpdateHz=100 u32UpdateIntervalNS=10000000 enmUseTscDelta=2 (Practically Zero) fGetGipCpu=0x1b cCpus=28
00:00:00.502110 TM: GIP - u64CpuHz=3 417 514 791 (0xcbb32327)  SUPGetCpuHzFromGip => 3 417 514 791
00:00:00.502113 TM: GIP - CPU: iCpuSet=0x0 idCpu=0x0 idApic=0x0 iGipCpu=0x6 i64TSCDelta=0 enmState=3 u64CpuHz=3417514764(*) cErrors=0
00:00:00.502115 TM: GIP - CPU: iCpuSet=0x1 idCpu=0x1 idApic=0x1 iGipCpu=0x5 i64TSCDelta=0 enmState=3 u64CpuHz=3417514744(*) cErrors=0
00:00:00.502116 TM: GIP - CPU: iCpuSet=0x2 idCpu=0x2 idApic=0x8 iGipCpu=0xe i64TSCDelta=0 enmState=3 u64CpuHz=3417514791(*) cErrors=0
00:00:00.502118 TM: GIP - CPU: iCpuSet=0x3 idCpu=0x3 idApic=0x9 iGipCpu=0xf i64TSCDelta=0 enmState=3 u64CpuHz=3417514980(*) cErrors=0
00:00:00.502119 TM: GIP - CPU: iCpuSet=0x4 idCpu=0x4 idApic=0x10 iGipCpu=0xb i64TSCDelta=0 enmState=3 u64CpuHz=3417514779(*) cErrors=0
00:00:00.502120 TM: GIP - CPU: iCpuSet=0x5 idCpu=0x5 idApic=0x11 iGipCpu=0xc i64TSCDelta=0 enmState=3 u64CpuHz=3417514778(*) cErrors=0
00:00:00.502121 TM: GIP - CPU: iCpuSet=0x6 idCpu=0x6 idApic=0x18 iGipCpu=0x1 i64TSCDelta=0 enmState=3 u64CpuHz=3417514980(*) cErrors=0
00:00:00.502123 TM: GIP - CPU: iCpuSet=0x7 idCpu=0x7 idApic=0x19 iGipCpu=0x9 i64TSCDelta=0 enmState=3 u64CpuHz=3417514777(*) cErrors=0
00:00:00.502124 TM: GIP - CPU: iCpuSet=0x8 idCpu=0x8 idApic=0x20 iGipCpu=0x8 i64TSCDelta=0 enmState=3 u64CpuHz=3417514773(*) cErrors=0
00:00:00.502125 TM: GIP - CPU: iCpuSet=0x9 idCpu=0x9 idApic=0x21 iGipCpu=0x7 i64TSCDelta=0 enmState=3 u64CpuHz=3417514768(*) cErrors=0
00:00:00.502126 TM: GIP - CPU: iCpuSet=0xa idCpu=0xa idApic=0x28 iGipCpu=0xd i64TSCDelta=-2 enmState=3 u64CpuHz=3417514751(*) cErrors=0
00:00:00.502128 TM: GIP - CPU: iCpuSet=0xb idCpu=0xb idApic=0x29 iGipCpu=0x10 i64TSCDelta=0 enmState=3 u64CpuHz=3417514980(*) cErrors=0
00:00:00.502129 TM: GIP - CPU: iCpuSet=0xc idCpu=0xc idApic=0x30 iGipCpu=0x0 i64TSCDelta=0 enmState=3 u64CpuHz=3417514791(*) cErrors=0
00:00:00.502130 TM: GIP - CPU: iCpuSet=0xd idCpu=0xd idApic=0x31 iGipCpu=0xa i64TSCDelta=0 enmState=3 u64CpuHz=3417514781(*) cErrors=0
00:00:00.502132 TM: GIP - CPU: iCpuSet=0xe idCpu=0xe idApic=0x38 iGipCpu=0x2 i64TSCDelta=0 enmState=3 u64CpuHz=3417514786(*) cErrors=0
00:00:00.502133 TM: GIP - CPU: iCpuSet=0xf idCpu=0xf idApic=0x39 iGipCpu=0x3 i64TSCDelta=0 enmState=3 u64CpuHz=3417514706(*) cErrors=0
00:00:00.502134 TM: GIP - CPU: iCpuSet=0x10 idCpu=0x10 idApic=0x40 iGipCpu=0x14 i64TSCDelta=0 enmState=3 u64CpuHz=3417514980(*) cErrors=0
00:00:00.502135 TM: GIP - CPU: iCpuSet=0x11 idCpu=0x11 idApic=0x42 iGipCpu=0x15 i64TSCDelta=0 enmState=3 u64CpuHz=3417514980(*) cErrors=0
00:00:00.502137 TM: GIP - CPU: iCpuSet=0x12 idCpu=0x12 idApic=0x44 iGipCpu=0x17 i64TSCDelta=0 enmState=3 u64CpuHz=3417514980(*) cErrors=0
00:00:00.502138 TM: GIP - CPU: iCpuSet=0x13 idCpu=0x13 idApic=0x46 iGipCpu=0x19 i64TSCDelta=0 enmState=3 u64CpuHz=3417514980(*) cErrors=0
00:00:00.502145 TM: GIP - CPU: iCpuSet=0x14 idCpu=0x14 idApic=0x48 iGipCpu=0x12 i64TSCDelta=0 enmState=3 u64CpuHz=3417514980(*) cErrors=0
00:00:00.502146 TM: GIP - CPU: iCpuSet=0x15 idCpu=0x15 idApic=0x4a iGipCpu=0x4 i64TSCDelta=0 enmState=3 u64CpuHz=3417514803(*) cErrors=0
00:00:00.502147 TM: GIP - CPU: iCpuSet=0x16 idCpu=0x16 idApic=0x4c iGipCpu=0x13 i64TSCDelta=0 enmState=3 u64CpuHz=3417514980(*) cErrors=0
00:00:00.502149 TM: GIP - CPU: iCpuSet=0x17 idCpu=0x17 idApic=0x4e iGipCpu=0x11 i64TSCDelta=0 enmState=3 u64CpuHz=3417514980(*) cErrors=0
00:00:00.502150 TM: GIP - CPU: iCpuSet=0x18 idCpu=0x18 idApic=0x50 iGipCpu=0x1b i64TSCDelta=0 enmState=3 u64CpuHz=3417514980(*) cErrors=0
00:00:00.502151 TM: GIP - CPU: iCpuSet=0x19 idCpu=0x19 idApic=0x52 iGipCpu=0x1a i64TSCDelta=0 enmState=3 u64CpuHz=3417514980(*) cErrors=0
00:00:00.502152 TM: GIP - CPU: iCpuSet=0x1a idCpu=0x1a idApic=0x54 iGipCpu=0x16 i64TSCDelta=0 enmState=3 u64CpuHz=3417514980(*) cErrors=0
00:00:00.502153 TM: GIP - CPU: iCpuSet=0x1b idCpu=0x1b idApic=0x56 iGipCpu=0x18 i64TSCDelta=0 enmState=3 u64CpuHz=3417514980(*) cErrors=0
00:00:00.502162 TM:     cTSCTicksPerSecond=3 417 514 791 (0xcbb32327) enmTSCMode=3 (Dynamic) TSCMultiplier=1
00:00:00.502162 TM: cTSCTicksPerSecondHost=3 417 514 791 (0xcbb32327)
00:00:00.502163 TM: TSCTiedToExecution=false TSCNotTiedToHalt=false
00:00:00.502461 EMR3Init: fIemExecutesAll=false fGuruOnTripleFault=true
00:00:00.502511 IEM: TargetCpu=CURRENT, Microarch=Intel_Atom_Unknown aidxTargetCpuEflFlavour={1,0}
00:00:00.502691 GIM: Using provider 'KVM' (Implementation version: 0)
00:00:00.502695 CPUM: SetGuestCpuIdFeature: Enabled Hypervisor Present bit
00:00:00.502707 GCM: Initialized - Fixer bits: 0x8 (MesaVmsvgaDrv)
00:00:00.528564 AIOMgr: Default manager type is 'Async'
00:00:00.528588 AIOMgr: Default file backend is 'NonBuffered'
00:00:00.528682 BlkCache: Cache successfully initialized. Cache size is 5242880 bytes
00:00:00.528687 BlkCache: Cache commit interval is 10000 ms
00:00:00.528689 BlkCache: Cache commit threshold is 2621440 bytes
00:00:00.530478 PcBios: [SMP] BIOS with 1 CPUs
00:00:00.530501 PcBios: Using the 386+ BIOS image.
00:00:00.530575 PcBios: MPS table at 000e1300
00:00:00.531137 PcBios: fCheckShutdownStatusForSoftReset=true  fClearShutdownStatusOnHardReset=true
00:00:00.531156 SUP: Opened VBoxDDR0.r0 (/usr/lib/virtualbox/VBoxDDR0.r0) at 0xXXXXXXXXXXXXXXXX.
00:00:00.531397 PDM: VirtualBox APIC backend registered
00:00:00.531401 CPUM: SetGuestCpuIdFeature: Enabled xAPIC
00:00:00.531402 CPUM: SetGuestCpuIdFeature: Enabled x2APIC
00:00:00.532056 IOAPIC: Version=2.0 ChipType=ICH9
00:00:00.532104 PIT: mode=3 count=0x10000 (65536) - 18.20 Hz (ch=0)
00:00:00.532295 VMMDev: cbDefaultBudget: 1 073 741 824 (40000000)
00:00:00.535284 Shared Folders service loaded
00:00:00.536138 Guest Control service loaded
00:00:00.542639 VGA: Using the 386+ BIOS image.
00:00:00.543781 DrvVD: Flushes will be ignored
00:00:00.543789 DrvVD: Async flushes will be passed to the disk
00:00:00.547784 VD: VDInit finished with VINF_SUCCESS
00:00:00.548153 AIOMgr: Endpoint for file '/home/tsukuyomi/Documents/School/Uppgift-labbmiljö/Uppgift Labbmiljö Ubuntu_/Uppgift Labbmiljö Ubuntu_.vdi' (flags 000c0723) created successfully
00:00:00.549006 VD: Opening the disk took 1362349 ns
00:00:00.549044 AHCI: LUN#0: disk, PCHS=16383/16/63, total number of sectors 52428800
00:00:00.549370 AHCI#0: Reset the HBA
00:00:00.549372 VD#0: Cancelling all active requests
00:00:00.550403 DrvVD: Flushes will be ignored
00:00:00.550409 DrvVD: Async flushes will be passed to the disk
00:00:00.550434 VD: Opening the disk took 22443 ns
00:00:00.550461 PIIX3 ATA: LUN#0: CD/DVD, total number of sectors 1425097, passthrough disabled
00:00:00.552207 PIIX3 ATA: LUN#1: no unit
00:00:00.552353 PIIX3 ATA: LUN#2: no unit
00:00:00.552355 PIIX3 ATA: LUN#3: no unit
00:00:00.552396 PIIX3 ATA: Ctl#0: finished processing RESET
00:00:00.552481 PIIX3 ATA: Ctl#1: finished processing RESET
00:00:00.552554 E1000#0: Chip=82540EM LinkUpDelay=5000ms EthernetCRC=on GSO=enabled Itr=disabled ItrRx=enabled TID=disabled R0=enabled RC=disabled
00:00:00.553252 E1000#1: Chip=82540EM LinkUpDelay=5000ms EthernetCRC=on GSO=enabled Itr=disabled ItrRx=enabled TID=disabled R0=enabled RC=disabled
00:00:00.553297 IntNet#0: szNetwork={labnet} enmTrunkType=2 szTrunk={} fFlags=0x8000 cbRecv=325632 cbSend=196608 fIgnoreConnectFailure=false
00:00:00.553795 AC97: Using codec 'AD1980'
00:00:00.553833 Audio: Initializing ALSA driver
00:00:00.570190 Audio: Found 62 devices for driver 'ALSA'
00:00:00.570196 Audio: Device 'PipeWire Sound Server':
00:00:00.570196 Audio:   ID              = pipewire
00:00:00.570197 Audio:   Usage           = duplex
00:00:00.570197 Audio:   Flags           = NONE
00:00:00.570197 Audio:   Input channels  = 2
00:00:00.570197 Audio:   Output channels = 2
00:00:00.570198 Audio: Device 'Default ALSA Output (currently PipeWire Media Server)':
00:00:00.570198 Audio:   ID              = default
00:00:00.570198 Audio:   Usage           = duplex
00:00:00.570198 Audio:   Flags           = NONE
00:00:00.570198 Audio:   Input channels  = 2
00:00:00.570198 Audio:   Output channels = 2
00:00:00.570199 Audio: Device 'Direct hardware device without any conversions (HDA Intel PCH, ALC897 Analog)':
00:00:00.570199 Audio:   ID              = hw:CARD=PCH,DEV=0
00:00:00.570199 Audio:   Usage           = duplex
00:00:00.570199 Audio:   Flags           = NONE
00:00:00.570199 Audio:   Input channels  = 2
00:00:00.570199 Audio:   Output channels = 2
00:00:00.570200 Audio: Device 'Direct hardware device without any conversions (HDA Intel PCH, ALC897 Alt Analog)':
00:00:00.570200 Audio:   ID              = hw:CARD=PCH,DEV=2
00:00:00.570200 Audio:   Usage           = input
00:00:00.570200 Audio:   Flags           = NONE
00:00:00.570200 Audio:   Input channels  = 2
00:00:00.570200 Audio:   Output channels = 0
00:00:00.570201 Audio: Device 'Direct hardware device without any conversions (HDA Intel PCH, HDMI 0)':
00:00:00.570201 Audio:   ID              = hw:CARD=PCH,DEV=3
00:00:00.570201 Audio:   Usage           = output
00:00:00.570201 Audio:   Flags           = NONE
00:00:00.570201 Audio:   Input channels  = 0
00:00:00.570201 Audio:   Output channels = 2
00:00:00.570201 Audio: Device 'Direct hardware device without any conversions (HDA Intel PCH, HDMI 1)':
00:00:00.570201 Audio:   ID              = hw:CARD=PCH,DEV=7
00:00:00.570201 Audio:   Usage           = output
00:00:00.570202 Audio:   Flags           = NONE
00:00:00.570202 Audio:   Input channels  = 0
00:00:00.570202 Audio:   Output channels = 2
00:00:00.570202 Audio: Device 'Direct hardware device without any conversions (HDA Intel PCH, HDMI 2)':
00:00:00.570202 Audio:   ID              = hw:CARD=PCH,DEV=8
00:00:00.570202 Audio:   Usage           = output
00:00:00.570202 Audio:   Flags           = NONE
00:00:00.570202 Audio:   Input channels  = 0
00:00:00.570202 Audio:   Output channels = 2
00:00:00.570203 Audio: Device 'Direct hardware device without any conversions (HDA Intel PCH, HDMI 3)':
00:00:00.570203 Audio:   ID              = hw:CARD=PCH,DEV=9
00:00:00.570203 Audio:   Usage           = output
00:00:00.570203 Audio:   Flags           = NONE
00:00:00.570203 Audio:   Input channels  = 0
00:00:00.570203 Audio:   Output channels = 2
00:00:00.570204 Audio: Device 'Hardware device with all software conversions (HDA Intel PCH, ALC897 Analog)':
00:00:00.570204 Audio:   ID              = plughw:CARD=PCH,DEV=0
00:00:00.570204 Audio:   Usage           = duplex
00:00:00.570204 Audio:   Flags           = NONE
00:00:00.570204 Audio:   Input channels  = 2
00:00:00.570204 Audio:   Output channels = 2
00:00:00.570204 Audio: Device 'Hardware device with all software conversions (HDA Intel PCH, ALC897 Alt Analog)':
00:00:00.570205 Audio:   ID              = plughw:CARD=PCH,DEV=2
00:00:00.570205 Audio:   Usage           = input
00:00:00.570205 Audio:   Flags           = NONE
00:00:00.570205 Audio:   Input channels  = 2
00:00:00.570205 Audio:   Output channels = 0
00:00:00.570205 Audio: Device 'Hardware device with all software conversions (HDA Intel PCH, HDMI 0)':
00:00:00.570205 Audio:   ID              = plughw:CARD=PCH,DEV=3
00:00:00.570205 Audio:   Usage           = output
00:00:00.570205 Audio:   Flags           = NONE
00:00:00.570205 Audio:   Input channels  = 0
00:00:00.570206 Audio:   Output channels = 2
00:00:00.570209 Audio: Device 'Hardware device with all software conversions (HDA Intel PCH, HDMI 1)':
00:00:00.570209 Audio:   ID              = plughw:CARD=PCH,DEV=7
00:00:00.570210 Audio:   Usage           = output
00:00:00.570210 Audio:   Flags           = NONE
00:00:00.570210 Audio:   Input channels  = 0
00:00:00.570210 Audio:   Output channels = 2
00:00:00.570210 Audio: Device 'Hardware device with all software conversions (HDA Intel PCH, HDMI 2)':
00:00:00.570210 Audio:   ID              = plughw:CARD=PCH,DEV=8
00:00:00.570210 Audio:   Usage           = output
00:00:00.570210 Audio:   Flags           = NONE
00:00:00.570211 Audio:   Input channels  = 0
00:00:00.570211 Audio:   Output channels = 2
00:00:00.570211 Audio: Device 'Hardware device with all software conversions (HDA Intel PCH, HDMI 3)':
00:00:00.570211 Audio:   ID              = plughw:CARD=PCH,DEV=9
00:00:00.570211 Audio:   Usage           = output
00:00:00.570211 Audio:   Flags           = NONE
00:00:00.570211 Audio:   Input channels  = 0
00:00:00.570211 Audio:   Output channels = 2
00:00:00.570212 Audio: Device 'Default Audio Device (HDA Intel PCH, ALC897 Analog)':
00:00:00.570212 Audio:   ID              = sysdefault:CARD=PCH
00:00:00.570212 Audio:   Usage           = duplex
00:00:00.570212 Audio:   Flags           = NONE
00:00:00.570212 Audio:   Input channels  = 2
00:00:00.570212 Audio:   Output channels = 2
00:00:00.570213 Audio: Device 'Front output / input (HDA Intel PCH, ALC897 Analog)':
00:00:00.570213 Audio:   ID              = front:CARD=PCH,DEV=0
00:00:00.570213 Audio:   Usage           = duplex
00:00:00.570213 Audio:   Flags           = NONE
00:00:00.570213 Audio:   Input channels  = 2
00:00:00.570213 Audio:   Output channels = 2
00:00:00.570213 Audio: Device '2.1 Surround output to Front and Subwoofer speakers (HDA Intel PCH, ALC897 Analog)':
00:00:00.570214 Audio:   ID              = surround21:CARD=PCH,DEV=0
00:00:00.570214 Audio:   Usage           = output
00:00:00.570214 Audio:   Flags           = NONE
00:00:00.570214 Audio:   Input channels  = 0
00:00:00.570214 Audio:   Output channels = 2
00:00:00.570214 Audio: Device '4.0 Surround output to Front and Rear speakers (HDA Intel PCH, ALC897 Analog)':
00:00:00.570214 Audio:   ID              = surround40:CARD=PCH,DEV=0
00:00:00.570214 Audio:   Usage           = output
00:00:00.570215 Audio:   Flags           = NONE
00:00:00.570215 Audio:   Input channels  = 0
00:00:00.570215 Audio:   Output channels = 2
00:00:00.570215 Audio: Device '4.1 Surround output to Front, Rear and Subwoofer speakers (HDA Intel PCH, ALC897 Analog)':
00:00:00.570215 Audio:   ID              = surround41:CARD=PCH,DEV=0
00:00:00.570215 Audio:   Usage           = output
00:00:00.570215 Audio:   Flags           = NONE
00:00:00.570215 Audio:   Input channels  = 0
00:00:00.570215 Audio:   Output channels = 2
00:00:00.570216 Audio: Device '5.0 Surround output to Front, Center and Rear speakers (HDA Intel PCH, ALC897 Analog)':
00:00:00.570216 Audio:   ID              = surround50:CARD=PCH,DEV=0
00:00:00.570216 Audio:   Usage           = output
00:00:00.570216 Audio:   Flags           = NONE
00:00:00.570216 Audio:   Input channels  = 0
00:00:00.570216 Audio:   Output channels = 2
00:00:00.570217 Audio: Device '5.1 Surround output to Front, Center, Rear and Subwoofer speakers (HDA Intel PCH, ALC897 Analog)':
00:00:00.570217 Audio:   ID              = surround51:CARD=PCH,DEV=0
00:00:00.570217 Audio:   Usage           = output
00:00:00.570217 Audio:   Flags           = NONE
00:00:00.570217 Audio:   Input channels  = 0
00:00:00.570217 Audio:   Output channels = 2
00:00:00.570217 Audio: Device '7.1 Surround output to Front, Center, Side, Rear and Woofer speakers (HDA Intel PCH, ALC897 Analog)':
00:00:00.570218 Audio:   ID              = surround71:CARD=PCH,DEV=0
00:00:00.570218 Audio:   Usage           = output
00:00:00.570218 Audio:   Flags           = NONE
00:00:00.570218 Audio:   Input channels  = 0
00:00:00.570218 Audio:   Output channels = 2
00:00:00.570219 Audio: Device 'HDMI Audio Output (HDA Intel PCH, HDMI 0)':
00:00:00.570219 Audio:   ID              = hdmi:CARD=PCH,DEV=0
00:00:00.570219 Audio:   Usage           = output
00:00:00.570219 Audio:   Flags           = NONE
00:00:00.570220 Audio:   Input channels  = 0
00:00:00.570220 Audio:   Output channels = 2
00:00:00.570220 Audio: Device 'HDMI Audio Output (HDA Intel PCH, HDMI 1)':
00:00:00.570220 Audio:   ID              = hdmi:CARD=PCH,DEV=1
00:00:00.570220 Audio:   Usage           = output
00:00:00.570220 Audio:   Flags           = NONE
00:00:00.570220 Audio:   Input channels  = 0
00:00:00.570220 Audio:   Output channels = 2
00:00:00.570221 Audio: Device 'HDMI Audio Output (HDA Intel PCH, HDMI 2)':
00:00:00.570221 Audio:   ID              = hdmi:CARD=PCH,DEV=2
00:00:00.570221 Audio:   Usage           = output
00:00:00.570221 Audio:   Flags           = NONE
00:00:00.570221 Audio:   Input channels  = 0
00:00:00.570221 Audio:   Output channels = 2
00:00:00.570222 Audio: Device 'HDMI Audio Output (HDA Intel PCH, HDMI 3)':
00:00:00.570222 Audio:   ID              = hdmi:CARD=PCH,DEV=3
00:00:00.570222 Audio:   Usage           = output
00:00:00.570222 Audio:   Flags           = NONE
00:00:00.570222 Audio:   Input channels  = 0
00:00:00.570222 Audio:   Output channels = 2
00:00:00.570222 Audio: Device 'Direct sample mixing device (HDA Intel PCH, ALC897 Analog)':
00:00:00.570222 Audio:   ID              = dmix:CARD=PCH,DEV=0
00:00:00.570222 Audio:   Usage           = output
00:00:00.570222 Audio:   Flags           = NONE
00:00:00.570223 Audio:   Input channels  = 0
00:00:00.570223 Audio:   Output channels = 2
00:00:00.570223 Audio: Device 'Direct sample mixing device (HDA Intel PCH, HDMI 0)':
00:00:00.570223 Audio:   ID              = dmix:CARD=PCH,DEV=3
00:00:00.570223 Audio:   Usage           = output
00:00:00.570223 Audio:   Flags           = NONE
00:00:00.570223 Audio:   Input channels  = 0
00:00:00.570223 Audio:   Output channels = 2
00:00:00.570224 Audio: Device 'Direct sample mixing device (HDA Intel PCH, HDMI 1)':
00:00:00.570224 Audio:   ID              = dmix:CARD=PCH,DEV=7
00:00:00.570224 Audio:   Usage           = output
00:00:00.570224 Audio:   Flags           = NONE
00:00:00.570224 Audio:   Input channels  = 0
00:00:00.570224 Audio:   Output channels = 2
00:00:00.570225 Audio: Device 'Direct sample mixing device (HDA Intel PCH, HDMI 2)':
00:00:00.570225 Audio:   ID              = dmix:CARD=PCH,DEV=8
00:00:00.570225 Audio:   Usage           = output
00:00:00.570225 Audio:   Flags           = NONE
00:00:00.570225 Audio:   Input channels  = 0
00:00:00.570225 Audio:   Output channels = 2
00:00:00.570225 Audio: Device 'Direct sample mixing device (HDA Intel PCH, HDMI 3)':
00:00:00.570225 Audio:   ID              = dmix:CARD=PCH,DEV=9
00:00:00.570226 Audio:   Usage           = output
00:00:00.570226 Audio:   Flags           = NONE
00:00:00.570226 Audio:   Input channels  = 0
00:00:00.570226 Audio:   Output channels = 2
00:00:00.570226 Audio: Device 'Direct sample snooping device (HDA Intel PCH, ALC897 Analog)':
00:00:00.570226 Audio:   ID              = dsnoop:CARD=PCH,DEV=0
00:00:00.570226 Audio:   Usage           = input
00:00:00.570226 Audio:   Flags           = NONE
00:00:00.570227 Audio:   Input channels  = 2
00:00:00.570227 Audio:   Output channels = 0
00:00:00.570227 Audio: Device 'Direct sample snooping device (HDA Intel PCH, ALC897 Alt Analog)':
00:00:00.570227 Audio:   ID              = dsnoop:CARD=PCH,DEV=2
00:00:00.570227 Audio:   Usage           = input
00:00:00.570227 Audio:   Flags           = NONE
00:00:00.570227 Audio:   Input channels  = 2
00:00:00.570227 Audio:   Output channels = 0
00:00:00.570228 Audio: Device 'Direct hardware device without any conversions (HDA NVidia, MSI G271)':
00:00:00.570228 Audio:   ID              = hw:CARD=NVidia,DEV=3
00:00:00.570228 Audio:   Usage           = output
00:00:00.570228 Audio:   Flags           = NONE
00:00:00.570228 Audio:   Input channels  = 0
00:00:00.570228 Audio:   Output channels = 2
00:00:00.570229 Audio: Device 'Direct hardware device without any conversions (HDA NVidia, VG240Y P)':
00:00:00.570229 Audio:   ID              = hw:CARD=NVidia,DEV=7
00:00:00.570229 Audio:   Usage           = output
00:00:00.570230 Audio:   Flags           = NONE
00:00:00.570230 Audio:   Input channels  = 0
00:00:00.570230 Audio:   Output channels = 2
00:00:00.570230 Audio: Device 'Direct hardware device without any conversions (HDA NVidia, HDMI 2)':
00:00:00.570230 Audio:   ID              = hw:CARD=NVidia,DEV=8
00:00:00.570230 Audio:   Usage           = output
00:00:00.570230 Audio:   Flags           = NONE
00:00:00.570230 Audio:   Input channels  = 0
00:00:00.570230 Audio:   Output channels = 2
00:00:00.570231 Audio: Device 'Direct hardware device without any conversions (HDA NVidia, HDMI 3)':
00:00:00.570231 Audio:   ID              = hw:CARD=NVidia,DEV=9
00:00:00.570231 Audio:   Usage           = output
00:00:00.570231 Audio:   Flags           = NONE
00:00:00.570231 Audio:   Input channels  = 0
00:00:00.570231 Audio:   Output channels = 2
00:00:00.570232 Audio: Device 'Hardware device with all software conversions (HDA NVidia, MSI G271)':
00:00:00.570232 Audio:   ID              = plughw:CARD=NVidia,DEV=3
00:00:00.570232 Audio:   Usage           = output
00:00:00.570232 Audio:   Flags           = NONE
00:00:00.570232 Audio:   Input channels  = 0
00:00:00.570232 Audio:   Output channels = 2
00:00:00.570232 Audio: Device 'Hardware device with all software conversions (HDA NVidia, VG240Y P)':
00:00:00.570232 Audio:   ID              = plughw:CARD=NVidia,DEV=7
00:00:00.570233 Audio:   Usage           = output
00:00:00.570233 Audio:   Flags           = NONE
00:00:00.570233 Audio:   Input channels  = 0
00:00:00.570233 Audio:   Output channels = 2
00:00:00.570233 Audio: Device 'Hardware device with all software conversions (HDA NVidia, HDMI 2)':
00:00:00.570233 Audio:   ID              = plughw:CARD=NVidia,DEV=8
00:00:00.570233 Audio:   Usage           = output
00:00:00.570233 Audio:   Flags           = NONE
00:00:00.570233 Audio:   Input channels  = 0
00:00:00.570234 Audio:   Output channels = 2
00:00:00.570234 Audio: Device 'Hardware device with all software conversions (HDA NVidia, HDMI 3)':
00:00:00.570234 Audio:   ID              = plughw:CARD=NVidia,DEV=9
00:00:00.570234 Audio:   Usage           = output
00:00:00.570234 Audio:   Flags           = NONE
00:00:00.570234 Audio:   Input channels  = 0
00:00:00.570234 Audio:   Output channels = 2
00:00:00.570235 Audio: Device 'HDMI Audio Output (HDA NVidia, MSI G271)':
00:00:00.570235 Audio:   ID              = hdmi:CARD=NVidia,DEV=0
00:00:00.570235 Audio:   Usage           = output
00:00:00.570235 Audio:   Flags           = NONE
00:00:00.570235 Audio:   Input channels  = 0
00:00:00.570235 Audio:   Output channels = 2
00:00:00.570235 Audio: Device 'HDMI Audio Output (HDA NVidia, VG240Y P)':
00:00:00.570236 Audio:   ID              = hdmi:CARD=NVidia,DEV=1
00:00:00.570236 Audio:   Usage           = output
00:00:00.570236 Audio:   Flags           = NONE
00:00:00.570236 Audio:   Input channels  = 0
00:00:00.570236 Audio:   Output channels = 2
00:00:00.570236 Audio: Device 'HDMI Audio Output (HDA NVidia, HDMI 2)':
00:00:00.570236 Audio:   ID              = hdmi:CARD=NVidia,DEV=2
00:00:00.570236 Audio:   Usage           = output
00:00:00.570236 Audio:   Flags           = NONE
00:00:00.570237 Audio:   Input channels  = 0
00:00:00.570237 Audio:   Output channels = 2
00:00:00.570237 Audio: Device 'HDMI Audio Output (HDA NVidia, HDMI 3)':
00:00:00.570237 Audio:   ID              = hdmi:CARD=NVidia,DEV=3
00:00:00.570237 Audio:   Usage           = output
00:00:00.570237 Audio:   Flags           = NONE
00:00:00.570237 Audio:   Input channels  = 0
00:00:00.570237 Audio:   Output channels = 2
00:00:00.570238 Audio: Device 'Direct sample mixing device (HDA NVidia, MSI G271)':
00:00:00.570238 Audio:   ID              = dmix:CARD=NVidia,DEV=3
00:00:00.570238 Audio:   Usage           = output
00:00:00.570238 Audio:   Flags           = NONE
00:00:00.570238 Audio:   Input channels  = 0
00:00:00.570238 Audio:   Output channels = 2
00:00:00.570239 Audio: Device 'Direct sample mixing device (HDA NVidia, VG240Y P)':
00:00:00.570239 Audio:   ID              = dmix:CARD=NVidia,DEV=7
00:00:00.570239 Audio:   Usage           = output
00:00:00.570239 Audio:   Flags           = NONE
00:00:00.570239 Audio:   Input channels  = 0
00:00:00.570240 Audio:   Output channels = 2
00:00:00.570240 Audio: Device 'Direct sample mixing device (HDA NVidia, HDMI 2)':
00:00:00.570240 Audio:   ID              = dmix:CARD=NVidia,DEV=8
00:00:00.570240 Audio:   Usage           = output
00:00:00.570240 Audio:   Flags           = NONE
00:00:00.570240 Audio:   Input channels  = 0
00:00:00.570240 Audio:   Output channels = 2
00:00:00.570241 Audio: Device 'Direct sample mixing device (HDA NVidia, HDMI 3)':
00:00:00.570241 Audio:   ID              = dmix:CARD=NVidia,DEV=9
00:00:00.570241 Audio:   Usage           = output
00:00:00.570241 Audio:   Flags           = NONE
00:00:00.570241 Audio:   Input channels  = 0
00:00:00.570241 Audio:   Output channels = 2
00:00:00.570241 Audio: Device 'Direct hardware device without any conversions (HyperX Virtual Surround Sound, USB Audio)':
00:00:00.570242 Audio:   ID              = hw:CARD=Sound,DEV=0
00:00:00.570242 Audio:   Usage           = duplex
00:00:00.570242 Audio:   Flags           = NONE
00:00:00.570242 Audio:   Input channels  = 2
00:00:00.570242 Audio:   Output channels = 2
00:00:00.570242 Audio: Device 'Hardware device with all software conversions (HyperX Virtual Surround Sound, USB Audio)':
00:00:00.570242 Audio:   ID              = plughw:CARD=Sound,DEV=0
00:00:00.570242 Audio:   Usage           = duplex
00:00:00.570243 Audio:   Flags           = NONE
00:00:00.570243 Audio:   Input channels  = 2
00:00:00.570243 Audio:   Output channels = 2
00:00:00.570243 Audio: Device 'Default Audio Device (HyperX Virtual Surround Sound, USB Audio)':
00:00:00.570243 Audio:   ID              = sysdefault:CARD=Sound
00:00:00.570243 Audio:   Usage           = duplex
00:00:00.570243 Audio:   Flags           = NONE
00:00:00.570243 Audio:   Input channels  = 2
00:00:00.570243 Audio:   Output channels = 2
00:00:00.570244 Audio: Device 'Front output / input (HyperX Virtual Surround Sound, USB Audio)':
00:00:00.570244 Audio:   ID              = front:CARD=Sound,DEV=0
00:00:00.570244 Audio:   Usage           = duplex
00:00:00.570244 Audio:   Flags           = NONE
00:00:00.570244 Audio:   Input channels  = 2
00:00:00.570244 Audio:   Output channels = 2
00:00:00.570245 Audio: Device '2.1 Surround output to Front and Subwoofer speakers (HyperX Virtual Surround Sound, USB Audio)':
00:00:00.570245 Audio:   ID              = surround21:CARD=Sound,DEV=0
00:00:00.570245 Audio:   Usage           = output
00:00:00.570245 Audio:   Flags           = NONE
00:00:00.570245 Audio:   Input channels  = 0
00:00:00.570245 Audio:   Output channels = 2
00:00:00.570245 Audio: Device '4.0 Surround output to Front and Rear speakers (HyperX Virtual Surround Sound, USB Audio)':
00:00:00.570245 Audio:   ID              = surround40:CARD=Sound,DEV=0
00:00:00.570246 Audio:   Usage           = output
00:00:00.570246 Audio:   Flags           = NONE
00:00:00.570246 Audio:   Input channels  = 0
00:00:00.570246 Audio:   Output channels = 2
00:00:00.570246 Audio: Device '4.1 Surround output to Front, Rear and Subwoofer speakers (HyperX Virtual Surround Sound, USB Audio)':
00:00:00.570246 Audio:   ID              = surround41:CARD=Sound,DEV=0
00:00:00.570246 Audio:   Usage           = output
00:00:00.570246 Audio:   Flags           = NONE
00:00:00.570246 Audio:   Input channels  = 0
00:00:00.570247 Audio:   Output channels = 2
00:00:00.570247 Audio: Device '5.0 Surround output to Front, Center and Rear speakers (HyperX Virtual Surround Sound, USB Audio)':
00:00:00.570247 Audio:   ID              = surround50:CARD=Sound,DEV=0
00:00:00.570247 Audio:   Usage           = output
00:00:00.570247 Audio:   Flags           = NONE
00:00:00.570247 Audio:   Input channels  = 0
00:00:00.570247 Audio:   Output channels = 2
00:00:00.570248 Audio: Device '5.1 Surround output to Front, Center, Rear and Subwoofer speakers (HyperX Virtual Surround Sound, USB Audio)':
00:00:00.570249 Audio:   ID              = surround51:CARD=Sound,DEV=0
00:00:00.570249 Audio:   Usage           = output
00:00:00.570249 Audio:   Flags           = NONE
00:00:00.570249 Audio:   Input channels  = 0
00:00:00.570249 Audio:   Output channels = 2
00:00:00.570249 Audio: Device '7.1 Surround output to Front, Center, Side, Rear and Woofer speakers (HyperX Virtual Surround Sound, USB Audio)':
00:00:00.570249 Audio:   ID              = surround71:CARD=Sound,DEV=0
00:00:00.570249 Audio:   Usage           = output
00:00:00.570249 Audio:   Flags           = NONE
00:00:00.570250 Audio:   Input channels  = 0
00:00:00.570250 Audio:   Output channels = 2
00:00:00.570250 Audio: Device 'IEC958 (S/PDIF) Digital Audio Output (HyperX Virtual Surround Sound, USB Audio)':
00:00:00.570250 Audio:   ID              = iec958:CARD=Sound,DEV=0
00:00:00.570250 Audio:   Usage           = output
00:00:00.570250 Audio:   Flags           = NONE
00:00:00.570250 Audio:   Input channels  = 0
00:00:00.570250 Audio:   Output channels = 2
00:00:00.570251 Audio: Device 'Direct sample mixing device (HyperX Virtual Surround Sound, USB Audio)':
00:00:00.570251 Audio:   ID              = dmix:CARD=Sound,DEV=0
00:00:00.570251 Audio:   Usage           = output
00:00:00.570251 Audio:   Flags           = NONE
00:00:00.570251 Audio:   Input channels  = 0
00:00:00.570251 Audio:   Output channels = 2
00:00:00.570252 Audio: Device 'Direct sample snooping device (HyperX Virtual Surround Sound, USB Audio)':
00:00:00.570252 Audio:   ID              = dsnoop:CARD=Sound,DEV=0
00:00:00.570252 Audio:   Usage           = input
00:00:00.570252 Audio:   Flags           = NONE
00:00:00.570252 Audio:   Input channels  = 2
00:00:00.570252 Audio:   Output channels = 0
00:00:00.570275 AC97: Reset
00:00:00.570276 AC97: Mixer reset (EAID=0x809, EACS=0x9)
00:00:00.570276 AC97: Record select to left=mic, right=mic
00:00:00.570277 Audio Mixer: MUTING master volume of 'AC'97 Mixer' -- channel volumes: ff ff ff ff ff ff ff ff ff ff ff ff
00:00:00.570279 Audio Mixer: MUTING sink 'AC'97 Mixer/Line In' -- channel volumes: 00 00 00 00 00 00 00 00 00 00 00 00
00:00:00.570280 Audio Mixer: MUTING sink 'AC'97 Mixer/Microphone In' -- channel volumes: 00 00 00 00 00 00 00 00 00 00 00 00
00:00:00.570280 Audio Mixer: MUTING sink 'AC'97 Mixer/PCM Output' -- channel volumes: 00 00 00 00 00 00 00 00 00 00 00 00
00:00:00.570282 Audio Mixer: MUTING sink 'AC'97 Mixer/PCM Output' -- channel volumes: 00 00 00 00 00 00 00 00 00 00 00 00
00:00:00.570282 Audio Mixer: MUTING sink 'AC'97 Mixer/Line In' -- channel volumes: 00 00 00 00 00 00 00 00 00 00 00 00
00:00:00.570283 Audio Mixer: MUTING sink 'AC'97 Mixer/Line In' -- channel volumes: 00 00 00 00 00 00 00 00 00 00 00 00
00:00:00.570284 Audio Mixer: MUTING sink 'AC'97 Mixer/Microphone In' -- channel volumes: 00 00 00 00 00 00 00 00 00 00 00 00
00:00:00.571015 VUSB: Attached 'HidMouse' to port 1 on RootHub#1 (FullSpeed)
00:00:00.571019 PGM: The CPU physical address width is 46 bits
00:00:00.571020 PGM: PGMR3InitFinalize: 4 MB PSE mask 00003fffffffffff -> VINF_SUCCESS
00:00:00.571023 TM: TMR3InitFinalize: fTSCModeSwitchAllowed=true
00:00:00.571068 CPUM: Mapped 1.0MiB (1048576 bytes) of RAM using fixed-range MTRRs
00:00:00.571069 CPUM: Mapped 2.0GiB (2147483648 bytes) of RAM using 1 variable-range MTRRs
00:00:00.571101 CPUM: Host IA32_ARCH_CAPABILITIES  = 0x14c8fd6b
00:00:00.571103 CPUM: Guest IA32_ARCH_CAPABILITIES = 0x1408e169
00:00:00.571164 VMM: Enabled thread-context hooks
00:00:00.571165 VMM: RTThreadPreemptIsPending() can be trusted
00:00:00.571165 VMM: Kernel preemption is possible
00:00:00.571167 HM: Host MSR_IA32_FEATURE_CONTROL = 0x5
00:00:00.571168 HM: fWorldSwitcher=0x0 (fIbpbOnVmExit=false fIbpbOnVmEntry=false fL1dFlushOnVmEntry=false); fL1dFlushOnSched=false fMdsClearOnVmEntry=false
00:00:00.571169 HM: Using VT-x implementation 3.0
00:00:00.571170 HM: Max resume loops                  = 8192
00:00:00.571170 HM: Host CR0                          = 0x80050033
00:00:00.571170 HM: Host CR4                          = 0xf70ef0
00:00:00.571170 HM: Host EFER                         = 0xd01
00:00:00.571170 HM: Host SMM_MONITOR_CTL              = 0x0
00:00:00.571171 HM: Host CORE_CAPABILITIES            = 0xfd
00:00:00.571171 HM: Host MEMORY_CTRL                  = 0x20000000 - split-lock disable!
00:00:00.571171 HM: Host DR6 zero'ed                  = 0xffff0ff0
00:00:00.571171 HM: MSR_IA32_FEATURE_CONTROL          = 0x5
00:00:00.571172 HM:   LOCK
00:00:00.571172 HM:   VMXON
00:00:00.571172 HM: MSR_IA32_VMX_BASIC                = 0x3da050000000013
00:00:00.571172 HM:   VMCS id                           = 0x13
00:00:00.571172 HM:   VMCS size                         = 1280 bytes
00:00:00.571173 HM:   VMCS physical address limit       = None
00:00:00.571173 HM:   VMCS memory type                  = Write Back (WB)
00:00:00.571173 HM:   Dual-monitor treatment support    = true
00:00:00.571173 HM:   OUTS & INS instruction-info       = true
00:00:00.571173 HM:   Supports true-capability MSRs     = true
00:00:00.571173 HM:   VM-entry Xcpt error-code optional = true
00:00:00.571173 HM: MSR_IA32_VMX_PINBASED_CTLS        = 0xff00000016
00:00:00.571174 HM:   EXT_INT_EXIT
00:00:00.571174 HM:   NMI_EXIT
00:00:00.571174 HM:   VIRTUAL_NMI
00:00:00.571174 HM:   PREEMPT_TIMER
00:00:00.571174 HM:   POSTED_INT
00:00:00.571174 HM: MSR_IA32_VMX_PROCBASED_CTLS       = 0xfffbfffe0401e172
00:00:00.571175 HM:   INT_WINDOW_EXIT
00:00:00.571175 HM:   USE_TSC_OFFSETTING
00:00:00.571175 HM:   HLT_EXIT
00:00:00.571175 HM:   INVLPG_EXIT
00:00:00.571175 HM:   MWAIT_EXIT
00:00:00.571175 HM:   RDPMC_EXIT
00:00:00.571176 HM:   RDTSC_EXIT
00:00:00.571176 HM:   CR3_LOAD_EXIT (must be set)
00:00:00.571176 HM:   CR3_STORE_EXIT (must be set)
00:00:00.571176 HM:   USE_TERTIARY_CTLS
00:00:00.571176 HM:   CR8_LOAD_EXIT
00:00:00.571176 HM:   CR8_STORE_EXIT
00:00:00.571176 HM:   USE_TPR_SHADOW
00:00:00.571176 HM:   NMI_WINDOW_EXIT
00:00:00.571176 HM:   MOV_DR_EXIT
00:00:00.571176 HM:   UNCOND_IO_EXIT
00:00:00.571176 HM:   USE_IO_BITMAPS
00:00:00.571177 HM:   MONITOR_TRAP_FLAG
00:00:00.571177 HM:   USE_MSR_BITMAPS
00:00:00.571177 HM:   MONITOR_EXIT
00:00:00.571177 HM:   PAUSE_EXIT
00:00:00.571177 HM:   USE_SECONDARY_CTLS
00:00:00.571177 HM: MSR_IA32_VMX_PROCBASED_CTLS2      = 0xf5d7fff00000000
00:00:00.571177 HM:   VIRT_APIC_ACCESS
00:00:00.571178 HM:   EPT
00:00:00.571178 HM:   DESC_TABLE_EXIT
00:00:00.571178 HM:   RDTSCP
00:00:00.571178 HM:   VIRT_X2APIC_MODE
00:00:00.571178 HM:   VPID
00:00:00.571178 HM:   WBINVD_EXIT
00:00:00.571179 HM:   UNRESTRICTED_GUEST
00:00:00.571179 HM:   APIC_REG_VIRT
00:00:00.571179 HM:   VIRT_INT_DELIVERY
00:00:00.571179 HM:   PAUSE_LOOP_EXIT
00:00:00.571179 HM:   RDRAND_EXIT
00:00:00.571179 HM:   INVPCID
00:00:00.571180 HM:   VMFUNC
00:00:00.571180 HM:   VMCS_SHADOWING
00:00:00.571180 HM:   ENCLS_EXIT (must be cleared)
00:00:00.571180 HM:   RDSEED_EXIT
00:00:00.571180 HM:   PML (must be cleared)
00:00:00.571180 HM:   EPT_XCPT_VE
00:00:00.571180 HM:   CONCEAL_VMX_FROM_PT
00:00:00.571180 HM:   XSAVES_XRSTORS
00:00:00.571180 HM:   PASID_TRANSLATE (must be cleared)
00:00:00.571180 HM:   MODE_BASED_EPT_PERM
00:00:00.571181 HM:   SPP_EPT (must be cleared)
00:00:00.571181 HM:   PT_EPT
00:00:00.571181 HM:   TSC_SCALING
00:00:00.571181 HM:   USER_WAIT_PAUSE
00:00:00.571181 HM:   PCONFIG
00:00:00.571181 HM:   ENCLV_EXIT (must be cleared)
00:00:00.571181 HM:   BUS_LOCK_DETECT (must be cleared)
00:00:00.571181 HM:   INSTR_TIMEOUT (must be cleared)
00:00:00.571181 HM: MSR_IA32_VMX_PROCBASED_CTLS3      = 0xf
00:00:00.571182 HM:   LOADIWKEY_EXIT                    = true
00:00:00.571182 HM:   HLAT                              = true
00:00:00.571182 HM:   EPT_PAGING_WRITE                  = true
00:00:00.571182 HM:   GST_PAGING_VERIFY                 = true
00:00:00.571182 HM:   IPI_VIRT                          = false
00:00:00.571182 HM:   VIRT_SPEC_CTRL                    = false
00:00:00.571182 HM: MSR_IA32_VMX_ENTRY_CTLS           = 0x76ffff000011ff
00:00:00.571183 HM:   LOAD_DEBUG (must be set)
00:00:00.571183 HM:   IA32E_MODE_GUEST
00:00:00.571183 HM:   ENTRY_TO_SMM
00:00:00.571183 HM:   DEACTIVATE_DUAL_MON
00:00:00.571183 HM:   LOAD_PERF_MSR
00:00:00.571184 HM:   LOAD_PAT_MSR
00:00:00.571184 HM:   LOAD_EFER_MSR
00:00:00.571184 HM:   LOAD_BNDCFGS_MSR (must be cleared)
00:00:00.571184 HM:   CONCEAL_VMX_FROM_PT
00:00:00.571184 HM:   LOAD_RTIT_CTL_MSR
00:00:00.571184 HM:   LOAD_UINV (must be cleared)
00:00:00.571184 HM:   LOAD_CET_STATE
00:00:00.571184 HM:   LOAD_LBR_CTL_MSR
00:00:00.571184 HM:   LOAD_PKRS_MSR
00:00:00.571185 HM: MSR_IA32_VMX_EXIT_CTLS            = 0xf77fffff00036dff
00:00:00.571185 HM:   SAVE_DEBUG (must be set)
00:00:00.571185 HM:   HOST_ADDR_SPACE_SIZE
00:00:00.571185 HM:   LOAD_PERF_MSR
00:00:00.571185 HM:   ACK_EXT_INT
00:00:00.571186 HM:   SAVE_PAT_MSR
00:00:00.571186 HM:   LOAD_PAT_MSR
00:00:00.571186 HM:   SAVE_EFER_MSR
00:00:00.571186 HM:   LOAD_EFER_MSR
00:00:00.571186 HM:   SAVE_PREEMPT_TIMER
00:00:00.571186 HM:   CLEAR_BNDCFGS_MSR (must be cleared)
00:00:00.571186 HM:   CONCEAL_VMX_FROM_PT
00:00:00.571186 HM:   CLEAR_RTIT_CTL_MSR
00:00:00.571186 HM:   CLEAR_LBR_CTL_MSR
00:00:00.571186 HM:   CLEAR_UINV (must be cleared)
00:00:00.571186 HM:   LOAD_CET_STATE
00:00:00.571187 HM:   LOAD_PKRS_MSR
00:00:00.571187 HM:   SAVE_PERF_MSR
00:00:00.571187 HM: MSR_IA32_VMX_TRUE_PINBASED_CTLS   = 0xff00000016
00:00:00.571187 HM: MSR_IA32_VMX_TRUE_PROCBASED_CTLS  = 0xfffbfffe04006172
00:00:00.571187 HM: MSR_IA32_VMX_TRUE_ENTRY_CTLS      = 0x76ffff000011fb
00:00:00.571187 HM: MSR_IA32_VMX_TRUE_EXIT_CTLS       = 0xf77fffff00036dfb
00:00:00.571188 HM: MSR_IA32_VMX_MISC                 = 0x7004c1e7
00:00:00.571188 HM:   PREEMPT_TIMER_TSC                 = 0x7
00:00:00.571188 HM:   EXIT_SAVE_EFER_LMA                = true
00:00:00.571188 HM:   ACTIVITY_STATES                   = 0x7 ( HLT SHUTDOWN SIPI_WAIT )
00:00:00.571188 HM:   INTEL_PT                          = true
00:00:00.571189 HM:   SMM_READ_SMBASE_MSR               = true
00:00:00.571189 HM:   CR3_TARGET                        = 0x4
00:00:00.571189 HM:   MAX_MSR                           = 0x0 ( 512 )
00:00:00.571189 HM:   VMXOFF_BLOCK_SMI                  = true
00:00:00.571189 HM:   VMWRITE_ALL                       = true
00:00:00.571189 HM:   ENTRY_INJECT_SOFT_INT             = 0x1
00:00:00.571190 HM:   MSEG_ID                           = 0x0
00:00:00.571190 HM: MSR_IA32_VMX_VMCS_ENUM            = 0x2e
00:00:00.571190 HM:   HIGHEST_IDX                       = 0x17
00:00:00.571190 HM: MSR_IA32_VMX_EPT_VPID_CAP         = 0x10f0106f34141
00:00:00.571190 HM:   RWX_X_ONLY
00:00:00.571190 HM:   PAGE_WALK_LENGTH_4
00:00:00.571191 HM:   MEMTYPE_UC
00:00:00.571191 HM:   MEMTYPE_WB
00:00:00.571191 HM:   PDE_2M
00:00:00.571191 HM:   PDPTE_1G
00:00:00.571191 HM:   INVEPT
00:00:00.571191 HM:   ACCESS_DIRTY
00:00:00.571192 HM:   ADVEXITINFO_EPT_VIOLATION
00:00:00.571192 HM:   SUPER_SHW_STACK
00:00:00.571192 HM:   INVEPT_SINGLE_CONTEXT
00:00:00.571192 HM:   INVEPT_ALL_CONTEXTS
00:00:00.571192 HM:   INVVPID
00:00:00.571192 HM:   INVVPID_INDIV_ADDR
00:00:00.571192 HM:   INVVPID_SINGLE_CONTEXT
00:00:00.571193 HM:   INVVPID_ALL_CONTEXTS
00:00:00.571193 HM:   INVVPID_SINGLE_CONTEXT_RETAIN_GLOBALS
00:00:00.571193 HM: MSR_IA32_VMX_VMFUNC               = 0x1
00:00:00.571193 HM:   EPTP_SWITCHING
00:00:00.571193 HM: MSR_IA32_VMX_CR0_FIXED0           = 0x80000021
00:00:00.571193 HM: MSR_IA32_VMX_CR0_FIXED1           = 0xffffffff
00:00:00.571193 HM: MSR_IA32_VMX_CR4_FIXED0           = 0x2000
00:00:00.571194 HM: MSR_IA32_VMX_CR4_FIXED1           = 0x1ff6fff
00:00:00.571194 HM: Guest support: 32-bit and 64-bit
00:00:00.571196 HM: Supports VMCS EFER fields         = true
00:00:00.571197 HM: Enabled VMX
00:00:00.571198 HM: Enabled nested paging
00:00:00.571198 HM:   EPT flush type                  = Single context
00:00:00.571199 HM: Enabled unrestricted guest execution
00:00:00.571199 HM: Enabled VPID
00:00:00.571199 HM:   VPID flush type                 = Single context
00:00:00.571199 HM: Enabled VMX-preemption timer (cPreemptTimerShift=7)
00:00:00.571199 HM: VT-x/AMD-V init method: Local
00:00:00.571199 HM: VT-x/AMD-V enable method: VirtualBox
00:00:00.571199 EM: Exit history optimizations: enabled=true enabled-r0=true enabled-r0-no-preemption=false
00:00:00.572272 PcBios: SATA LUN#0 LCHS=1024/255/63
00:00:00.572277 APIC: fPostedIntrsEnabled=false fVirtApicRegsEnabled=false fSupportsTscDeadline=false
00:00:00.572278 TMR3UtcNow: nsNow=1 789 732 573 077 277 000 nsPrev=0 -> cNsDelta=1 789 732 573 077 277 000 (offLag=0 offVirtualSync=0 offVirtualSyncGivenUp=0, NowAgain=1 789 732 573 077 277 000)
00:00:00.572281 VMM: fUsePeriodicPreemptionTimers=false
00:00:00.572423 CPUM: Logical host processors: 28 present, 28 max, 28 online, online mask: 000000000fffffff
00:00:00.572558 CPUM: Physical host cores: 20
00:00:00.572558 ************************ CPUID dump *************************
00:00:00.573538          Raw Standard CPUID Leaves
00:00:00.573538      Leaf/sub-leaf  eax      ebx      ecx      edx
00:00:00.573538 Gst: 00000000/0000  00000016 756e6547 6c65746e 49656e69
00:00:00.573538 Hst:                00000020 756e6547 6c65746e 49656e69
00:00:00.573538 Gst: 00000001/0000  000b0671 00010800 f6fa320b 178bfbff
00:00:00.573538 Hst:                000b0671 38800800 7ffafbff bfebfbff
00:00:00.573538 Gst: 00000002/0000  00feff01 000000f0 00000000 00000000
00:00:00.573538 Hst:                00feff01 000000f0 00000000 00000000
00:00:00.573538 Gst: 00000003/0000  00000000 00000000 00000000 00000000
00:00:00.573538 Hst:                00000000 00000000 00000000 00000000
00:00:00.573538 Gst: 00000004/0000  00000121 01c0003f 0000003f 00000000
00:00:00.573538 Hst:                fc004121 02c0003f 0000003f 00000000
00:00:00.573538 Gst: 00000004/0001  00000122 01c0003f 0000007f 00000000
00:00:00.573538 Hst:                fc004122 01c0003f 0000003f 00000000
00:00:00.573538 Gst: 00000004/0002  00000143 03c0003f 00000fff 00000000
00:00:00.573538 Hst:                fc01c143 03c0003f 000007ff 00000000
00:00:00.573538 Gst: 00000004/0003  00000163 0280003f 0000bfff 00000004
00:00:00.573538 Hst:                fc1fc163 0280003f 0000bfff 00000004
00:00:00.573538 Gst: 00000004/0004  00000000 00000000 00000000 00000000
00:00:00.573538 Hst:                00000000 00000000 00000000 00000000
00:00:00.573538 Gst: 00000005/0000  00000040 00000040 00000000 00000000
00:00:00.573538 Hst:                00000040 00000040 00000003 10102020
00:00:00.573538 Gst: 00000006/0000  00000004 00000000 00000000 00000000
00:00:00.573538 Hst:                00dfcff7 00000002 00000401 00070003
00:00:00.573538 Gst: 00000007/0000  00000002 208c2569 00000000 30000400
00:00:00.573538 Hst:                00000002 239c27eb 98c027bc fc1cc410
00:00:00.573538 Gst: 00000007/0001  00000000 00000000 00000000 00000000
00:00:00.573538 Hst:                00400810 00000000 00000000 00040000
00:00:00.573538 Gst: 00000007/0002  00000000 00000000 00000000 00000000
00:00:00.573538 Hst:                00000000 00000000 00000000 0000009f
00:00:00.573538 Gst: 00000007/0003  00000000 00000000 00000000 00000000
00:00:00.573538 Hst:                00000000 00000000 00000000 00000000
00:00:00.573538 Gst: 00000008/0000  00000000 00000000 00000000 00000000
00:00:00.573538 Hst:                00000000 00000000 00000000 00000000
00:00:00.573538 Gst: 00000009/0000  00000000 00000000 00000000 00000000
00:00:00.573538 Hst:                00000000 00000000 00000000 00000000
00:00:00.573538 Gst: 0000000a/0000  00000000 00000000 00000000 00000000
00:00:00.573538 Hst:                07300605 00000000 00000007 00008603
00:00:00.573538 Gst: 0000000b/0000  00000000 00000001 00000100 00000000
00:00:00.573538 Hst:                00000001 00000002 00000100 00000038
00:00:00.573538 Gst: 0000000b/0001  00000001 00000001 00000201 00000000
00:00:00.573538 Hst:                00000007 0000001c 00000201 00000038
00:00:00.573538 Gst: 0000000b/0002  00000000 00000000 00000002 00000000
00:00:00.573538 Hst:                00000000 00000000 00000002 00000038
00:00:00.573538 Gst: 0000000c/0000  00000000 00000000 00000000 00000000
00:00:00.573538 Hst:                00000000 00000000 00000000 00000000
00:00:00.573538 Gst: 0000000d/0000  00000007 00000340 00000340 00000000
00:00:00.573538 Hst:                00000207 00000a88 00000a88 00000000
00:00:00.573538 Gst: 0000000d/0001  00000000 00000698 00000000 00000000
00:00:00.573538 Hst:                0000000f 00000698 00019900 00000000
00:00:00.573538 Gst: 0000000d/0002  00000100 00000240 00000000 00000000
00:00:00.573538 Hst:                00000100 00000240 00000000 00000000
00:00:00.573538 Gst: 0000000d/0003  00000000 00000000 00000000 00000000
00:00:00.573538 Hst:                00000000 00000000 00000000 00000000
00:00:00.573538 Gst: 0000000d/0004  00000000 00000000 00000000 00000000
00:00:00.573538 Hst:                00000000 00000000 00000000 00000000
00:00:00.573538 Gst: 0000000d/0005  00000000 00000000 00000000 00000000
00:00:00.573538 Hst:                00000000 00000000 00000000 00000000
00:00:00.573538 Gst: 0000000d/0006  00000000 00000000 00000000 00000000
00:00:00.573538 Hst:                00000000 00000000 00000000 00000000
00:00:00.573538 Gst: 0000000d/0007  00000000 00000000 00000000 00000000
00:00:00.573538 Hst:                00000000 00000000 00000000 00000000
00:00:00.573538 Gst: 0000000d/0008  00000000 00000000 00000000 00000000
00:00:00.573538 Hst:                00000080 00000000 00000001 00000000
00:00:00.573538 Gst: 0000000d/0009  00000000 00000000 00000000 00000000
00:00:00.573538 Hst:                00000008 00000a80 00000000 00000000
00:00:00.573538 Gst: 0000000d/000a  00000000 00000000 00000000 00000000
00:00:00.573538 Hst:                00000000 00000000 00000000 00000000
00:00:00.573538 Gst: 0000000d/000b  00000000 00000000 00000000 00000000
00:00:00.573538 Hst:                00000010 00000000 00000001 00000000
00:00:00.573538 Gst: 0000000d/000c  00000000 00000000 00000000 00000000
00:00:00.573538 Hst:                00000018 00000000 00000001 00000000
00:00:00.573538 Gst: 0000000d/000d  00000000 00000000 00000000 00000000
00:00:00.573538 Hst:                00000000 00000000 00000000 00000000
00:00:00.573538 Gst: 0000000d/000e  00000000 00000000 00000000 00000000
00:00:00.573538 Hst:                00000000 00000000 00000000 00000000
00:00:00.573538 Gst: 0000000d/000f  00000000 00000000 00000000 00000000
00:00:00.573538 Hst:                00000328 00000000 00000001 00000000
00:00:00.573538 Gst: 0000000d/0010  00000000 00000000 00000000 00000000
00:00:00.573538 Hst:                00000008 00000000 00000001 00000000
00:00:00.573538 Gst: 0000000d/0011  00000000 00000000 00000000 00000000
00:00:00.573538 Hst:                00000000 00000000 00000000 00000000
00:00:00.573538 Gst: 0000000e/0000  00000000 00000000 00000000 00000000
00:00:00.573538 Hst:                00000000 00000000 00000000 00000000
00:00:00.573538 Gst: 0000000f/0000  00000000 00000000 00000000 00000000
00:00:00.573538 Hst:                00000000 00000000 00000000 00000000
00:00:00.573538 Gst: 00000010/0000  00000000 00000000 00000000 00000000
00:00:00.573538 Hst:                00000000 00000000 00000000 00000000
00:00:00.573538 Gst: 00000011/0000  00000000 00000000 00000000 00000000
00:00:00.573538 Hst:                00000000 00000000 00000000 00000000
00:00:00.573538 Gst: 00000012/0000  00000000 00000000 00000000 00000000
00:00:00.573538 Hst:                00000000 00000000 00000000 00000000
00:00:00.573538 Gst: 00000013/0000  00000000 00000000 00000000 00000000
00:00:00.573538 Hst:                00000000 00000000 00000000 00000000
00:00:00.573538 Gst: 00000014/0000  00000000 00000000 00000000 00000000
00:00:00.573538 Hst:                00000001 0000005f 00000007 00000000
00:00:00.573538 Hst: 00000015/0000  00000002 000000b2 0249f000 00000000
00:00:00.573538 Hst: 00000016/0000  00000d48 00001644 00000064 00000000
00:00:00.573538 Hst: 00000017/0000  00000000 00000000 00000000 00000000
00:00:00.573538 Hst: 00000018/0000  00000008 00000000 00000000 00000000
00:00:00.573538 Hst: 00000019/0000  00000007 00000014 00000003 00000000
00:00:00.573538 Hst: 0000001a/0000  40000001 00000000 00000000 00000000
00:00:00.573538 Hst: 0000001b/0000  00000001 00000001 00000000 00000000
00:00:00.573538 Hst: 0000001c/0000  4000000b 00000007 00000007 00000000
00:00:00.573538 Hst: 0000001d/0000  00000000 00000000 00000000 00000000
00:00:00.573538 Hst: 0000001e/0000  00000000 00000000 00000000 00000000
00:00:00.573538 Hst: 0000001f/0000  00000001 00000002 00000100 00000038
00:00:00.573538 Hst: 00000020/0000  00000000 00000001 00000000 00000000
00:00:00.573538                                Name: GenuineIntel
00:00:00.573538                            Supports: 0x00000000-0x00000016
00:00:00.573538                              Family:  6 	Extended: 0 	Effective: 6
00:00:00.573538                               Model:  7 	Extended: 11 	Effective: 183
00:00:00.573538                            Stepping: 1
00:00:00.573538                                Type: 0 (primary)
00:00:00.573538                             APIC ID: 0x00
00:00:00.573538                        Logical CPUs: 1
00:00:00.573538                        CLFLUSH Size: 8
00:00:00.573538                            Brand ID: 0x00
00:00:00.573538 Features
00:00:00.573538   Mnemonic - Description                                  = Guest (Host)
00:00:00.573538   FPU - x87 FPU on Chip                                   = 1 (1)
00:00:00.573538   VME - Virtual 8086 Mode Enhancements                    = 1 (1)
00:00:00.573538   DE - Debugging extensions                               = 1 (1)
00:00:00.573538   PSE - Page Size Extension                               = 1 (1)
00:00:00.573538   TSC - Time Stamp Counter                                = 1 (1)
00:00:00.573538   MSR - Model Specific Registers                          = 1 (1)
00:00:00.573538   PAE - Physical Address Extension                        = 1 (1)
00:00:00.573538   MCE - Machine Check Exception                           = 1 (1)
00:00:00.573538   CX8 - CMPXCHG8B instruction                             = 1 (1)
00:00:00.573538   APIC - APIC On-Chip                                     = 1 (1)
00:00:00.573538   SEP - SYSENTER and SYSEXIT Present                      = 1 (1)
00:00:00.573538   MTRR - Memory Type Range Registers                      = 1 (1)
00:00:00.573538   PGE - PTE Global Bit                                    = 1 (1)
00:00:00.573538   MCA - Machine Check Architecture                        = 1 (1)
00:00:00.573538   CMOV - Conditional Move instructions                    = 1 (1)
00:00:00.573538   PAT - Page Attribute Table                              = 1 (1)
00:00:00.573538   PSE-36 - 36-bit Page Size Extension                     = 1 (1)
00:00:00.573538   PSN - Processor Serial Number                           = 0 (0)
00:00:00.573538   CLFSH - CLFLUSH instruction                             = 1 (1)
00:00:00.573538   DS - Debug Store                                        = 0 (1)
00:00:00.573538   ACPI - Thermal Mon. & Soft. Clock Ctrl.                 = 0 (1)
00:00:00.573538   MMX - Intel MMX Technology                              = 1 (1)
00:00:00.573538   FXSR - FXSAVE and FXRSTOR instructions                  = 1 (1)
00:00:00.573538   SSE - SSE support                                       = 1 (1)
00:00:00.573538   SSE2 - SSE2 support                                     = 1 (1)
00:00:00.573538   SS - Self Snoop                                         = 0 (1)
00:00:00.573538   HTT - Hyper-Threading Technology                        = 1 (1)
00:00:00.573538   TM - Therm. Monitor                                     = 0 (1)
00:00:00.573538   PBE - Pending Break Enabled                             = 0 (1)
00:00:00.573538   SSE3 - SSE3 support                                     = 1 (1)
00:00:00.573538   PCLMUL - PCLMULQDQ support (for AES-GCM)                = 1 (1)
00:00:00.573538   DTES64 - DS Area 64-bit Layout                          = 0 (1)
00:00:00.573538   MONITOR - MONITOR/MWAIT instructions                    = 1 (1)
00:00:00.573538   CPL-DS - CPL Qualified Debug Store                      = 0 (1)
00:00:00.573538   VMX - Virtual Machine Extensions                        = 0 (1)
00:00:00.573538   SMX - Safer Mode Extensions                             = 0 (1)
00:00:00.573538   EST - Enhanced SpeedStep Technology                     = 0 (1)
00:00:00.573538   TM2 - Terminal Monitor 2                                = 0 (1)
00:00:00.573538   SSSE3 - Supplemental Streaming SIMD Extensions 3        = 1 (1)
00:00:00.573538   CNTX-ID - L1 Context ID                                 = 0 (0)
00:00:00.573538   SDBG - Silicon Debug interface                          = 0 (1)
00:00:00.573538   FMA - Fused Multiply Add extensions                     = 1 (1)
00:00:00.573538   CX16 - CMPXCHG16B instruction                           = 1 (1)
00:00:00.573538   TPRUPDATE - xTPR Update Control                         = 0 (1)
00:00:00.573538   PDCM - Perf/Debug Capability MSR                        = 0 (1)
00:00:00.573538   PCID - Process Context Identifiers                      = 1 (1)
00:00:00.573538   DCA - Direct Cache Access                               = 0 (0)
00:00:00.573538   SSE4_1 - SSE4_1 support                                 = 1 (1)
00:00:00.573538   SSE4_2 - SSE4_2 support                                 = 1 (1)
00:00:00.573538   X2APIC - x2APIC support                                 = 1 (1)
00:00:00.573538   MOVBE - MOVBE instruction                               = 1 (1)
00:00:00.573538   POPCNT - POPCNT instruction                             = 1 (1)
00:00:00.573538   TSCDEADL - Time Stamp Counter Deadline                  = 0 (1)
00:00:00.573538   AES - AES instructions                                  = 1 (1)
00:00:00.573538   XSAVE - XSAVE instruction                               = 1 (1)
00:00:00.573538   OSXSAVE - OSXSAVE instruction                           = 0 (1)
00:00:00.573538   AVX - AVX support                                       = 1 (1)
00:00:00.573538   F16C - 16-bit floating point conversion instructions    = 1 (1)
00:00:00.573538   RDRAND - RDRAND instruction                             = 1 (1)
00:00:00.573538   HVP - Hypervisor Present (we're a guest)                = 1 (0)
00:00:00.573538 Structured Extended Feature Flags Enumeration (leaf 7):
00:00:00.573538 Sub-leaf 0
00:00:00.573538   Mnemonic - Description                                  = Guest (Host)
00:00:00.573538   FSGSBASE - RDFSBASE/RDGSBASE/WRFSBASE/WRGSBASE instr.   = 1 (1)
00:00:00.573538   TSCADJUST - Supports MSR_IA32_TSC_ADJUST                = 0 (1)
00:00:00.573538   SGX - Supports Software Guard Extensions                = 0 (0)
00:00:00.573538   BMI1 - Advanced Bit Manipulation extension 1            = 1 (1)
00:00:00.573538   HLE - Hardware Lock Elision                             = 0 (0)
00:00:00.573538   AVX2 - Advanced Vector Extensions 2                     = 1 (1)
00:00:00.573538   FDP_EXCPTN_ONLY - FPU DP only updated on exceptions     = 1 (1)
00:00:00.573538   SMEP - Supervisor Mode Execution Prevention             = 0 (1)
00:00:00.573538   BMI2 - Advanced Bit Manipulation extension 2            = 1 (1)
00:00:00.573538   ERMS - Enhanced REP MOVSB/STOSB instructions            = 0 (1)
00:00:00.573539   INVPCID - INVPCID instruction                           = 1 (1)
00:00:00.573539   RTM - Restricted Transactional Memory                   = 0 (0)
00:00:00.573539   PQM - Platform Quality of Service Monitoring            = 0 (0)
00:00:00.573539   DEPFPU_CS_DS - Deprecates FPU CS, FPU DS values if set  = 1 (1)
00:00:00.573539   MPE - Intel Memory Protection Extensions                = 0 (0)
00:00:00.573539   PQE - Platform Quality of Service Enforcement           = 0 (0)
00:00:00.573539   AVX512F - AVX512 Foundation instructions                = 0 (0)
00:00:00.573539   AVX512DQ - Supports the AVX512DQ instructions           = 0 (0)
00:00:00.573539   RDSEED - RDSEED instruction                             = 1 (1)
00:00:00.573539   ADX - ADCX/ADOX instructions                            = 1 (1)
00:00:00.573539   SMAP - Supervisor Mode Access Prevention                = 0 (1)
00:00:00.573539   AVX512_IFMA - Supports the AVX512_IFMA instructions     = 0 (0)
00:00:00.573539   CLFLUSHOPT - CLFLUSHOPT (Cache Line Flush) instruction  = 1 (1)
00:00:00.573539   CLWB - CLWB instruction                                 = 0 (1)
00:00:00.573539   INTEL_PT - Intel Processor Trace                        = 0 (1)
00:00:00.573539   AVX512PF - AVX512 Prefetch instructions                 = 0 (0)
00:00:00.573539   AVX512ER - AVX512 Exponential & Reciprocal instructions = 0 (0)
00:00:00.573539   AVX512CD - AVX512 Conflict Detection instructions       = 0 (0)
00:00:00.573539   SHA - Secure Hash Algorithm extensions                  = 1 (1)
00:00:00.573539   AVX512BW - Supports the AVX512BW instructions           = 0 (0)
00:00:00.573539   AVX512VL - Supports the AVX512VL instructions           = 0 (0)
00:00:00.573539   PREFETCHWT1 - PREFETCHWT1 instruction                   = 0 (0)
00:00:00.573539   AVX512_VBMI - Supports the AVX512_VBMI instructions     = 0 (0)
00:00:00.573539   UMIP - User mode insturction prevention                 = 0 (1)
00:00:00.573539   PKU - Protection Key for Usermode pages                 = 0 (1)
00:00:00.573539   OSPKE - CR4.PKU mirror                                  = 0 (1)
00:00:00.573539   WAITPKG - TPAUSE, UMONITOR & UMWAIT support             = 0 (1)
00:00:00.573539   AVX512_VBMI2 - Supports the AVX512_VBMI2 instructions   = 0 (0)
00:00:00.573539   CET_SS - CET shadow stack support                       = 0 (1)
00:00:00.573539   GFNI - Supports the GFNI instruction set                = 0 (1)
00:00:00.573539   VAES - Supports the VEX encoded AES instruction set     = 0 (1)
00:00:00.573539   VPCLMULQDQ - Supports the VPCLMULQDQ instruction        = 0 (1)
00:00:00.573539   AVX512_VNNI - Supports the AVX512_VNNI instructions     = 0 (0)
00:00:00.573539   AVX512_BITALG - Supports the AVX512_BITALG instructions = 0 (0)
00:00:00.573539   TME_EN - Supports 4 IA32_TME_ MSRs                      = 0 (1)
00:00:00.573539   AVX512_VPOPCNTDQ - Supports the AVX512_VPOPCNTDQ instructions = 0 (0)
00:00:00.573539   LA57 - 57-bit linear addresses                          = 0 (0)
00:00:00.573539   MAWAU - Value used by BNDLDX & BNDSTX                   = 0x0 (0x0)
00:00:00.573539   RDPID - Read processor ID support                       = 0 (1)
00:00:00.573539   KEY_LOCKER - Supports Key Locker                        = 0 (1)
00:00:00.573539   BUS_LOCK_DETECT - Supports OS bus-lock detection        = 0 (0)
00:00:00.573539   CLDEMOTE - Supports cache line demote                   = 0 (0)
00:00:00.573539   MOVDIRI - Supports the MOVDIRI instruction              = 0 (1)
00:00:00.573539   MOVDIRI64B - Supports the MOVDIRI64B instruction        = 0 (1)
00:00:00.573539   ENQCMD - Supports the Eqnqueue Stores                   = 0 (0)
00:00:00.573539   SGX_LC - Supports SGX Launch Configuration              = 0 (0)
00:00:00.573539   PKS - Supports protection keys for supervisor pages     = 0 (1)
00:00:00.573539   SGX_KEYS - Supports Attestation Service for Intel SGX   = 0 (0)
00:00:00.573539   AVX512_4VNNIW - Supports the AVX512_4VNNIW instructions = 0 (0)
00:00:00.573539   AVX512_4FMAPS - Supports the AVX512_4FMAPS instructions = 0 (0)
00:00:00.573539   FAST_SHORT_REP_MOVSB - Supports fast short REP MOVSB    = 0 (1)
00:00:00.573539   UINTR - Supports user interrupts                        = 0 (0)
00:00:00.573539   AVX512_VP2INTERSECT - Supports the AVX512_VP2INTERSECT instr. = 0 (0)
00:00:00.573539   MCU_OPT_CTRL - Supports IA32_MCU_OPT_CTRL               = 0 (0)
00:00:00.573539   MD_CLEAR - Supports MDS related buffer clearing         = 1 (1)
00:00:00.573539   RTM_ALWAYS_ABORT - XBEGIN always aborts and does fallback = 0 (0)
00:00:00.573539   RTM_FORCE_ABORT - Supports IA32_TSX_FORCE_ABORT         = 0 (0)
00:00:00.573539   SERIALIZE - Supports the SERIALIZE instruction          = 0 (1)
00:00:00.573539   HYBRID - Identifiers the CPU as a hybrid part           = 0 (1)
00:00:00.573539   TSXLDTRK - Supports susp/resume of TSX ld addr tracking = 0 (0)
00:00:00.573539   PCONFIG - Supports the PCONFIG instruction              = 0 (1)
00:00:00.573539   ARCH_LBRS - Supports architectural LBRs                 = 0 (1)
00:00:00.573539   CET_IBT - Supports indirect branch tracking w/ CET      = 0 (1)
00:00:00.573539   AMX_BF16 - Supports tile comp. ops on bfloat16 number   = 0 (0)
00:00:00.573539   AVX512_FP16 - Supports the FP16 data type with AVX512   = 0 (0)
00:00:00.573539   AMX_TILE - Supports the tile architecture               = 0 (0)
00:00:00.573539   AMX_INT8 - Supports tile comp. ops on 8-bit integers    = 0 (0)
00:00:00.573539   IBRS_IBPB - IA32_SPEC_CTRL.IBRS and IA32_PRED_CMD.IBPB  = 0 (1)
00:00:00.573539   STIBP - Supports IA32_SPEC_CTRL.STIBP                   = 0 (1)
00:00:00.573539   FLUSH_CMD - Supports IA32_FLUSH_CMD                     = 1 (1)
00:00:00.573539   ARCHCAP - Supports IA32_ARCH_CAP                        = 1 (1)
00:00:00.573539   CORECAP - Supports IA32_CORE_CAP                        = 0 (1)
00:00:00.573539   SSBD - Supports IA32_SPEC_CTRL.SSBD                     = 0 (1)
00:00:00.573539  Sub-leaf 2
00:00:00.573539   Mnemonic - Description                                  = Guest (Host)
00:00:00.573539   PSFD - Supports IA32_SPEC_CTRL[7] (PSFD)                = 0 (1)
00:00:00.573539   IPRED_CTRL - Supports IA32_SPEC_CTRL[4:3] (IPRED_DIS)   = 0 (1)
00:00:00.573539   RRSBA_CTRL - Supports IA32_SPEC_CTRL[6:5] (RRSBA_DIS)   = 0 (1)
00:00:00.573539   DDPD_U - Supports IA32_SPEC_CTRL[8] (DDPD_U)            = 0 (1)
00:00:00.573539   BHI_CTRL - Supports IA32_SPEC_CTRL[10] (BHI_DIS_S)      = 0 (1)
00:00:00.573539   MCDT_NO - No MXCSR Config Dependent Timing issues       = 0 (0)
00:00:00.573539   UC_LOCK_DIS - Supports UC-lock disable and causing #AC  = 0 (0)
00:00:00.573539   MONITOR_MITG_NO - No MONITOR/UMONITOR power issues      = 0 (1)
00:00:00.573539 Processor Extended State Enumeration (leaf 0xd):
00:00:00.573539    XSAVE area cur/max size by XCR0, Guest: 0x340/0x340
00:00:00.573539    XSAVE area cur/max size by XCR0,  Host: 0xa88/0xa88
00:00:00.573539                    Valid XCR0 bits, Guest: 0x00000000`00000007 ( x87 SSE YMM_Hi128 )
00:00:00.573539                    Valid XCR0 bits,  Host: 0x00000000`00000207 ( x87 SSE YMM_Hi128 9 )
00:00:00.573539                     XSAVE features, Guest
00:00:00.573539                     XSAVE features,  Host XSAVEOPT XSAVEC XGETBC1 XSAVES
00:00:00.573539       XSAVE area cur size XCR0|XSS, Guest: 0x698
00:00:00.573539       XSAVE area cur size XCR0|XSS,  Host: 0x698
00:00:00.573539                Valid IA32_XSS bits, Guest: 0x00000000`00000000
00:00:00.573539                Valid IA32_XSS bits,  Host: 0x00019900`00000000 ( 40 43 44 47 48 )
00:00:00.573539   State #2, Guest: off=0x0240, cb=0x0100 IA32_XSS-bit -- YMM_Hi128
00:00:00.573539   State #2,  Host:  off=0x0240, cb=0x0100 IA32_XSS-bit -- YMM_Hi128
00:00:00.573539   State #8,  Host:  off=0x0000, cb=0x0080 XCR0-bit -- 8
00:00:00.573539   State #9,  Host:  off=0x0a80, cb=0x0008 IA32_XSS-bit -- 9
00:00:00.573539   State #11,  Host:  off=0x0000, cb=0x0010 XCR0-bit -- 11
00:00:00.573539   State #12,  Host:  off=0x0000, cb=0x0018 XCR0-bit -- 12
00:00:00.573539   State #15,  Host:  off=0x0000, cb=0x0328 XCR0-bit -- 15
00:00:00.573539   State #16,  Host:  off=0x0000, cb=0x0008 XCR0-bit -- 16
00:00:00.573539          Raw Hypervisor CPUID Leaves
00:00:00.573539      Leaf/sub-leaf  eax      ebx      ecx      edx
00:00:00.573539 Gst: 40000000/0000  40000001 4b4d564b 564b4d56 0000004d
00:00:00.573539 Gst: 40000001/0000  01000089 00000000 00000000 00000000
00:00:00.573539          Raw Extended CPUID Leaves
00:00:00.573539      Leaf/sub-leaf  eax      ebx      ecx      edx
00:00:00.573539 Gst: 80000000/0000  80000008 00000000 00000000 00000000
00:00:00.573539 Hst:                80000008 00000000 00000000 00000000
00:00:00.573539 Gst: 80000001/0000  00000000 00000000 00000121 28100800
00:00:00.573539 Hst:                00000000 00000000 00000121 2c100800
00:00:00.573539 Gst: 80000002/0000  65746e49 2952286c 726f4320 4d542865
00:00:00.573539 Hst:                65746e49 2952286c 726f4320 4d542865
00:00:00.573539 Gst: 80000003/0000  37692029 3734312d 004b3030 00000000
00:00:00.573539 Hst:                37692029 3734312d 004b3030 00000000
00:00:00.573539 Gst: 80000004/0000  00000000 00000000 00000000 00000000
00:00:00.573539 Hst:                00000000 00000000 00000000 00000000
00:00:00.573539 Gst: 80000005/0000  00000000 00000000 00000000 00000000
00:00:00.573539 Hst:                00000000 00000000 00000000 00000000
00:00:00.573539 Gst: 80000006/0000  00000000 00000000 10008040 00000000
00:00:00.573539 Hst:                00000000 00000000 08007040 00000000
00:00:00.573539 Gst: 80000007/0000  00000000 00000000 00000000 00000100
00:00:00.573539 Hst:                00000000 00000000 00000000 00000100
00:00:00.573539 Gst: 80000008/0000  0000302e 00000000 00000000 00000000
00:00:00.573539 Hst:                0000302e 00000000 00000000 00000000
00:00:00.573539 Ext Name:                        
00:00:00.573539 Ext Supports:                    0x80000000-0x80000008
00:00:00.573539 Family:                          0  	Extended: 0 	Effective: 0
00:00:00.573539 Model:                           0  	Extended: 0 	Effective: 0
00:00:00.573539 Stepping:                        0
00:00:00.573539 Brand ID:                        0x000
00:00:00.573539 Ext Features
00:00:00.573539   Mnemonic - Description                                  = Guest (Host)
00:00:00.573539   FPU - x87 FPU on Chip                                   = 0 (0)
00:00:00.573539   VME - Virtual 8086 Mode Enhancements                    = 0 (0)
00:00:00.573539   DE - Debugging extensions                               = 0 (0)
00:00:00.573539   PSE - Page Size Extension                               = 0 (0)
00:00:00.573539   TSC - Time Stamp Counter                                = 0 (0)
00:00:00.573539   MSR - K86 Model Specific Registers                      = 0 (0)
00:00:00.573539   PAE - Physical Address Extension                        = 0 (0)
00:00:00.573539   MCE - Machine Check Exception                           = 0 (0)
00:00:00.573539   CX8 - CMPXCHG8B instruction                             = 0 (0)
00:00:00.573539   APIC - APIC On-Chip                                     = 0 (0)
00:00:00.573539   SEP - SYSCALL/SYSRET                                    = 1 (1)
00:00:00.573539   MTRR - Memory Type Range Registers                      = 0 (0)
00:00:00.573539   PGE - PTE Global Bit                                    = 0 (0)
00:00:00.573539   MCA - Machine Check Architecture                        = 0 (0)
00:00:00.573539   CMOV - Conditional Move instructions                    = 0 (0)
00:00:00.573539   PAT - Page Attribute Table                              = 0 (0)
00:00:00.573539   PSE-36 - 36-bit Page Size Extension                     = 0 (0)
00:00:00.573539   NX - No-Execute/Execute-Disable                         = 1 (1)
00:00:00.573539   AXMMX - AMD Extensions to MMX instructions              = 0 (0)
00:00:00.573539   MMX - Intel MMX Technology                              = 0 (0)
00:00:00.573539   FXSR - FXSAVE and FXRSTOR Instructions                  = 0 (0)
00:00:00.573539   FFXSR - AMD fast FXSAVE and FXRSTOR instructions        = 0 (0)
00:00:00.573539   Page1GB - 1 GB large page                               = 0 (1)
00:00:00.573539   RDTSCP - RDTSCP instruction                             = 1 (1)
00:00:00.573539   LM - AMD64 Long Mode                                    = 1 (1)
00:00:00.573539   3DNOWEXT - AMD Extensions to 3DNow                      = 0 (0)
00:00:00.573539   3DNOW - AMD 3DNow                                       = 0 (0)
00:00:00.573539   LahfSahf - LAHF/SAHF support in 64-bit mode             = 1 (1)
00:00:00.573539   CmpLegacy - Core multi-processing legacy mode           = 0 (0)
00:00:00.573539   SVM - AMD Secure Virtual Machine extensions             = 0 (0)
00:00:00.573539   EXTAPIC - AMD Extended APIC registers                   = 0 (0)
00:00:00.573539   CR8L - AMD LOCK MOV CR0 means MOV CR8                   = 0 (0)
00:00:00.573539   ABM - AMD Advanced Bit Manipulation                     = 1 (1)
00:00:00.573539   SSE4A - SSE4A instructions                              = 0 (0)
00:00:00.573539   MISALIGNSSE - AMD Misaligned SSE mode                   = 0 (0)
00:00:00.573539   3DNOWPRF - AMD PREFETCH and PREFETCHW instructions      = 1 (1)
00:00:00.573539   OSVW - AMD OS Visible Workaround                        = 0 (0)
00:00:00.573539   IBS - Instruct Based Sampling                           = 0 (0)
00:00:00.573539   XOP - Extended Operation support                        = 0 (0)
00:00:00.573539   SKINIT - SKINIT, STGI, and DEV support                  = 0 (0)
00:00:00.573539   WDT - AMD Watchdog Timer support                        = 0 (0)
00:00:00.573539   LWP - Lightweight Profiling support                     = 0 (0)
00:00:00.573539   FMA4 - Four operand FMA instruction support             = 0 (0)
00:00:00.573539   TCE - Translation Cache Extension support               = 0 (0)
00:00:00.573539   NodeId - NodeId in MSR C001_100C                        = 0 (0)
00:00:00.573539   TBM - Trailing Bit Manipulation instructions            = 0 (0)
00:00:00.573539   TOPOEXT - Topology Extensions                           = 0 (0)
00:00:00.573539   PRFEXTCORE - Performance Counter Extensions support     = 0 (0)
00:00:00.573539   PRFEXTNB - NB Performance Counter Extensions support    = 0 (0)
00:00:00.573539   DATABPEXT - Data-access Breakpoint Extension            = 0 (0)
00:00:00.573539   PERFTSC - Performance Time Stamp Counter                = 0 (0)
00:00:00.573539   PCX_L2I - L2I/L3 Performance Counter Extensions         = 0 (0)
00:00:00.573539   MONITORX - MWAITX and MONITORX instructions             = 0 (0)
00:00:00.573539   AddrMaskExt - BP Addressing masking extended to bit 31  = 0 (0)
00:00:00.573539 Full Name:                       "Intel(R) Core(TM) i7-14700K"
00:00:00.573539 TLB 2/4M Instr/Uni:              res0     0 entries
00:00:00.573539 TLB 2/4M Data:                   res0     0 entries
00:00:00.573539 TLB 4K Instr/Uni:                res0     0 entries
00:00:00.573539 TLB 4K Data:                     res0     0 entries
00:00:00.573539 L1 Instr Cache Line Size:        0 bytes
00:00:00.573539 L1 Instr Cache Lines Per Tag:    0
00:00:00.573539 L1 Instr Cache Associativity:    res0  
00:00:00.573539 L1 Instr Cache Size:             0 KB
00:00:00.573539 L1 Data Cache Line Size:         0 bytes
00:00:00.573539 L1 Data Cache Lines Per Tag:     0
00:00:00.573539 L1 Data Cache Associativity:     res0  
00:00:00.573539 L1 Data Cache Size:              0 KB
00:00:00.573539 L2 TLB 2/4M Instr/Uni:           off       0 entries
00:00:00.573539 L2 TLB 2/4M Data:                off       0 entries
00:00:00.573539 L2 TLB 4K Instr/Uni:             off       0 entries
00:00:00.573539 L2 TLB 4K Data:                  off       0 entries
00:00:00.573539 L2 Cache Line Size:              64 bytes
00:00:00.573539 L2 Cache Lines Per Tag:          0
00:00:00.573539 L2 Cache Associativity:          16 way
00:00:00.573539 L2 Cache Size:                   4096 KB
00:00:00.573539 L3 Cache Line Size:              0 bytes
00:00:00.573539 L3 Cache Lines Per Tag:          0
00:00:00.573539 L3 Cache Associativity:          off   
00:00:00.573539 L3 Cache Size:                   0 KB
00:00:00.573539 APM Features EDX
00:00:00.573539   Mnemonic - Description                                  = Guest (Host)
00:00:00.573539   TS - Temperature Sensor                                 = 0 (0)
00:00:00.573539   FID - Frequency ID control                              = 0 (0)
00:00:00.573539   VID - Voltage ID control                                = 0 (0)
00:00:00.573539   TTP - Thermal Trip                                      = 0 (0)
00:00:00.573539   TM - Hardware Thermal Control (HTC)                     = 0 (0)
00:00:00.573539   100MHzSteps - 100 MHz Multiplier control                = 0 (0)
00:00:00.573539   HwPstate - Hardware P-state control                     = 0 (0)
00:00:00.573539   TscInvariant - Invariant Time Stamp Counter             = 1 (1)
00:00:00.573539   CPB - Core Performance Boost                            = 0 (0)
00:00:00.573539   EffFreqRO - Read-only Effective Frequency Interface     = 0 (0)
00:00:00.573539   ProcFdbkIf - Processor Feedback Interface               = 0 (0)
00:00:00.573539   ProcPwrRep - Core power reporting interface support     = 0 (0)
00:00:00.573539   ConnectedStandby - Connected Standby                    = 0 (0)
00:00:00.573539   RAPL - Running average power limit                      = 0 (0)
00:00:00.573539 Physical Address Width:          46 bits
00:00:00.573539 Virtual Address Width:           48 bits
00:00:00.573539 Max page count for INVLPGB:      0x302e
00:00:00.573539 Max ECX for RDPRU:               0x0
00:00:00.573539 ********************* End of CPUID dump *********************
00:00:00.573539 *********************** VT-x features ***********************
00:00:00.573539 Nested hardware virtualization - VMX features
00:00:00.573539   Mnemonic - Description                                  = guest (host)
00:00:00.573539   VMX - Virtual-Machine Extensions                        = 0 (1)
00:00:00.573539   InsOutInfo - INS/OUTS instruction info.                 = 0 (1)
00:00:00.573539   ExtIntExit - External interrupt exiting                 = 0 (1)
00:00:00.573539   NmiExit - NMI exiting                                   = 0 (1)
00:00:00.573539   VirtNmi - Virtual NMIs                                  = 0 (1)
00:00:00.573539   PreemptTimer - VMX preemption timer                     = 0 (1)
00:00:00.573539   PostedInt - Posted interrupts                           = 0 (1)
00:00:00.573539   IntWindowExit - Interrupt-window exiting                = 0 (1)
00:00:00.573539   TscOffsetting - TSC offsetting                          = 0 (1)
00:00:00.573539   HltExit - HLT exiting                                   = 0 (1)
00:00:00.573539   InvlpgExit - INVLPG exiting                             = 0 (1)
00:00:00.573539   MwaitExit - MWAIT exiting                               = 0 (1)
00:00:00.573539   RdpmcExit - RDPMC exiting                               = 0 (1)
00:00:00.573539   RdtscExit - RDTSC exiting                               = 0 (1)
00:00:00.573539   Cr3LoadExit - CR3-load exiting                          = 0 (1)
00:00:00.573539   Cr3StoreExit - CR3-store exiting                        = 0 (1)
00:00:00.573539   TertiaryExecCtls - Activate tertiary controls           = 0 (1)
00:00:00.573539   Cr8LoadExit  - CR8-load exiting                         = 0 (1)
00:00:00.573539   Cr8StoreExit - CR8-store exiting                        = 0 (1)
00:00:00.573539   UseTprShadow - Use TPR shadow                           = 0 (1)
00:00:00.573539   NmiWindowExit - NMI-window exiting                      = 0 (1)
00:00:00.573539   MovDRxExit - Mov-DR exiting                             = 0 (1)
00:00:00.573539   UncondIoExit - Unconditional I/O exiting                = 0 (1)
00:00:00.573539   UseIoBitmaps - Use I/O bitmaps                          = 0 (1)
00:00:00.573539   MonitorTrapFlag - Monitor Trap Flag                     = 0 (1)
00:00:00.573539   UseMsrBitmaps - MSR bitmaps                             = 0 (1)
00:00:00.573539   MonitorExit - MONITOR exiting                           = 0 (1)
00:00:00.573539   PauseExit - PAUSE exiting                               = 0 (1)
00:00:00.573539   SecondaryExecCtl - Activate secondary controls          = 0 (1)
00:00:00.573539   VirtApic - Virtualize-APIC accesses                     = 0 (1)
00:00:00.573539   Ept - Extended Page Tables                              = 0 (1)
00:00:00.573539   DescTableExit - Descriptor-table exiting                = 0 (1)
00:00:00.573539   Rdtscp - Enable RDTSCP                                  = 0 (1)
00:00:00.573539   VirtX2ApicMode - Virtualize-x2APIC mode                 = 0 (1)
00:00:00.573539   Vpid - Enable VPID                                      = 0 (1)
00:00:00.573539   WbinvdExit - WBINVD exiting                             = 0 (1)
00:00:00.573539   UnrestrictedGuest - Unrestricted guest                  = 0 (1)
00:00:00.573539   ApicRegVirt - APIC-register virtualization              = 0 (1)
00:00:00.573539   VirtIntDelivery - Virtual-interrupt delivery            = 0 (1)
00:00:00.573539   PauseLoopExit - PAUSE-loop exiting                      = 0 (1)
00:00:00.573539   RdrandExit - RDRAND exiting                             = 0 (1)
00:00:00.573539   Invpcid - Enable INVPCID                                = 0 (1)
00:00:00.573539   VmFuncs - Enable VM Functions                           = 0 (1)
00:00:00.573539   VmcsShadowing - VMCS shadowing                          = 0 (1)
00:00:00.573539   RdseedExiting - RDSEED exiting                          = 0 (1)
00:00:00.573539   PML - Page-Modification Log                             = 0 (0)
00:00:00.573539   EptVe - EPT violations can cause #VE                    = 0 (1)
00:00:00.573539   ConcealVmxFromPt - Conceal VMX from Processor Trace     = 0 (1)
00:00:00.573539   XsavesXRstors - Enable XSAVES/XRSTORS                   = 0 (1)
00:00:00.573539   PasidTranslate - PASID translation                      = 0 (0)
00:00:00.573539   ModeBasedExecuteEpt - Mode-based execute permissions    = 0 (1)
00:00:00.573539   SppEpt - Sub-page page write permissions for EPT        = 0 (0)
00:00:00.573539   PtEpt - Processor Trace address' translatable by EPT    = 0 (1)
00:00:00.573539   UseTscScaling - Use TSC scaling                         = 0 (1)
00:00:00.573539   UserWaitPause - Enable TPAUSE, UMONITOR and UMWAIT      = 0 (1)
00:00:00.573539   Pconfig - Enable PCONFIG                                = 0 (1)
00:00:00.573539   EnclvExit - ENCLV exiting                               = 0 (0)
00:00:00.573539   BusLockDetect - VMM Bus-Lock detection                  = 0 (0)
00:00:00.573539   InstrTimeout - Instruction timeout                      = 0 (0)
00:00:00.573539   LoadIwKeyExit - LOADIWKEY exiting                       = 0 (1)
00:00:00.573539   HLAT - Hypervisor-managed linear-address translation    = 0 (1)
00:00:00.573539   EptPagingWrite - EPT paging-write                       = 0 (1)
00:00:00.573539   GstPagingVerify - Guest-paging verification             = 0 (1)
00:00:00.573539   IpiVirt - IPI virtualization                            = 0 (0)
00:00:00.573539   VirtSpecCtrl - Virtualize IA32_SPEC_CTRL                = 0 (0)
00:00:00.573539   EntryLoadDebugCtls - Load debug controls on VM-entry    = 0 (1)
00:00:00.573539   Ia32eModeGuest - IA-32e mode guest                      = 0 (1)
00:00:00.573539   EntryLoadEferMsr - Load IA32_EFER MSR on VM-entry       = 0 (1)
00:00:00.573539   EntryLoadPatMsr - Load IA32_PAT MSR on VM-entry         = 0 (1)
00:00:00.573539   ExitSaveDebugCtls - Save debug controls on VM-exit      = 0 (1)
00:00:00.573539   HostAddrSpaceSize - Host address-space size             = 0 (1)
00:00:00.573539   ExitAckExtInt - Acknowledge interrupt on VM-exit        = 0 (1)
00:00:00.573539   ExitSavePatMsr - Save IA32_PAT MSR on VM-exit           = 0 (1)
00:00:00.573539   ExitLoadPatMsr - Load IA32_PAT MSR on VM-exit           = 0 (1)
00:00:00.573539   ExitSaveEferMsr - Save IA32_EFER MSR on VM-exit         = 0 (1)
00:00:00.573539   ExitLoadEferMsr - Load IA32_EFER MSR on VM-exit         = 0 (1)
00:00:00.573539   SavePreemptTimer - Save VMX-preemption timer            = 0 (1)
00:00:00.573539   SecondaryExitCtls - Secondary VM-exit controls          = 0 (1)
00:00:00.573539   ExitSaveEferLma - Save IA32_EFER.LMA on VM-exit         = 0 (1)
00:00:00.573539   IntelPt - Intel Processor Trace in VMX operation        = 0 (1)
00:00:00.573539   VmwriteAll - VMWRITE to any supported VMCS field        = 0 (1)
00:00:00.573539   EntryInjectSoftInt - Inject softint. with 0-len instr.  = 0 (1)
00:00:00.573539 
00:00:00.573539 ******************* End of VT-x features ********************
00:00:00.573539 VMEmt: Halt method global1 (5)
00:00:00.573539 VMEmt: HaltedGlobal1 config: cNsSpinBlockThresholdCfg=2000
00:00:00.573539 Changing the VM state from 'CREATING' to 'CREATED'
00:00:00.576185 NAT: DNS settings changed, triggering update
00:00:00.576191 Nameserver is either on 127/8 network or failed to obtain from host. Falling back to libslirp DNS proxy.
00:00:00.576191 fallback virtual nameserver: 50462730Changing the VM state from 'CREATED' to 'POWERING_ON'
00:00:00.576781 VMSVGA3d: cap[0]=0x00000000 {3D}
00:00:00.576782 VMSVGA3d: cap[1]=0x00000000 {MAX_LIGHTS}
00:00:00.576783 VMSVGA3d: cap[2]=0x00000000 {MAX_TEXTURES}
00:00:00.576783 VMSVGA3d: cap[3]=0x00000000 {MAX_CLIP_PLANES}
00:00:00.576783 VMSVGA3d: cap[4]=0x00000000 {VERTEX_SHADER_VERSION}
00:00:00.576783 VMSVGA3d: cap[5]=0x00000000 {VERTEX_SHADER}
00:00:00.576783 VMSVGA3d: cap[6]=0x00000000 {FRAGMENT_SHADER_VERSION}
00:00:00.576784 VMSVGA3d: cap[7]=0x00000000 {FRAGMENT_SHADER}
00:00:00.576784 VMSVGA3d: cap[8]=0x00000000 {MAX_RENDER_TARGETS}
00:00:00.576784 VMSVGA3d: cap[9]=0x00000000 {S23E8_TEXTURES}
00:00:00.576784 VMSVGA3d: cap[10]=0x00000000 {S10E5_TEXTURES}
00:00:00.576784 VMSVGA3d: cap[11]=0x00000000 {MAX_FIXED_VERTEXBLEND}
00:00:00.576785 VMSVGA3d: cap[12]=0x00000000 {D16_BUFFER_FORMAT}
00:00:00.576785 VMSVGA3d: cap[13]=0x00000000 {D24S8_BUFFER_FORMAT}
00:00:00.576785 VMSVGA3d: cap[14]=0x00000000 {D24X8_BUFFER_FORMAT}
00:00:00.576785 VMSVGA3d: cap[15]=0x00000000 {QUERY_TYPES}
00:00:00.576785 VMSVGA3d: cap[16]=0x00000000 {TEXTURE_GRADIENT_SAMPLING}
00:00:00.576786 VMSVGA3d: cap[17]=0.000000 {MAX_POINT_SIZE}
00:00:00.576786 VMSVGA3d: cap[18]=0x00000000 {MAX_SHADER_TEXTURES}
00:00:00.576786 VMSVGA3d: cap[19]=0x00004000 {MAX_TEXTURE_WIDTH}
00:00:00.576787 VMSVGA3d: cap[20]=0x00004000 {MAX_TEXTURE_HEIGHT}
00:00:00.576787 VMSVGA3d: cap[21]=0x00000000 {MAX_VOLUME_EXTENT}
00:00:00.576787 VMSVGA3d: cap[22]=0x00000000 {MAX_TEXTURE_REPEAT}
00:00:00.576787 VMSVGA3d: cap[23]=0x00000000 {MAX_TEXTURE_ASPECT_RATIO}
00:00:00.576787 VMSVGA3d: cap[24]=0x00000000 {MAX_TEXTURE_ANISOTROPY}
00:00:00.576787 VMSVGA3d: cap[25]=0x00000000 {MAX_PRIMITIVE_COUNT}
00:00:00.576788 VMSVGA3d: cap[26]=0x00000000 {MAX_VERTEX_INDEX}
00:00:00.576788 VMSVGA3d: cap[27]=0x00000000 {MAX_VERTEX_SHADER_INSTRUCTIONS}
00:00:00.576788 VMSVGA3d: cap[28]=0x00000000 {MAX_FRAGMENT_SHADER_INSTRUCTIONS}
00:00:00.576788 VMSVGA3d: cap[29]=0x00000000 {MAX_VERTEX_SHADER_TEMPS}
00:00:00.576788 VMSVGA3d: cap[30]=0x00000000 {MAX_FRAGMENT_SHADER_TEMPS}
00:00:00.576789 VMSVGA3d: cap[31]=0x00000000 {TEXTURE_OPS}
00:00:00.576789 VMSVGA3d: cap[32]=0x00000000 {SURFACEFMT_X8R8G8B8}
00:00:00.576789 VMSVGA3d: cap[33]=0x00000000 {SURFACEFMT_A8R8G8B8}
00:00:00.576789 VMSVGA3d: cap[34]=0x00000000 {SURFACEFMT_A2R10G10B10}
00:00:00.576789 VMSVGA3d: cap[35]=0x00000000 {SURFACEFMT_X1R5G5B5}
00:00:00.576789 VMSVGA3d: cap[36]=0x00000000 {SURFACEFMT_A1R5G5B5}
00:00:00.576790 VMSVGA3d: cap[37]=0x00000000 {SURFACEFMT_A4R4G4B4}
00:00:00.576790 VMSVGA3d: cap[38]=0x00000000 {SURFACEFMT_R5G6B5}
00:00:00.576790 VMSVGA3d: cap[39]=0x00000000 {SURFACEFMT_LUMINANCE16}
00:00:00.576790 VMSVGA3d: cap[40]=0x00000000 {SURFACEFMT_LUMINANCE8_ALPHA8}
00:00:00.576790 VMSVGA3d: cap[41]=0x00000000 {SURFACEFMT_ALPHA8}
00:00:00.576790 VMSVGA3d: cap[42]=0x00000000 {SURFACEFMT_LUMINANCE8}
00:00:00.576791 VMSVGA3d: cap[43]=0x00000000 {SURFACEFMT_Z_D16}
00:00:00.576791 VMSVGA3d: cap[44]=0x00000000 {SURFACEFMT_Z_D24S8}
00:00:00.576791 VMSVGA3d: cap[45]=0x00000000 {SURFACEFMT_Z_D24X8}
00:00:00.576791 VMSVGA3d: cap[46]=0x00000000 {SURFACEFMT_DXT1}
00:00:00.576791 VMSVGA3d: cap[47]=0x00000000 {SURFACEFMT_DXT2}
00:00:00.576791 VMSVGA3d: cap[48]=0x00000000 {SURFACEFMT_DXT3}
00:00:00.576792 VMSVGA3d: cap[49]=0x00000000 {SURFACEFMT_DXT4}
00:00:00.576792 VMSVGA3d: cap[50]=0x00000000 {SURFACEFMT_DXT5}
00:00:00.576792 VMSVGA3d: cap[51]=0x00000000 {SURFACEFMT_BUMPX8L8V8U8}
00:00:00.576792 VMSVGA3d: cap[52]=0x00000000 {SURFACEFMT_A2W10V10U10}
00:00:00.576792 VMSVGA3d: cap[53]=0x00000000 {SURFACEFMT_BUMPU8V8}
00:00:00.576792 VMSVGA3d: cap[54]=0x00000000 {SURFACEFMT_Q8W8V8U8}
00:00:00.576793 VMSVGA3d: cap[55]=0x00000000 {SURFACEFMT_CxV8U8}
00:00:00.576793 VMSVGA3d: cap[56]=0x00000000 {SURFACEFMT_R_S10E5}
00:00:00.576793 VMSVGA3d: cap[57]=0x00000000 {SURFACEFMT_R_S23E8}
00:00:00.576793 VMSVGA3d: cap[58]=0x00000000 {SURFACEFMT_RG_S10E5}
00:00:00.576793 VMSVGA3d: cap[59]=0x00000000 {SURFACEFMT_RG_S23E8}
00:00:00.576793 VMSVGA3d: cap[60]=0x00000000 {SURFACEFMT_ARGB_S10E5}
00:00:00.576794 VMSVGA3d: cap[61]=0x00000000 {SURFACEFMT_ARGB_S23E8}
00:00:00.576794 VMSVGA3d: cap[62]=0x00000000 {MISSING62}
00:00:00.576794 VMSVGA3d: cap[63]=0x00000000 {MAX_VERTEX_SHADER_TEXTURES}
00:00:00.576794 VMSVGA3d: cap[64]=0x00000000 {MAX_SIMULTANEOUS_RENDER_TARGETS}
00:00:00.576794 VMSVGA3d: cap[65]=0x00000000 {SURFACEFMT_V16U16}
00:00:00.576794 VMSVGA3d: cap[66]=0x00000000 {SURFACEFMT_G16R16}
00:00:00.576795 VMSVGA3d: cap[67]=0x00000000 {SURFACEFMT_A16B16G16R16}
00:00:00.576795 VMSVGA3d: cap[68]=0x00000000 {SURFACEFMT_UYVY}
00:00:00.576795 VMSVGA3d: cap[69]=0x00000000 {SURFACEFMT_YUY2}
00:00:00.576795 VMSVGA3d: cap[70]=0x00000000 {DEAD4}
00:00:00.576795 VMSVGA3d: cap[71]=0x00000000 {DEAD5}
00:00:00.576795 VMSVGA3d: cap[72]=0x00000000 {DEAD7}
00:00:00.576796 VMSVGA3d: cap[73]=0x00000000 {DEAD6}
00:00:00.576796 VMSVGA3d: cap[74]=0x00000000 {AUTOGENMIPMAPS}
00:00:00.576796 VMSVGA3d: cap[75]=0x00000000 {SURFACEFMT_NV12}
00:00:00.576796 VMSVGA3d: cap[76]=0x00000000 {DEAD10}
00:00:00.576796 VMSVGA3d: cap[77]=0x00000000 {MAX_CONTEXT_IDS}
00:00:00.576797 VMSVGA3d: cap[78]=0x00000000 {MAX_SURFACE_IDS}
00:00:00.576797 VMSVGA3d: cap[79]=0x00000000 {SURFACEFMT_Z_DF16}
00:00:00.576797 VMSVGA3d: cap[80]=0x00000000 {SURFACEFMT_Z_DF24}
00:00:00.576797 VMSVGA3d: cap[81]=0x00000000 {SURFACEFMT_Z_D24S8_INT}
00:00:00.576797 VMSVGA3d: cap[82]=0x00000000 {SURFACEFMT_ATI1}
00:00:00.576797 VMSVGA3d: cap[83]=0x00000000 {SURFACEFMT_ATI2}
00:00:00.576798 VMSVGA3d: cap[84]=0x00000000 {DEAD1}
00:00:00.576798 VMSVGA3d: cap[85]=0x00000000 {DEAD8}
00:00:00.576798 VMSVGA3d: cap[86]=0x00000000 {DEAD9}
00:00:00.576798 VMSVGA3d: cap[87]=0x00000000 {LINE_AA}
00:00:00.576798 VMSVGA3d: cap[88]=0x00000000 {LINE_STIPPLE}
00:00:00.576798 VMSVGA3d: cap[89]=0.000000 {MAX_LINE_WIDTH}
00:00:00.576799 VMSVGA3d: cap[90]=0.000000 {MAX_AA_LINE_WIDTH}
00:00:00.576799 VMSVGA3d: cap[91]=0x00000000 {SURFACEFMT_YV12}
00:00:00.576799 VMSVGA3d: cap[92]=0x00000000 {DEAD3}
00:00:00.576799 VMSVGA3d: cap[93]=0x00000000 {TS_COLOR_KEY}
00:00:00.576799 VMSVGA3d: cap[94]=0x00000000 {DEAD2}
00:00:00.576800 VMSVGA3d: cap[95]=0x00000000 {DXCONTEXT}
00:00:00.576800 VMSVGA3d: cap[96]=0x00000000 {DEAD11}
00:00:00.576800 VMSVGA3d: cap[97]=0x00000000 {DX_MAX_VERTEXBUFFERS}
00:00:00.576800 VMSVGA3d: cap[98]=0x00000000 {DX_MAX_CONSTANT_BUFFERS}
00:00:00.576800 VMSVGA3d: cap[99]=0x00000000 {DX_PROVOKING_VERTEX}
00:00:00.576800 VMSVGA3d: cap[100]=0x00000005 {DXFMT_X8R8G8B8}
00:00:00.576801 VMSVGA3d: cap[101]=0x00000000 {DXFMT_A8R8G8B8}
00:00:00.576801 VMSVGA3d: cap[102]=0x00000000 {DXFMT_R5G6B5}
00:00:00.576801 VMSVGA3d: cap[103]=0x00000000 {DXFMT_X1R5G5B5}
00:00:00.576801 VMSVGA3d: cap[104]=0x00000000 {DXFMT_A1R5G5B5}
00:00:00.576801 VMSVGA3d: cap[105]=0x00000000 {DXFMT_A4R4G4B4}
00:00:00.576802 VMSVGA3d: cap[106]=0x00000000 {DXFMT_Z_D32}
00:00:00.576802 VMSVGA3d: cap[107]=0x00000000 {DXFMT_Z_D16}
00:00:00.576802 VMSVGA3d: cap[108]=0x00000000 {DXFMT_Z_D24S8}
00:00:00.576802 VMSVGA3d: cap[109]=0x00000000 {DXFMT_Z_D15S1}
00:00:00.576802 VMSVGA3d: cap[110]=0x00000000 {DXFMT_LUMINANCE8}
00:00:00.576802 VMSVGA3d: cap[111]=0x00000000 {DXFMT_LUMINANCE4_ALPHA4}
00:00:00.576803 VMSVGA3d: cap[112]=0x00000000 {DXFMT_LUMINANCE16}
00:00:00.576803 VMSVGA3d: cap[113]=0x00000000 {DXFMT_LUMINANCE8_ALPHA8}
00:00:00.576803 VMSVGA3d: cap[114]=0x00000000 {DXFMT_DXT1}
00:00:00.576803 VMSVGA3d: cap[115]=0x00000000 {DXFMT_DXT2}
00:00:00.576803 VMSVGA3d: cap[116]=0x00000000 {DXFMT_DXT3}
00:00:00.576803 VMSVGA3d: cap[117]=0x00000000 {DXFMT_DXT4}
00:00:00.576804 VMSVGA3d: cap[118]=0x00000000 {DXFMT_DXT5}
00:00:00.576804 VMSVGA3d: cap[119]=0x00000000 {DXFMT_BUMPU8V8}
00:00:00.576804 VMSVGA3d: cap[120]=0x00000000 {DXFMT_BUMPL6V5U5}
00:00:00.576804 VMSVGA3d: cap[121]=0x00000000 {DXFMT_BUMPX8L8V8U8}
00:00:00.576804 VMSVGA3d: cap[122]=0x00000000 {DXFMT_FORMAT_DEAD1}
00:00:00.576804 VMSVGA3d: cap[123]=0x00000000 {DXFMT_ARGB_S10E5}
00:00:00.576805 VMSVGA3d: cap[124]=0x00000000 {DXFMT_ARGB_S23E8}
00:00:00.576805 VMSVGA3d: cap[125]=0x00000000 {DXFMT_A2R10G10B10}
00:00:00.576805 VMSVGA3d: cap[126]=0x00000000 {DXFMT_V8U8}
00:00:00.576805 VMSVGA3d: cap[127]=0x00000000 {DXFMT_Q8W8V8U8}
00:00:00.576805 VMSVGA3d: cap[128]=0x00000000 {DXFMT_CxV8U8}
00:00:00.576805 VMSVGA3d: cap[129]=0x00000000 {DXFMT_X8L8V8U8}
00:00:00.576806 VMSVGA3d: cap[130]=0x00000000 {DXFMT_A2W10V10U10}
00:00:00.576806 VMSVGA3d: cap[131]=0x00000000 {DXFMT_ALPHA8}
00:00:00.576806 VMSVGA3d: cap[132]=0x00000000 {DXFMT_R_S10E5}
00:00:00.576806 VMSVGA3d: cap[133]=0x00000000 {DXFMT_R_S23E8}
00:00:00.576806 VMSVGA3d: cap[134]=0x00000000 {DXFMT_RG_S10E5}
00:00:00.576806 VMSVGA3d: cap[135]=0x00000000 {DXFMT_RG_S23E8}
00:00:00.576807 VMSVGA3d: cap[136]=0x00000000 {DXFMT_BUFFER}
00:00:00.576807 VMSVGA3d: cap[137]=0x00000000 {DXFMT_Z_D24X8}
00:00:00.576807 VMSVGA3d: cap[138]=0x00000000 {DXFMT_V16U16}
00:00:00.576807 VMSVGA3d: cap[139]=0x00000000 {DXFMT_G16R16}
00:00:00.576807 VMSVGA3d: cap[140]=0x00000000 {DXFMT_A16B16G16R16}
00:00:00.576808 VMSVGA3d: cap[141]=0x00000000 {DXFMT_UYVY}
00:00:00.576808 VMSVGA3d: cap[142]=0x00000000 {DXFMT_YUY2}
00:00:00.576808 VMSVGA3d: cap[143]=0x00000000 {DXFMT_NV12}
00:00:00.576808 VMSVGA3d: cap[144]=0x00000000 {DXFMT_FORMAT_DEAD2}
00:00:00.576808 VMSVGA3d: cap[145]=0x00000000 {DXFMT_R32G32B32A32_TYPELESS}
00:00:00.576808 VMSVGA3d: cap[146]=0x00000000 {DXFMT_R32G32B32A32_UINT}
00:00:00.576809 VMSVGA3d: cap[147]=0x00000000 {DXFMT_R32G32B32A32_SINT}
00:00:00.576809 VMSVGA3d: cap[148]=0x00000000 {DXFMT_R32G32B32_TYPELESS}
00:00:00.576809 VMSVGA3d: cap[149]=0x00000000 {DXFMT_R32G32B32_FLOAT}
00:00:00.576809 VMSVGA3d: cap[150]=0x00000000 {DXFMT_R32G32B32_UINT}
00:00:00.576809 VMSVGA3d: cap[151]=0x00000000 {DXFMT_R32G32B32_SINT}
00:00:00.576809 VMSVGA3d: cap[152]=0x00000000 {DXFMT_R16G16B16A16_TYPELESS}
00:00:00.576810 VMSVGA3d: cap[153]=0x00000000 {DXFMT_R16G16B16A16_UINT}
00:00:00.576810 VMSVGA3d: cap[154]=0x00000000 {DXFMT_R16G16B16A16_SNORM}
00:00:00.576810 VMSVGA3d: cap[155]=0x00000000 {DXFMT_R16G16B16A16_SINT}
00:00:00.576810 VMSVGA3d: cap[156]=0x00000000 {DXFMT_R32G32_TYPELESS}
00:00:00.576810 VMSVGA3d: cap[157]=0x00000000 {DXFMT_R32G32_UINT}
00:00:00.576810 VMSVGA3d: cap[158]=0x00000000 {DXFMT_R32G32_SINT}
00:00:00.576811 VMSVGA3d: cap[159]=0x00000000 {DXFMT_R32G8X24_TYPELESS}
00:00:00.576811 VMSVGA3d: cap[160]=0x00000000 {DXFMT_D32_FLOAT_S8X24_UINT}
00:00:00.576811 VMSVGA3d: cap[161]=0x00000000 {DXFMT_R32_FLOAT_X8X24}
00:00:00.576811 VMSVGA3d: cap[162]=0x00000000 {DXFMT_X32_G8X24_UINT}
00:00:00.576811 VMSVGA3d: cap[163]=0x00000000 {DXFMT_R10G10B10A2_TYPELESS}
00:00:00.576811 VMSVGA3d: cap[164]=0x00000000 {DXFMT_R10G10B10A2_UINT}
00:00:00.576812 VMSVGA3d: cap[165]=0x00000000 {DXFMT_R11G11B10_FLOAT}
00:00:00.576812 VMSVGA3d: cap[166]=0x00000000 {DXFMT_R8G8B8A8_TYPELESS}
00:00:00.576812 VMSVGA3d: cap[167]=0x00000000 {DXFMT_R8G8B8A8_UNORM}
00:00:00.576812 VMSVGA3d: cap[168]=0x00000000 {DXFMT_R8G8B8A8_UNORM_SRGB}
00:00:00.576812 VMSVGA3d: cap[169]=0x00000000 {DXFMT_R8G8B8A8_UINT}
00:00:00.576812 VMSVGA3d: cap[170]=0x00000000 {DXFMT_R8G8B8A8_SINT}
00:00:00.576813 VMSVGA3d: cap[171]=0x00000000 {DXFMT_R16G16_TYPELESS}
00:00:00.576813 VMSVGA3d: cap[172]=0x00000000 {DXFMT_R16G16_UINT}
00:00:00.576813 VMSVGA3d: cap[173]=0x00000000 {DXFMT_R16G16_SINT}
00:00:00.576813 VMSVGA3d: cap[174]=0x00000000 {DXFMT_R32_TYPELESS}
00:00:00.576813 VMSVGA3d: cap[175]=0x00000000 {DXFMT_D32_FLOAT}
00:00:00.576813 VMSVGA3d: cap[176]=0x00000000 {DXFMT_R32_UINT}
00:00:00.576814 VMSVGA3d: cap[177]=0x00000000 {DXFMT_R32_SINT}
00:00:00.576814 VMSVGA3d: cap[178]=0x00000000 {DXFMT_R24G8_TYPELESS}
00:00:00.576814 VMSVGA3d: cap[179]=0x00000000 {DXFMT_D24_UNORM_S8_UINT}
00:00:00.576814 VMSVGA3d: cap[180]=0x00000000 {DXFMT_R24_UNORM_X8}
00:00:00.576814 VMSVGA3d: cap[181]=0x00000000 {DXFMT_X24_G8_UINT}
00:00:00.576814 VMSVGA3d: cap[182]=0x00000000 {DXFMT_R8G8_TYPELESS}
00:00:00.576814 VMSVGA3d: cap[183]=0x00000000 {DXFMT_R8G8_UNORM}
00:00:00.576815 VMSVGA3d: cap[184]=0x00000000 {DXFMT_R8G8_UINT}
00:00:00.576815 VMSVGA3d: cap[185]=0x00000000 {DXFMT_R8G8_SINT}
00:00:00.576815 VMSVGA3d: cap[186]=0x00000000 {DXFMT_R16_TYPELESS}
00:00:00.576815 VMSVGA3d: cap[187]=0x00000000 {DXFMT_R16_UNORM}
00:00:00.576815 VMSVGA3d: cap[188]=0x00000000 {DXFMT_R16_UINT}
00:00:00.576815 VMSVGA3d: cap[189]=0x00000000 {DXFMT_R16_SNORM}
00:00:00.576816 VMSVGA3d: cap[190]=0x00000000 {DXFMT_R16_SINT}
00:00:00.576816 VMSVGA3d: cap[191]=0x00000000 {DXFMT_R8_TYPELESS}
00:00:00.576816 VMSVGA3d: cap[192]=0x00000000 {DXFMT_R8_UNORM}
00:00:00.576816 VMSVGA3d: cap[193]=0x00000000 {DXFMT_R8_UINT}
00:00:00.576816 VMSVGA3d: cap[194]=0x00000000 {DXFMT_R8_SNORM}
00:00:00.576816 VMSVGA3d: cap[195]=0x00000000 {DXFMT_R8_SINT}
00:00:00.576816 VMSVGA3d: cap[196]=0x00000000 {DXFMT_P8}
00:00:00.576817 VMSVGA3d: cap[197]=0x00000000 {DXFMT_R9G9B9E5_SHAREDEXP}
00:00:00.576817 VMSVGA3d: cap[198]=0x00000000 {DXFMT_R8G8_B8G8_UNORM}
00:00:00.576817 VMSVGA3d: cap[199]=0x00000000 {DXFMT_G8R8_G8B8_UNORM}
00:00:00.576817 VMSVGA3d: cap[200]=0x00000000 {DXFMT_BC1_TYPELESS}
00:00:00.576817 VMSVGA3d: cap[201]=0x00000000 {DXFMT_BC1_UNORM_SRGB}
00:00:00.576817 VMSVGA3d: cap[202]=0x00000000 {DXFMT_BC2_TYPELESS}
00:00:00.576818 VMSVGA3d: cap[203]=0x00000000 {DXFMT_BC2_UNORM_SRGB}
00:00:00.576818 VMSVGA3d: cap[204]=0x00000000 {DXFMT_BC3_TYPELESS}
00:00:00.576818 VMSVGA3d: cap[205]=0x00000000 {DXFMT_BC3_UNORM_SRGB}
00:00:00.576818 VMSVGA3d: cap[206]=0x00000000 {DXFMT_BC4_TYPELESS}
00:00:00.576818 VMSVGA3d: cap[207]=0x00000000 {DXFMT_ATI1}
00:00:00.576818 VMSVGA3d: cap[208]=0x00000000 {DXFMT_BC4_SNORM}
00:00:00.576818 VMSVGA3d: cap[209]=0x00000000 {DXFMT_BC5_TYPELESS}
00:00:00.576819 VMSVGA3d: cap[210]=0x00000000 {DXFMT_ATI2}
00:00:00.576819 VMSVGA3d: cap[211]=0x00000000 {DXFMT_BC5_SNORM}
00:00:00.576819 VMSVGA3d: cap[212]=0x00000000 {DXFMT_R10G10B10_XR_BIAS_A2_UNORM}
00:00:00.576819 VMSVGA3d: cap[213]=0x00000000 {DXFMT_B8G8R8A8_TYPELESS}
00:00:00.576819 VMSVGA3d: cap[214]=0x00000000 {DXFMT_B8G8R8A8_UNORM_SRGB}
00:00:00.576819 VMSVGA3d: cap[215]=0x00000000 {DXFMT_B8G8R8X8_TYPELESS}
00:00:00.576820 VMSVGA3d: cap[216]=0x00000000 {DXFMT_B8G8R8X8_UNORM_SRGB}
00:00:00.576820 VMSVGA3d: cap[217]=0x00000000 {DXFMT_Z_DF16}
00:00:00.576820 VMSVGA3d: cap[218]=0x00000000 {DXFMT_Z_DF24}
00:00:00.576820 VMSVGA3d: cap[219]=0x00000000 {DXFMT_Z_D24S8_INT}
00:00:00.576820 VMSVGA3d: cap[220]=0x00000000 {DXFMT_YV12}
00:00:00.576820 VMSVGA3d: cap[221]=0x00000000 {DXFMT_R32G32B32A32_FLOAT}
00:00:00.576821 VMSVGA3d: cap[222]=0x00000000 {DXFMT_R16G16B16A16_FLOAT}
00:00:00.576821 VMSVGA3d: cap[223]=0x00000000 {DXFMT_R16G16B16A16_UNORM}
00:00:00.576821 VMSVGA3d: cap[224]=0x00000000 {DXFMT_R32G32_FLOAT}
00:00:00.576821 VMSVGA3d: cap[225]=0x00000000 {DXFMT_R10G10B10A2_UNORM}
00:00:00.576821 VMSVGA3d: cap[226]=0x00000000 {DXFMT_R8G8B8A8_SNORM}
00:00:00.576821 VMSVGA3d: cap[227]=0x00000000 {DXFMT_R16G16_FLOAT}
00:00:00.576821 VMSVGA3d: cap[228]=0x00000000 {DXFMT_R16G16_UNORM}
00:00:00.576822 VMSVGA3d: cap[229]=0x00000000 {DXFMT_R16G16_SNORM}
00:00:00.576822 VMSVGA3d: cap[230]=0x00000000 {DXFMT_R32_FLOAT}
00:00:00.576822 VMSVGA3d: cap[231]=0x00000000 {DXFMT_R8G8_SNORM}
00:00:00.576822 VMSVGA3d: cap[232]=0x00000000 {DXFMT_R16_FLOAT}
00:00:00.576822 VMSVGA3d: cap[233]=0x00000000 {DXFMT_D16_UNORM}
00:00:00.576822 VMSVGA3d: cap[234]=0x00000000 {DXFMT_A8_UNORM}
00:00:00.576823 VMSVGA3d: cap[235]=0x00000000 {DXFMT_BC1_UNORM}
00:00:00.576823 VMSVGA3d: cap[236]=0x00000000 {DXFMT_BC2_UNORM}
00:00:00.576823 VMSVGA3d: cap[237]=0x00000000 {DXFMT_BC3_UNORM}
00:00:00.576823 VMSVGA3d: cap[238]=0x00000000 {DXFMT_B5G6R5_UNORM}
00:00:00.576823 VMSVGA3d: cap[239]=0x00000000 {DXFMT_B5G5R5A1_UNORM}
00:00:00.576823 VMSVGA3d: cap[240]=0x00000000 {DXFMT_B8G8R8A8_UNORM}
00:00:00.576823 VMSVGA3d: cap[241]=0x00000000 {DXFMT_B8G8R8X8_UNORM}
00:00:00.576824 VMSVGA3d: cap[242]=0x00000000 {DXFMT_BC4_UNORM}
00:00:00.576824 VMSVGA3d: cap[243]=0x00000000 {DXFMT_BC5_UNORM}
00:00:00.576824 VMSVGA3d: cap[244]=0x00000000 {SM41}
00:00:00.576824 VMSVGA3d: cap[245]=0x00000000 {MULTISAMPLE_2X}
00:00:00.576824 VMSVGA3d: cap[246]=0x00000000 {MULTISAMPLE_4X}
00:00:00.576824 VMSVGA3d: cap[247]=0x00000000 {MS_FULL_QUALITY}
00:00:00.576825 VMSVGA3d: cap[248]=0x00000000 {LOGICOPS}
00:00:00.576825 VMSVGA3d: cap[249]=0x00000000 {LOGIC_BLENDOPS}
00:00:00.576825 VMSVGA3d: cap[250]=0x00000000 {RESERVED_1}
00:00:00.576825 VMSVGA3d: cap[251]=0x00000000 {DXFMT_BC6H_TYPELESS}
00:00:00.576825 VMSVGA3d: cap[252]=0x00000000 {DXFMT_BC6H_UF16}
00:00:00.576825 VMSVGA3d: cap[253]=0x00000000 {DXFMT_BC6H_SF16}
00:00:00.576826 VMSVGA3d: cap[254]=0x00000000 {DXFMT_BC7_TYPELESS}
00:00:00.576826 VMSVGA3d: cap[255]=0x00000000 {DXFMT_BC7_UNORM}
00:00:00.576826 VMSVGA3d: cap[256]=0x00000000 {DXFMT_BC7_UNORM_SRGB}
00:00:00.576826 VMSVGA3d: cap[257]=0x00000000 {RESERVED_2}
00:00:00.576826 VMSVGA3d: cap[258]=0x00000000 {SM5}
00:00:00.576826 VMSVGA3d: cap[259]=0x00000000 {MULTISAMPLE_8X}
00:00:00.576836 AIOMgr: Endpoints without assigned bandwidth groups:
00:00:00.576846 AIOMgr:     /home/tsukuyomi/Documents/School/Uppgift-labbmiljö/Uppgift Labbmiljö Ubuntu_/Uppgift Labbmiljö Ubuntu_.vdi
00:00:00.576888 Changing the VM state from 'POWERING_ON' to 'RUNNING'
00:00:00.576890 Console: Machine state changed to 'Running'
00:00:00.577372 VMMDev: Guest Log: BIOS: VirtualBox 7.2.6
00:00:00.577405 PCI: Setting up resources and interrupts
00:00:00.577519 PIT: mode=2 count=0x10000 (65536) - 18.20 Hz (ch=0)
00:00:00.584313 Display::i_handleDisplayResize: uScreenId=0 pvVRAM=0000000000000000 w=720 h=400 bpp=0 cbLine=0x0 flags=0x0 origin=0,0
00:00:00.584775 VMMDev: Guest Log: CPUID EDX: 0x178bfbff
00:00:00.584808 PIIX3 ATA: Ctl#0: RESET, DevSel=0 AIOIf=0 CmdIf0=0x00 (-1 usec ago) CmdIf1=0x00 (-1 usec ago)
00:00:00.584820 PIIX3 ATA: Ctl#0: finished processing RESET
00:00:00.585239 AHCI#0: Reset the HBA
00:00:00.585240 VD#0: Cancelling all active requests
00:00:00.585262 AHCI#0: Port 0 reset
00:00:00.585273 VD#0: Cancelling all active requests
00:00:00.585566 VMMDev: Guest Log: BIOS: AHCI 0-P#0: PCHS=16383/16/63 LCHS=1024/255/63 0x0000000003200000 sectors
00:00:00.587369 PIT: mode=2 count=0x48d3 (18643) - 64.00 Hz (ch=0)
00:00:00.593778 GUI: UIMachineLogicNormal::sltCheckForRequestedVisualStateType: Requested-state=1, Machine-state=6
00:00:00.606833 Display::i_handleDisplayResize: uScreenId=0 pvVRAM=00007da8a2000000 w=640 h=480 bpp=32 cbLine=0xA00 flags=0x0 origin=0,0
00:00:00.948597 GUI: UIMediumEnumerator: Medium-enumeration finished!
00:00:01.267377 GUI: UIMediumEnumerator: Medium-enumeration finished!
00:00:03.077311 PIT: mode=2 count=0x10000 (65536) - 18.20 Hz (ch=0)
00:00:03.077616 VMMDev: Guest Log: BIOS: Boot : bseqnr=1, bootseq=0231
00:00:03.077840 VMMDev: Guest Log: BIOS: Boot from Floppy 0 failed
00:00:03.078075 VMMDev: Guest Log: BIOS: Boot : bseqnr=2, bootseq=0023
00:00:03.084854 VMMDev: Guest Log: BIOS: Booting from CD-ROM...
00:00:03.132245 Display::i_handleDisplayResize: uScreenId=0 pvVRAM=0000000000000000 w=720 h=400 bpp=0 cbLine=0x0 flags=0x0 origin=0,0
00:00:03.437499 GUI: UIMediumEnumerator: Medium-enumeration finished!
00:00:14.855077 VMMDev: Guest Log: BIOS: KBD: int09h_handler(): unknown scancode read: 0x5b!
00:00:54.245737 GIM: KVM: VCPU  0: Enabled system-time struct. at 0x0000000040c03000 - u32TscScale=0x95d10423 i8TscShift=-1 uVersion=2 fFlags=0x1 uTsc=0x2ab449e655 uVirtNanoTS=0xc7ee67204 TscKHz=3417514
00:00:54.245757 TM: Switching TSC mode from 'Dynamic' to 'RealTSCOffset'
00:00:54.272408 GIM: KVM: Enabled wall-clock struct. at 0x0000000040c02000 - u32Sec=1789732626 u32Nano=777289194 uVersion=2
00:00:54.294727 PIT: mode=2 count=0x4a9 (1193) - 1000.15 Hz (ch=0)
00:00:54.295006 APIC0: Switched mode to x2APIC
00:00:54.296770 IEM: rdmsr(0x140) -> #GP(0)
00:00:54.297066 IEM: rdmsr(0x87) -> #GP(0)
00:00:54.421803 PIT: mode=0 count=0x10000 (65536) - 18.20 Hz (ch=0)
00:00:54.511319 OHCI: Software reset
00:00:54.512044 IEM: rdmsr(0x64e) -> #GP(0)
00:00:54.552977 PIIX3 ATA: Ctl#0: RESET, DevSel=0 AIOIf=0 CmdIf0=0xa0 (-1 usec ago) CmdIf1=0x00 (-1 usec ago)
00:00:54.553030 PIIX3 ATA: Ctl#0: finished processing RESET
00:00:54.553964 OHCI: USB Reset
00:00:54.605247 OHCI: Software reset
00:00:54.605328 OHCI: USB Operational
00:00:54.610437 EHCI: Hardware reset
00:00:54.610650 EHCI: USB Operational
00:00:54.616324 IEM: rdmsr(0xc0011029) -> #GP(0)
00:00:54.638520 EHCI: USB Suspended
00:00:54.888049 GCMInterceptedIOPortRead: Unknown vmware hypervisor call: rcx=0xa (cmd), rbx=0x0 (len/whatever), rsi=0x1 (input), rdi=0xffff8db181985200 (input), rdx=0x5658 (flags + chid) at 0010:ffffffffc045c5dd
00:00:54.901670 AHCI#0: Reset the HBA
00:00:54.901681 VD#0: Cancelling all active requests
00:00:54.934491 AHCI#0: Port 0 reset
00:00:54.937137 VD#0: Cancelling all active requests
00:00:57.224895 NAT: Link up
00:01:02.221468 VMMDev: Guest Log: vboxguest: host-version: 7.2.6r172322 0x8000000f
00:01:02.221490 VMMDev: Guest Additions information report: Version 6.0.0 r127566 '6.0.0'
00:01:02.221501 VMMDev: Guest Additions information report: Interface = 0x00010004 osType = 0x00053100 (Linux >= 2.6, 64-bit)
00:01:02.221537 VMMDev: Guest Additions capability report: (0x0 -> 0x0) seamless: no, hostWindowMapping: no, graphics: no
00:01:02.221564 VMMDev: vmmDevReqHandler_HeartbeatConfigure: No change (fHeartbeatActive=false)
00:01:02.221571 VMMDev: Heartbeat flatline timer set to trigger after 4 000 000 000 ns
00:01:02.221622 GUI: UISession::sltAdditionsChange: GA state doesn't really changed, still notifying listeners.
00:01:02.221630 GUI: UIMachineLogicNormal::sltCheckForRequestedVisualStateType: Requested-state=1, Machine-state=6
00:01:02.221634 GUI: UISession::sltAdditionsChange: GA state doesn't really changed, still notifying listeners.
00:01:02.221636 GUI: UIMachineLogicNormal::sltCheckForRequestedVisualStateType: Requested-state=1, Machine-state=6
00:01:02.221821 VMMDev: Guest Log: vbg_heartbeat_init: Setting up heartbeat to trigger every 2000 milliseconds
00:01:02.221926 GUI: UISession::sltAdditionsChange: GA state really changed, notifying listeners.
00:01:02.224602 GUI: UIMachineViewNormal::adjustGuestScreenSize: Adjust guest-screen size if necessary
00:01:02.224618 GUI: UIMachineLogicNormal::sltCheckForRequestedVisualStateType: Requested-state=1, Machine-state=6
00:01:02.837967 Enabling different vbva mode
00:01:02.919062 VMSVGA: 3D disabled, but command 1115 will be processed
00:01:02.919179 VMSVGA: 3D disabled, but command 1115 will be processed
00:01:02.919245 VMSVGA: 3D disabled, but command 1115 will be processed
00:01:02.919247 VMSVGA: 3D disabled, but command 1115 will be processed
00:01:02.919251 VMSVGA: 3D disabled, but command 1115 will be processed
00:01:02.919252 VMSVGA: 3D disabled, but command 1135 will be processed
00:01:02.919492 VMSVGA: 3D disabled, but command 1097 will be processed
00:01:02.919514 VMSVGA: 3D disabled, but command 1099 will be processed
00:01:02.919529 Display::i_handleDisplayResize: uScreenId=0 pvVRAM=00007da844a16010 w=1280 h=800 bpp=32 cbLine=0x1400 flags=0x1 origin=0,0
00:01:03.201791 IEM: rdmsr(0x619) -> #GP(0)
00:01:03.201799 IEM: rdmsr(0x641) -> #GP(0)
00:01:03.201801 IEM: rdmsr(0x64d) -> #GP(0)
00:01:03.219560 GUI: UIMediumEnumerator: Medium-enumeration finished!
00:01:03.262915 AC97: Reset
00:01:03.262923 AC97: Mixer reset (EAID=0x809, EACS=0x9)
00:01:03.262924 AC97: Record select to left=mic, right=mic
00:01:03.262926 Audio Mixer: MUTING master volume of 'AC'97 Mixer' -- channel volumes: ff ff ff ff ff ff ff ff ff ff ff ff
00:01:03.262927 Audio Mixer: MUTING sink 'AC'97 Mixer/Line In' -- channel volumes: 00 00 00 00 00 00 00 00 00 00 00 00
00:01:03.262929 Audio Mixer: MUTING sink 'AC'97 Mixer/Microphone In' -- channel volumes: 00 00 00 00 00 00 00 00 00 00 00 00
00:01:03.262930 Audio Mixer: MUTING sink 'AC'97 Mixer/PCM Output' -- channel volumes: 00 00 00 00 00 00 00 00 00 00 00 00
00:01:03.262931 Audio Mixer: MUTING sink 'AC'97 Mixer/PCM Output' -- channel volumes: 00 00 00 00 00 00 00 00 00 00 00 00
00:01:03.262931 Audio Mixer: MUTING sink 'AC'97 Mixer/Line In' -- channel volumes: 00 00 00 00 00 00 00 00 00 00 00 00
00:01:03.262932 Audio Mixer: MUTING sink 'AC'97 Mixer/Line In' -- channel volumes: 00 00 00 00 00 00 00 00 00 00 00 00
00:01:03.262933 Audio Mixer: MUTING sink 'AC'97 Mixer/Microphone In' -- channel volumes: 00 00 00 00 00 00 00 00 00 00 00 00
00:01:03.262999 Audio Mixer: MUTING sink 'AC'97 Mixer/Line In' -- channel volumes: 00 00 00 00 00 00 00 00 00 00 00 00
00:01:03.263000 Audio Mixer: MUTING sink 'AC'97 Mixer/Line In' -- channel volumes: 00 00 00 00 00 00 00 00 00 00 00 00
00:01:03.263043 Audio Mixer: MUTING sink 'AC'97 Mixer/Line In' -- channel volumes: 00 00 00 00 00 00 00 00 00 00 00 00
00:01:03.263052 Audio Mixer: MUTING sink 'AC'97 Mixer/Line In' -- channel volumes: 00 00 00 00 00 00 00 00 00 00 00 00
00:01:03.263070 AC97: Reset
00:01:03.263071 AC97: Mixer reset (EAID=0x809, EACS=0x9)
00:01:03.263072 AC97: Record select to left=mic, right=mic
00:01:03.263072 Audio Mixer: MUTING master volume of 'AC'97 Mixer' -- channel volumes: ff ff ff ff ff ff ff ff ff ff ff ff
00:01:03.263073 Audio Mixer: MUTING sink 'AC'97 Mixer/Line In' -- channel volumes: 00 00 00 00 00 00 00 00 00 00 00 00
00:01:03.263074 Audio Mixer: MUTING sink 'AC'97 Mixer/Microphone In' -- channel volumes: 00 00 00 00 00 00 00 00 00 00 00 00
00:01:03.263074 Audio Mixer: MUTING sink 'AC'97 Mixer/PCM Output' -- channel volumes: 00 00 00 00 00 00 00 00 00 00 00 00
00:01:03.263075 Audio Mixer: MUTING sink 'AC'97 Mixer/PCM Output' -- channel volumes: 00 00 00 00 00 00 00 00 00 00 00 00
00:01:03.263076 Audio Mixer: MUTING sink 'AC'97 Mixer/Line In' -- channel volumes: 00 00 00 00 00 00 00 00 00 00 00 00
00:01:03.263077 Audio Mixer: MUTING sink 'AC'97 Mixer/Line In' -- channel volumes: 00 00 00 00 00 00 00 00 00 00 00 00
00:01:03.263077 Audio Mixer: MUTING sink 'AC'97 Mixer/Microphone In' -- channel volumes: 00 00 00 00 00 00 00 00 00 00 00 00
00:01:03.263526 Audio Mixer: Setting master volume of 'AC'97 Mixer' -- channel volumes: ff ff ff ff ff ff ff ff ff ff ff ff
00:01:03.263527 Audio Mixer: MUTING sink 'AC'97 Mixer/Line In' -- channel volumes: 00 00 00 00 00 00 00 00 00 00 00 00
00:01:03.263528 Audio Mixer: MUTING sink 'AC'97 Mixer/Microphone In' -- channel volumes: 00 00 00 00 00 00 00 00 00 00 00 00
00:01:03.263528 Audio Mixer: MUTING sink 'AC'97 Mixer/PCM Output' -- channel volumes: 00 00 00 00 00 00 00 00 00 00 00 00
00:01:03.263541 Audio Mixer: MUTING master volume of 'AC'97 Mixer' -- channel volumes: ff ff ff ff ff ff ff ff ff ff ff ff
00:01:03.263543 Audio Mixer: MUTING sink 'AC'97 Mixer/Line In' -- channel volumes: 00 00 00 00 00 00 00 00 00 00 00 00
00:01:03.263544 Audio Mixer: MUTING sink 'AC'97 Mixer/Microphone In' -- channel volumes: 00 00 00 00 00 00 00 00 00 00 00 00
00:01:03.263545 Audio Mixer: MUTING sink 'AC'97 Mixer/PCM Output' -- channel volumes: 00 00 00 00 00 00 00 00 00 00 00 00
00:01:03.263555 Audio Mixer: MUTING master volume of 'AC'97 Mixer' -- channel volumes: ff ff ff ff ff ff ff ff ff ff ff ff
00:01:03.263556 Audio Mixer: MUTING sink 'AC'97 Mixer/Line In' -- channel volumes: 00 00 00 00 00 00 00 00 00 00 00 00
00:01:03.263557 Audio Mixer: MUTING sink 'AC'97 Mixer/Microphone In' -- channel volumes: 00 00 00 00 00 00 00 00 00 00 00 00
00:01:03.263557 Audio Mixer: MUTING sink 'AC'97 Mixer/PCM Output' -- channel volumes: 00 00 00 00 00 00 00 00 00 00 00 00
00:01:03.263568 Audio Mixer: MUTING master volume of 'AC'97 Mixer' -- channel volumes: ff ff ff ff ff ff ff ff ff ff ff ff
00:01:03.263569 Audio Mixer: MUTING sink 'AC'97 Mixer/Line In' -- channel volumes: 00 00 00 00 00 00 00 00 00 00 00 00
00:01:03.263570 Audio Mixer: MUTING sink 'AC'97 Mixer/Microphone In' -- channel volumes: 00 00 00 00 00 00 00 00 00 00 00 00
00:01:03.263571 Audio Mixer: MUTING sink 'AC'97 Mixer/PCM Output' -- channel volumes: 00 00 00 00 00 00 00 00 00 00 00 00
00:01:03.263577 Audio Mixer: MUTING master volume of 'AC'97 Mixer' -- channel volumes: 83 83 83 83 83 83 83 83 83 83 83 83
00:01:03.263578 Audio Mixer: MUTING sink 'AC'97 Mixer/Line In' -- channel volumes: 00 00 00 00 00 00 00 00 00 00 00 00
00:01:03.263579 Audio Mixer: MUTING sink 'AC'97 Mixer/Microphone In' -- channel volumes: 00 00 00 00 00 00 00 00 00 00 00 00
00:01:03.263580 Audio Mixer: MUTING sink 'AC'97 Mixer/PCM Output' -- channel volumes: 00 00 00 00 00 00 00 00 00 00 00 00
00:01:03.263592 Audio Mixer: MUTING master volume of 'AC'97 Mixer' -- channel volumes: bf bf bf bf bf bf bf bf bf bf bf bf
00:01:03.263593 Audio Mixer: MUTING sink 'AC'97 Mixer/Line In' -- channel volumes: 00 00 00 00 00 00 00 00 00 00 00 00
00:01:03.263594 Audio Mixer: MUTING sink 'AC'97 Mixer/Microphone In' -- channel volumes: 00 00 00 00 00 00 00 00 00 00 00 00
00:01:03.263596 Audio Mixer: MUTING sink 'AC'97 Mixer/PCM Output' -- channel volumes: 00 00 00 00 00 00 00 00 00 00 00 00
00:01:03.263613 Audio Mixer: MUTING master volume of 'AC'97 Mixer' -- channel volumes: 83 83 83 83 83 83 83 83 83 83 83 83
00:01:03.263614 Audio Mixer: MUTING sink 'AC'97 Mixer/Line In' -- channel volumes: 00 00 00 00 00 00 00 00 00 00 00 00
00:01:03.263615 Audio Mixer: MUTING sink 'AC'97 Mixer/Microphone In' -- channel volumes: 00 00 00 00 00 00 00 00 00 00 00 00
00:01:03.263615 Audio Mixer: MUTING sink 'AC'97 Mixer/PCM Output' -- channel volumes: 00 00 00 00 00 00 00 00 00 00 00 00
00:01:03.263939 Audio Mixer: MUTING sink 'AC'97 Mixer/PCM Output' -- channel volumes: 00 00 00 00 00 00 00 00 00 00 00 00
00:01:03.263950 Audio Mixer: MUTING sink 'AC'97 Mixer/Line In' -- channel volumes: 00 00 00 00 00 00 00 00 00 00 00 00
00:01:03.263951 Audio Mixer: MUTING sink 'AC'97 Mixer/Line In' -- channel volumes: 00 00 00 00 00 00 00 00 00 00 00 00
00:01:03.263961 Audio Mixer: MUTING sink 'AC'97 Mixer/Line In' -- channel volumes: 00 00 00 00 00 00 00 00 00 00 00 00
00:01:03.263962 Audio Mixer: MUTING sink 'AC'97 Mixer/Line In' -- channel volumes: 00 00 00 00 00 00 00 00 00 00 00 00
00:01:03.263971 Audio Mixer: MUTING sink 'AC'97 Mixer/Line In' -- channel volumes: 00 00 00 00 00 00 00 00 00 00 00 00
00:01:03.263973 Audio Mixer: MUTING sink 'AC'97 Mixer/Line In' -- channel volumes: 00 00 00 00 00 00 00 00 00 00 00 00
00:01:03.263982 Audio Mixer: MUTING sink 'AC'97 Mixer/Line In' -- channel volumes: 00 00 00 00 00 00 00 00 00 00 00 00
00:01:03.263984 Audio Mixer: MUTING sink 'AC'97 Mixer/Line In' -- channel volumes: 00 00 00 00 00 00 00 00 00 00 00 00
00:01:03.263990 AC97: Record select to left=mic, right=mic
00:01:03.263997 Audio Mixer: MUTING sink 'AC'97 Mixer/Line In' -- channel volumes: 00 00 00 00 00 00 00 00 00 00 00 00
00:01:03.263998 Audio Mixer: MUTING sink 'AC'97 Mixer/Line In' -- channel volumes: 00 00 00 00 00 00 00 00 00 00 00 00
00:01:03.354529 IEM: rdmsr(0x641) -> #GP(0)
00:01:03.354543 IEM: rdmsr(0x619) -> #GP(0)
00:01:03.354546 IEM: rdmsr(0x64d) -> #GP(0)
00:05:03.917361 GUI: UIMediumEnumerator: Medium-enumeration finished!
00:05:04.333510 GUI: UIMediumEnumerator: Medium-enumeration finished!
00:05:10.538954 GUI: UIMediumEnumerator: Medium-enumeration finished!
00:05:12.027321 GUI: UIMediumEnumerator: Medium-enumeration finished!
00:05:37.528010 GUI: UIMediumEnumerator: Medium-enumeration started...
00:05:37.819489 GUI: UIMediumEnumerator: Medium-enumeration finished!
00:05:42.949074 Shared Clipboard: Mode: Bidirectional
00:05:42.966513 Drag and drop mode: Bidirectional
00:05:42.985919 GUI: UIMediumEnumerator: Medium-enumeration finished!
00:05:43.007224 GUI: UIMediumEnumerator: Medium-enumeration finished!
00:05:43.009250 GUI: UIMediumEnumerator: Medium-enumeration finished!
00:05:53.990207 GUI: UIMediumEnumerator: Medium-enumeration finished!
00:05:55.900207 TM: Switching TSC mode from 'RealTSCOffset' to 'Dynamic'
00:05:55.937197 OHCI: Software reset
00:05:55.972920 ACPI: Reset initiated by ACPI
00:05:55.972932 Changing the VM state from 'RUNNING' to 'RESETTING'
00:05:55.973126 GIM: KVM: Resetting MSRs
00:05:55.973155 PIT: mode=3 count=0x10000 (65536) - 18.20 Hz (ch=0)
00:05:55.973557 Display::i_handleDisplayResize: uScreenId=0 pvVRAM=0000000000000000 w=1280 h=800 bpp=0 cbLine=0x0 flags=0x2 origin=0,0
00:05:55.973724 GUI: UISession::sltAdditionsChange: GA state really changed, notifying listeners.
00:05:55.975067 Display::i_handleDisplayResize: uScreenId=0 pvVRAM=0000000000000000 w=720 h=400 bpp=0 cbLine=0x0 flags=0x0 origin=0,0
00:05:55.977053 AHCI#0: Reset the HBA
00:05:55.977056 VD#0: Cancelling all active requests
00:05:55.977089 PIIX3 ATA: Ctl#0: finished processing RESET
00:05:55.977093 AC97: Reset
00:05:55.977094 AC97: Mixer reset (EAID=0x809, EACS=0x9)
00:05:55.977095 AC97: Record select to left=mic, right=mic
00:05:55.977096 Audio Mixer: MUTING master volume of 'AC'97 Mixer' -- channel volumes: ff ff ff ff ff ff ff ff ff ff ff ff
00:05:55.977099 Audio Mixer: MUTING sink 'AC'97 Mixer/Line In' -- channel volumes: 00 00 00 00 00 00 00 00 00 00 00 00
00:05:55.977105 Audio Mixer: MUTING sink 'AC'97 Mixer/Microphone In' -- channel volumes: 00 00 00 00 00 00 00 00 00 00 00 00
00:05:55.977106 Audio Mixer: MUTING sink 'AC'97 Mixer/PCM Output' -- channel volumes: 00 00 00 00 00 00 00 00 00 00 00 00
00:05:55.977107 Audio Mixer: MUTING sink 'AC'97 Mixer/PCM Output' -- channel volumes: 00 00 00 00 00 00 00 00 00 00 00 00
00:05:55.977108 Audio Mixer: MUTING sink 'AC'97 Mixer/Line In' -- channel volumes: 00 00 00 00 00 00 00 00 00 00 00 00
00:05:55.977109 Audio Mixer: MUTING sink 'AC'97 Mixer/Line In' -- channel volumes: 00 00 00 00 00 00 00 00 00 00 00 00
00:05:55.977110 Audio Mixer: MUTING sink 'AC'97 Mixer/Microphone In' -- channel volumes: 00 00 00 00 00 00 00 00 00 00 00 00
00:05:55.977138 PDMR3Reset: after     4 ms, 1 loops: 1 async tasks - piix3ide/0
00:05:55.977154 PIIX3 ATA: Ctl#1: finished processing RESET
00:05:55.977378 GUI: UIMachineViewNormal::adjustGuestScreenSize: Adjust guest-screen size if necessary
00:05:55.977394 GUI: UIMachineLogicNormal::sltCheckForRequestedVisualStateType: Requested-state=1, Machine-state=6
00:05:55.979365 GUI: UIMachineLogic: Guest-screen count changed
00:05:56.002549 Changing the VM state from 'RESETTING' to 'RUNNING'
00:05:56.003064 OHCI: root hub reset completed with VINF_SUCCESS
00:05:56.003340 VMMDev: Guest Log: BIOS: VirtualBox 7.2.6
00:05:56.003372 PCI: Setting up resources and interrupts
00:05:56.003480 PIT: mode=2 count=0x10000 (65536) - 18.20 Hz (ch=0)
00:05:56.012974 VMMDev: Guest Log: CPUID EDX: 0x178bfbff
00:05:56.013008 PIIX3 ATA: Ctl#0: RESET, DevSel=0 AIOIf=0 CmdIf0=0xa0 (-1 usec ago) CmdIf1=0x00 (-1 usec ago)
00:05:56.013019 PIIX3 ATA: Ctl#0: finished processing RESET
00:05:56.013435 AHCI#0: Reset the HBA
00:05:56.013437 VD#0: Cancelling all active requests
00:05:56.013459 AHCI#0: Port 0 reset
00:05:56.013474 VD#0: Cancelling all active requests
00:05:56.013770 VMMDev: Guest Log: BIOS: AHCI 0-P#0: PCHS=16383/16/63 LCHS=1024/255/63 0x0000000003200000 sectors
00:05:56.015433 PIT: mode=2 count=0x48d3 (18643) - 64.00 Hz (ch=0)
00:05:56.031083 Display::i_handleDisplayResize: uScreenId=0 pvVRAM=00007da8a2000000 w=640 h=480 bpp=32 cbLine=0xA00 flags=0x0 origin=0,0
00:05:56.359710 GUI: UIMediumEnumerator: Medium-enumeration finished!
00:05:57.084457 VMMDev: Guest Log: Key pressed: 001c
00:05:57.332960 PIT: mode=2 count=0x10000 (65536) - 18.20 Hz (ch=0)
00:05:57.333134 VMMDev: Guest Log: BIOS: Boot : bseqnr=1, bootseq=0231
00:05:57.333255 VMMDev: Guest Log: BIOS: Boot from Floppy 0 failed
00:05:57.333377 VMMDev: Guest Log: BIOS: Boot : bseqnr=2, bootseq=0023
00:05:57.333586 VMMDev: Guest Log: BIOS: CDROM boot failure code : 0003
00:05:57.333684 VMMDev: Guest Log: BIOS: Boot from CD-ROM failed
00:05:57.333806 VMMDev: Guest Log: BIOS: Boot : bseqnr=3, bootseq=0002
00:05:57.334214 VMMDev: Guest Log: BIOS: Booting from Hard Disk...
00:05:57.387903 Display::i_handleDisplayResize: uScreenId=0 pvVRAM=0000000000000000 w=720 h=400 bpp=0 cbLine=0x0 flags=0x0 origin=0,0
00:05:57.501638 Display::i_handleDisplayResize: uScreenId=0 pvVRAM=00007da8a2000000 w=640 h=480 bpp=32 cbLine=0xA00 flags=0x0 origin=0,0
00:05:57.991960 Display::i_handleDisplayResize: uScreenId=0 pvVRAM=0000000000000000 w=720 h=400 bpp=0 cbLine=0x0 flags=0x0 origin=0,0
00:05:58.111025 GIM: KVM: VCPU  0: Enabled system-time struct. at 0x0000000013003000 - u32TscScale=0x95d10423 i8TscShift=-1 uVersion=2 fFlags=0x1 uTsc=0x1b28b3673 uVirtNanoTS=0x7f26e8ae TscKHz=3417514
00:05:58.111041 TM: Switching TSC mode from 'Dynamic' to 'RealTSCOffset'
00:05:58.138405 GIM: KVM: Enabled wall-clock struct. at 0x0000000013002000 - u32Sec=1789732930 u32Nano=643356144 uVersion=2
00:05:58.161766 PIT: mode=2 count=0x4a9 (1193) - 1000.15 Hz (ch=0)
00:05:58.162046 APIC0: Switched mode to x2APIC
00:05:58.163823 IEM: rdmsr(0x140) -> #GP(0)
00:05:58.164119 IEM: rdmsr(0x87) -> #GP(0)
00:05:58.289198 PIT: mode=0 count=0x10000 (65536) - 18.20 Hz (ch=0)
00:05:58.329140 GUI: UIMediumEnumerator: Medium-enumeration finished!
00:05:58.378129 OHCI: Software reset
00:05:58.378841 IEM: rdmsr(0x64e) -> #GP(0)
00:05:58.422030 PIIX3 ATA: Ctl#0: RESET, DevSel=0 AIOIf=0 CmdIf0=0xa0 (-1 usec ago) CmdIf1=0x00 (-1 usec ago)
00:05:58.422082 PIIX3 ATA: Ctl#0: finished processing RESET
00:05:58.423118 OHCI: USB Reset
00:05:58.479428 OHCI: Software reset
00:05:58.479717 OHCI: USB Operational
00:05:58.482541 EHCI: Hardware reset
00:05:58.482745 EHCI: USB Operational
00:05:58.485959 IEM: rdmsr(0xc0011029) -> #GP(0)
00:05:58.518013 EHCI: USB Suspended
00:05:58.979261 GCMInterceptedIOPortRead: Unknown vmware hypervisor call: rcx=0xa (cmd), rbx=0x0 (len/whatever), rsi=0x1 (input), rdi=0xffff89a0c192fa00 (input), rdx=0x5658 (flags + chid) at 0010:ffffffffc065f5dd
00:05:58.986741 AHCI#0: Reset the HBA
00:05:58.986749 VD#0: Cancelling all active requests
00:05:58.992038 AHCI#0: Port 0 reset
00:05:58.995054 VD#0: Cancelling all active requests
00:06:01.304246 NAT: Link up
00:06:01.381629 VMMDev: Guest Log: vboxguest: host-version: 7.2.6r172322 0x8000000f
00:06:01.381651 VMMDev: Guest Additions information report: Version 6.0.0 r127566 '6.0.0'
00:06:01.381663 VMMDev: Guest Additions information report: Interface = 0x00010004 osType = 0x00053100 (Linux >= 2.6, 64-bit)
00:06:01.381700 VMMDev: Guest Additions capability report: (0x0 -> 0x0) seamless: no, hostWindowMapping: no, graphics: no
00:06:01.381720 VMMDev: Heartbeat checking timer has been stopped (rc=VINF_SUCCESS)
00:06:01.381727 VMMDev: Heartbeat flatline timer set to trigger after 4 000 000 000 ns
00:06:01.381806 GUI: UISession::sltAdditionsChange: GA state doesn't really changed, still notifying listeners.
00:06:01.381811 GUI: UIMachineLogicNormal::sltCheckForRequestedVisualStateType: Requested-state=1, Machine-state=6
00:06:01.381814 GUI: UISession::sltAdditionsChange: GA state doesn't really changed, still notifying listeners.
00:06:01.381814 GUI: UIMachineLogicNormal::sltCheckForRequestedVisualStateType: Requested-state=1, Machine-state=6
00:06:01.381985 VMMDev: Guest Log: vbg_heartbeat_init: Setting up heartbeat to trigger every 2000 milliseconds
00:06:01.406840 GUI: UISession::sltAdditionsChange: GA state really changed, notifying listeners.
00:06:01.411723 GUI: UIMachineViewNormal::adjustGuestScreenSize: Adjust guest-screen size if necessary
00:06:01.411745 GUI: UIMachineLogicNormal::sltCheckForRequestedVisualStateType: Requested-state=1, Machine-state=6
00:06:01.502180 Enabling different vbva mode
00:06:01.506315 Display::i_handleDisplayResize: uScreenId=0 pvVRAM=00007da8805ff7d0 w=1280 h=800 bpp=32 cbLine=0x1400 flags=0x1 origin=0,0
00:06:01.528976 IEM: rdmsr(0x619) -> #GP(0)
00:06:01.528984 IEM: rdmsr(0x641) -> #GP(0)
00:06:01.528986 IEM: rdmsr(0x64d) -> #GP(0)
00:06:01.554936 IEM: rdmsr(0x641) -> #GP(0)
00:06:01.554944 IEM: rdmsr(0x619) -> #GP(0)
00:06:01.554946 IEM: rdmsr(0x64d) -> #GP(0)
00:06:01.751138 AC97: Reset
00:06:01.751151 AC97: Mixer reset (EAID=0x809, EACS=0x9)
00:06:01.751153 AC97: Record select to left=mic, right=mic
00:06:01.751154 Audio Mixer: MUTING master volume of 'AC'97 Mixer' -- channel volumes: ff ff ff ff ff ff ff ff ff ff ff ff
00:06:01.751156 Audio Mixer: MUTING sink 'AC'97 Mixer/Line In' -- channel volumes: 00 00 00 00 00 00 00 00 00 00 00 00
00:06:01.751158 Audio Mixer: MUTING sink 'AC'97 Mixer/Microphone In' -- channel volumes: 00 00 00 00 00 00 00 00 00 00 00 00
00:06:01.751158 Audio Mixer: MUTING sink 'AC'97 Mixer/PCM Output' -- channel volumes: 00 00 00 00 00 00 00 00 00 00 00 00
00:06:01.751160 Audio Mixer: MUTING sink 'AC'97 Mixer/PCM Output' -- channel volumes: 00 00 00 00 00 00 00 00 00 00 00 00
00:06:01.751161 Audio Mixer: MUTING sink 'AC'97 Mixer/Line In' -- channel volumes: 00 00 00 00 00 00 00 00 00 00 00 00
00:06:01.751161 Audio Mixer: MUTING sink 'AC'97 Mixer/Line In' -- channel volumes: 00 00 00 00 00 00 00 00 00 00 00 00
00:06:01.751162 Audio Mixer: MUTING sink 'AC'97 Mixer/Microphone In' -- channel volumes: 00 00 00 00 00 00 00 00 00 00 00 00
00:06:01.751229 Audio Mixer: MUTING sink 'AC'97 Mixer/Line In' -- channel volumes: 00 00 00 00 00 00 00 00 00 00 00 00
00:06:01.751237 Audio Mixer: MUTING sink 'AC'97 Mixer/Line In' -- channel volumes: 00 00 00 00 00 00 00 00 00 00 00 00
00:06:01.751252 Audio Mixer: MUTING sink 'AC'97 Mixer/Line In' -- channel volumes: 00 00 00 00 00 00 00 00 00 00 00 00
00:06:01.751254 Audio Mixer: MUTING sink 'AC'97 Mixer/Line In' -- channel volumes: 00 00 00 00 00 00 00 00 00 00 00 00
00:06:01.751275 AC97: Reset
00:06:01.751276 AC97: Mixer reset (EAID=0x809, EACS=0x9)
00:06:01.751277 AC97: Record select to left=mic, right=mic
00:06:01.751277 Audio Mixer: MUTING master volume of 'AC'97 Mixer' -- channel volumes: ff ff ff ff ff ff ff ff ff ff ff ff
00:06:01.751278 Audio Mixer: MUTING sink 'AC'97 Mixer/Line In' -- channel volumes: 00 00 00 00 00 00 00 00 00 00 00 00
00:06:01.751279 Audio Mixer: MUTING sink 'AC'97 Mixer/Microphone In' -- channel volumes: 00 00 00 00 00 00 00 00 00 00 00 00
00:06:01.751279 Audio Mixer: MUTING sink 'AC'97 Mixer/PCM Output' -- channel volumes: 00 00 00 00 00 00 00 00 00 00 00 00
00:06:01.751280 Audio Mixer: MUTING sink 'AC'97 Mixer/PCM Output' -- channel volumes: 00 00 00 00 00 00 00 00 00 00 00 00
00:06:01.751281 Audio Mixer: MUTING sink 'AC'97 Mixer/Line In' -- channel volumes: 00 00 00 00 00 00 00 00 00 00 00 00
00:06:01.751282 Audio Mixer: MUTING sink 'AC'97 Mixer/Line In' -- channel volumes: 00 00 00 00 00 00 00 00 00 00 00 00
00:06:01.751283 Audio Mixer: MUTING sink 'AC'97 Mixer/Microphone In' -- channel volumes: 00 00 00 00 00 00 00 00 00 00 00 00
00:06:01.751725 Audio Mixer: Setting master volume of 'AC'97 Mixer' -- channel volumes: ff ff ff ff ff ff ff ff ff ff ff ff
00:06:01.751727 Audio Mixer: MUTING sink 'AC'97 Mixer/Line In' -- channel volumes: 00 00 00 00 00 00 00 00 00 00 00 00
00:06:01.751728 Audio Mixer: MUTING sink 'AC'97 Mixer/Microphone In' -- channel volumes: 00 00 00 00 00 00 00 00 00 00 00 00
00:06:01.751729 Audio Mixer: MUTING sink 'AC'97 Mixer/PCM Output' -- channel volumes: 00 00 00 00 00 00 00 00 00 00 00 00
00:06:01.751738 Audio Mixer: MUTING master volume of 'AC'97 Mixer' -- channel volumes: ff ff ff ff ff ff ff ff ff ff ff ff
00:06:01.751739 Audio Mixer: MUTING sink 'AC'97 Mixer/Line In' -- channel volumes: 00 00 00 00 00 00 00 00 00 00 00 00
00:06:01.751740 Audio Mixer: MUTING sink 'AC'97 Mixer/Microphone In' -- channel volumes: 00 00 00 00 00 00 00 00 00 00 00 00
00:06:01.751741 Audio Mixer: MUTING sink 'AC'97 Mixer/PCM Output' -- channel volumes: 00 00 00 00 00 00 00 00 00 00 00 00
00:06:01.751751 Audio Mixer: MUTING master volume of 'AC'97 Mixer' -- channel volumes: ff ff ff ff ff ff ff ff ff ff ff ff
00:06:01.751752 Audio Mixer: MUTING sink 'AC'97 Mixer/Line In' -- channel volumes: 00 00 00 00 00 00 00 00 00 00 00 00
00:06:01.751753 Audio Mixer: MUTING sink 'AC'97 Mixer/Microphone In' -- channel volumes: 00 00 00 00 00 00 00 00 00 00 00 00
00:06:01.751753 Audio Mixer: MUTING sink 'AC'97 Mixer/PCM Output' -- channel volumes: 00 00 00 00 00 00 00 00 00 00 00 00
00:06:01.751765 Audio Mixer: MUTING master volume of 'AC'97 Mixer' -- channel volumes: ff ff ff ff ff ff ff ff ff ff ff ff
00:06:01.751766 Audio Mixer: MUTING sink 'AC'97 Mixer/Line In' -- channel volumes: 00 00 00 00 00 00 00 00 00 00 00 00
00:06:01.751767 Audio Mixer: MUTING sink 'AC'97 Mixer/Microphone In' -- channel volumes: 00 00 00 00 00 00 00 00 00 00 00 00
00:06:01.751767 Audio Mixer: MUTING sink 'AC'97 Mixer/PCM Output' -- channel volumes: 00 00 00 00 00 00 00 00 00 00 00 00
00:06:01.751774 Audio Mixer: MUTING master volume of 'AC'97 Mixer' -- channel volumes: 83 83 83 83 83 83 83 83 83 83 83 83
00:06:01.751775 Audio Mixer: MUTING sink 'AC'97 Mixer/Line In' -- channel volumes: 00 00 00 00 00 00 00 00 00 00 00 00
00:06:01.751776 Audio Mixer: MUTING sink 'AC'97 Mixer/Microphone In' -- channel volumes: 00 00 00 00 00 00 00 00 00 00 00 00
00:06:01.751777 Audio Mixer: MUTING sink 'AC'97 Mixer/PCM Output' -- channel volumes: 00 00 00 00 00 00 00 00 00 00 00 00
00:06:01.751789 Audio Mixer: MUTING master volume of 'AC'97 Mixer' -- channel volumes: bf bf bf bf bf bf bf bf bf bf bf bf
00:06:01.751790 Audio Mixer: MUTING sink 'AC'97 Mixer/Line In' -- channel volumes: 00 00 00 00 00 00 00 00 00 00 00 00
00:06:01.751792 Audio Mixer: MUTING sink 'AC'97 Mixer/Microphone In' -- channel volumes: 00 00 00 00 00 00 00 00 00 00 00 00
00:06:01.751793 Audio Mixer: MUTING sink 'AC'97 Mixer/PCM Output' -- channel volumes: 00 00 00 00 00 00 00 00 00 00 00 00
00:06:01.751830 Audio Mixer: MUTING master volume of 'AC'97 Mixer' -- channel volumes: 83 83 83 83 83 83 83 83 83 83 83 83
00:06:01.751832 Audio Mixer: MUTING sink 'AC'97 Mixer/Line In' -- channel volumes: 00 00 00 00 00 00 00 00 00 00 00 00
00:06:01.751832 Audio Mixer: MUTING sink 'AC'97 Mixer/Microphone In' -- channel volumes: 00 00 00 00 00 00 00 00 00 00 00 00
00:06:01.751833 Audio Mixer: MUTING sink 'AC'97 Mixer/PCM Output' -- channel volumes: 00 00 00 00 00 00 00 00 00 00 00 00
00:06:01.752153 Audio Mixer: MUTING sink 'AC'97 Mixer/PCM Output' -- channel volumes: 00 00 00 00 00 00 00 00 00 00 00 00
00:06:01.752163 Audio Mixer: MUTING sink 'AC'97 Mixer/Line In' -- channel volumes: 00 00 00 00 00 00 00 00 00 00 00 00
00:06:01.752165 Audio Mixer: MUTING sink 'AC'97 Mixer/Line In' -- channel volumes: 00 00 00 00 00 00 00 00 00 00 00 00
00:06:01.752174 Audio Mixer: MUTING sink 'AC'97 Mixer/Line In' -- channel volumes: 00 00 00 00 00 00 00 00 00 00 00 00
00:06:01.752175 Audio Mixer: MUTING sink 'AC'97 Mixer/Line In' -- channel volumes: 00 00 00 00 00 00 00 00 00 00 00 00
00:06:01.752184 Audio Mixer: MUTING sink 'AC'97 Mixer/Line In' -- channel volumes: 00 00 00 00 00 00 00 00 00 00 00 00
00:06:01.752186 Audio Mixer: MUTING sink 'AC'97 Mixer/Line In' -- channel volumes: 00 00 00 00 00 00 00 00 00 00 00 00
00:06:01.752195 Audio Mixer: MUTING sink 'AC'97 Mixer/Line In' -- channel volumes: 00 00 00 00 00 00 00 00 00 00 00 00
00:06:01.752197 Audio Mixer: MUTING sink 'AC'97 Mixer/Line In' -- channel volumes: 00 00 00 00 00 00 00 00 00 00 00 00
00:06:01.752203 AC97: Record select to left=mic, right=mic
00:06:01.752210 Audio Mixer: MUTING sink 'AC'97 Mixer/Line In' -- channel volumes: 00 00 00 00 00 00 00 00 00 00 00 00
00:06:01.752211 Audio Mixer: MUTING sink 'AC'97 Mixer/Line In' -- channel volumes: 00 00 00 00 00 00 00 00 00 00 00 00
00:06:01.818242 GUI: UIMediumEnumerator: Medium-enumeration finished!
00:06:14.035814 GUI: UIMediumEnumerator: Medium-enumeration finished!
00:06:16.525799 GUI: UIMediumEnumerator: Medium-enumeration finished!
00:06:20.809169 GUI: UIMediumEnumerator: Medium-enumeration finished!
00:06:44.841830 GUI: UIMediumEnumerator: Medium-enumeration finished!
00:06:47.327227 GUI: UIMediumEnumerator: Medium-enumeration finished!
00:06:51.614391 GUI: UIMediumEnumerator: Medium-enumeration finished!
00:42:41.473363 Console: Machine state changed to 'Stopping'
00:42:41.474435 Console::powerDown(): A request to power off the VM has been issued (mMachineState=Stopping, InUninit=0)
00:42:41.475394 Changing the VM state from 'RUNNING' to 'POWERING_OFF'
00:42:41.475433 ****************** Guest state at power off for VCpu 0 ******************
00:42:41.475446 Guest CPUM (VCPU 0) state: 
00:42:41.475450 rax=0000000000000000 rbx=0000000000000001 rcx=0000000000000000 rdx=0000000000000000
00:42:41.475455 rsi=0000000000000000 rdi=0000000000000000 r8 =ffffffff8ac134c0 r9 =0000000000000000
00:42:41.475457 r10=0000000000000000 r11=0000000000000000 r12=ffffffff8ac134c0 r13=0000000000000000
00:42:41.475460 r14=ffffffff8b62f480 r15=0000000000000000
00:42:41.475461 rip=ffffffff899245d2 rsp=ffffffff8ac03df0 rbp=ffffffff8ac03df0 iopl=0  iopl=0 nv up ei pl zr na po nc
00:42:41.475465 cs={0010 base=0000000000000000 limit=ffffffff flags=0000a09b}
00:42:41.475467 ds={0000 base=0000000000000000 limit=ffffffff flags=0001c000}
00:42:41.475469 es={0000 base=0000000000000000 limit=ffffffff flags=0001c000}
00:42:41.475471 fs={0000 base=0000000000000000 limit=ffffffff flags=0001c000}
00:42:41.475472 gs={0000 base=ffff89a1b45ff000 limit=ffffffff flags=0001c000}
00:42:41.475474 ss={0018 base=0000000000000000 limit=ffffffff flags=0000c093}
00:42:41.475476 cr0=0000000080050033 cr2=000056bebec1c578 cr3=000000000971b004 cr4=00000000000706f0
00:42:41.475479 dr0=0000000000000000 dr1=0000000000000000 dr2=0000000000000000 dr3=0000000000000000
00:42:41.475481 dr4=0000000000000000 dr5=0000000000000000 dr6=00000000ffff0ff0 dr7=0000000000000400
00:42:41.475483 gdtr=fffffe3ef53a3000:007f  idtr=fffffe0000000000:0fff  eflags=00000246
00:42:41.475486 ldtr={0000 base=00000000 limit=ffffffff flags=0001c000}
00:42:41.475487 tr  ={0040 base=fffffe3ef53a5000 limit=00004087 flags=0000008b}
00:42:41.475490 SysEnter={cs=0010 eip=ffffffff88201970 esp=fffffe3ef53a5000}
00:42:41.475493 xcr=0000000000000007 xcr1=0000000000000000 xss=0000000000000000 (fXStateMask=0000000000000007)
00:42:41.475495 FCW=037f FSW=0000 FTW=0000 FOP=0000 MXCSR=00009fc0 MXCSR_MASK=0000ffff
00:42:41.475498 FPUIP=00000000 CS=0000 Rsrvd1=0000  FPUDP=00000000 DS=0000 Rsvrd2=0000
00:42:41.475500 ST(0)=FPR0={0000'00000000'00000000} t0 +0.0000000000000000000000 * 2 ^ -16383 (*)
00:42:41.475505 ST(1)=FPR1={0000'00000000'00000000} t0 +0.0000000000000000000000 * 2 ^ -16383 (*)
00:42:41.475509 ST(2)=FPR2={0000'00000000'00000000} t0 +0.0000000000000000000000 * 2 ^ -16383 (*)
00:42:41.475511 ST(3)=FPR3={0000'00000000'00000000} t0 +0.0000000000000000000000 * 2 ^ -16383 (*)
00:42:41.475513 ST(4)=FPR4={0000'00000000'00000000} t0 +0.0000000000000000000000 * 2 ^ -16383 (*)
00:42:41.475516 ST(5)=FPR5={0000'00000000'00000000} t0 +0.0000000000000000000000 * 2 ^ -16383 (*)
00:42:41.475518 ST(6)=FPR6={0000'00000000'00000000} t0 +0.0000000000000000000000 * 2 ^ -16383 (*)
00:42:41.475520 ST(7)=FPR7={0000'00000000'00000000} t0 +0.0000000000000000000000 * 2 ^ -16383 (*)
00:42:41.475523 YMM0 =00000000'00000000'00000000'00000000'00000000'3b6a8a70'00000000'00000003
00:42:41.475527 YMM1 =00000000'00000000'00000000'00000000'00000000'00000000'00000000'00000000
00:42:41.475529 YMM2 =00000000'00000000'00000000'00000000'ffff0000'000000ff'00000000'00000000
00:42:41.475532 YMM3 =00000000'00000000'00000000'00000000'00000000'00ff0000'000000ff'000000ff
00:42:41.475535 YMM4 =00000000'00000000'00000000'00000000'00005c57'e02c52f4'00000000'00000000
00:42:41.475552 YMM5 =00000000'00000000'00000000'00000000'00005c57'e02c52f8'00000000'00000000
00:42:41.475555 YMM6 =00000000'00000000'00000000'00000000'00000000'00000000'00007166'94000038
00:42:41.475557 YMM7 =00000000'00000000'00000000'00000000'2f2f2f2f'2f2f2f2f'2f2f2f2f'2f2f2f2f
00:42:41.475560 YMM8 =00000000'00000000'00000000'00000000'00005c57'e02c52f0'00000000'00000000
00:42:41.475563 YMM9 =00000000'00000000'00000000'00000000'00000000'00000000'00000000'00000000
00:42:41.475565 YMM10=00000000'00000000'00000000'00000000'00000000'00000000'00000000'00000000
00:42:41.475568 YMM11=00000000'00000000'00000000'00000000'00000000'00000000'00000000'00000000
00:42:41.475570 YMM12=00000000'00000000'00000000'00000000'00000000'00000000'00000000'00000000
00:42:41.475573 YMM13=00000000'00000000'00000000'00000000'00000000'00000000'00000000'00000000
00:42:41.475575 YMM14=00000000'00000000'00000000'00000000'00000000'00000000'00000000'00000000
00:42:41.475578 YMM15=00000000'00000000'00000000'00000000'00000000'00000000'00000000'00000000
00:42:41.475581 EFER         =0000000000000d01
00:42:41.475582 PAT          =0407050600070106
00:42:41.475584 STAR         =0023001000000000
00:42:41.475585 CSTAR        =0000000000000000
00:42:41.475586 LSTAR        =ffffffff88200080
00:42:41.475587 SFMASK       =0000000000257fd5
00:42:41.475588 KERNELGSBASE =0000000000000000
00:42:41.475589 MTRR_CAP          =0000000000000510
00:42:41.475590 MTRR_DEF_TYPE     =0000000000000c00
00:42:41.475591 MTRR_FIX64K_00000 =0606060606060606
00:42:41.475592 MTRR_FIX16K_80000 =0606060606060606
00:42:41.475593 MTRR_FIX16K_A0000 =0000000000000000
00:42:41.475594 MTRR_FIX4K_C0000  =0505050505050505
00:42:41.475595 MTRR_FIX4K_C8000  =0505050505050505
00:42:41.475596 MTRR_FIX4K_D0000  =0505050505050505
00:42:41.475597 MTRR_FIX4K_D8000  =0505050505050505
00:42:41.475598 MTRR_FIX4K_E0000  =0505050505050505
00:42:41.475600 MTRR_FIX4K_E8000  =0505050505050505
00:42:41.475601 MTRR_FIX4K_F0000  =0505050505050505
00:42:41.475602 MTRR_FIX4K_F8000  =0505050505050505
00:42:41.475603 MTRR_PHYSBASE[ 0] =0000000000000006 First=0000000000000000      0 MB [WB]
00:42:41.475606 MTRR_PHYSMASK[ 0] =00003fff80000800 Last =000000007fffffff   2047 MB [2048 MB]
00:42:41.475609 MTRR_PHYSBASE[ 1] =00000000e0000001
00:42:41.475610 MTRR_PHYSMASK[ 1] =00003fffff000000
00:42:41.475612 MTRR_PHYSBASE[ 2] =0000000000000000
00:42:41.475613 MTRR_PHYSMASK[ 2] =0000000000000000
00:42:41.475614 MTRR_PHYSBASE[ 3] =0000000000000000
00:42:41.475615 MTRR_PHYSMASK[ 3] =0000000000000000
00:42:41.475615 MTRR_PHYSBASE[ 4] =0000000000000000
00:42:41.475616 MTRR_PHYSMASK[ 4] =0000000000000000
00:42:41.475617 MTRR_PHYSBASE[ 5] =0000000000000000
00:42:41.475618 MTRR_PHYSMASK[ 5] =0000000000000000
00:42:41.475619 MTRR_PHYSBASE[ 6] =0000000000000000
00:42:41.475620 MTRR_PHYSMASK[ 6] =0000000000000000
00:42:41.475621 MTRR_PHYSBASE[ 7] =0000000000000000
00:42:41.475621 MTRR_PHYSMASK[ 7] =0000000000000000
00:42:41.475622 MTRR_PHYSBASE[ 8] =0000000000000000
00:42:41.475623 MTRR_PHYSMASK[ 8] =0000000000000000
00:42:41.475624 MTRR_PHYSBASE[ 9] =0000000000000000
00:42:41.475625 MTRR_PHYSMASK[ 9] =0000000000000000
00:42:41.475626 MTRR_PHYSBASE[10] =0000000000000000
00:42:41.475626 MTRR_PHYSMASK[10] =0000000000000000
00:42:41.475627 MTRR_PHYSBASE[11] =0000000000000000
00:42:41.475628 MTRR_PHYSMASK[11] =0000000000000000
00:42:41.475629 MTRR_PHYSBASE[12] =0000000000000000
00:42:41.475630 MTRR_PHYSMASK[12] =0000000000000000
00:42:41.475631 MTRR_PHYSBASE[13] =0000000000000000
00:42:41.475631 MTRR_PHYSMASK[13] =0000000000000000
00:42:41.475632 MTRR_PHYSBASE[14] =0000000000000000
00:42:41.475633 MTRR_PHYSMASK[14] =0000000000000000
00:42:41.475634 MTRR_PHYSBASE[15] =0000000000000000
00:42:41.475635 MTRR_PHYSMASK[15] =0000000000000000
00:42:41.475638 ***
00:42:41.475642 VCPU[0] hardware virtualization state:
00:42:41.475643 fSavedInhibit                = 0x0
00:42:41.475644 In nested-guest hwvirt mode  = false
00:42:41.475647 Hwvirt state disabled.
00:42:41.475647 ***
00:42:41.475657 Guest paging mode (VCPU #0):  AMD64+NX (changed 11317 times), A20 enabled (changed 2 times)
00:42:41.475660 Guest SLAT mode (VCPU #0): Direct
00:42:41.475662 Shadow paging mode (VCPU #0): EPT
00:42:41.475663 Host paging mode:             AMD64+G+NX
00:42:41.475664 ***
00:42:41.475667 Active Timers (pVM=00007da8b7acc000)
00:42:41.475668 pTimerR3         offNext  offPrev  offSched Clock               Time             Expire HzHint State                     Description
00:42:41.475675 00007da9109e5180 00000007 ffffffff ffffffff Real            21201869           21201876      0 2-ACTIVE                  VGA Refresh
00:42:41.475681 00007da9109e5380 ffffffff 00000003 ffffffff Real            21201869           21202673      0 2-ACTIVE                  CPU Load Timer
00:42:41.475685 00007da8b55f0280 ffffffff ffffffff ffffffff Virt       2560898723289      2564898049399      0 2-ACTIVE                  Heartbeat flatlined
00:42:41.475691 00007da8fd7bf080 00000004 ffffffff ffffffff VrSy       2560898238551      2560898451698   1088 2-ACTIVE                  APIC Timer 0
00:42:41.475695 00007da8fd7bf200 00000009 00000001 ffffffff VrSy       2560898243291      2560990000000      0 2-ACTIVE                  MC146818 RTC Second
00:42:41.475700 00007da8fd7bf480 ffffffff 00000004 ffffffff VrSy       2560898247555      2755128180823      0 2-ACTIVE                  ACPI PM
00:42:41.475704 ***
00:42:41.475707 Guest GDT (GCAddr=fffffe3ef53a3000 limit=7f):
00:42:41.475727 0008 - 0000ffff 00cf9b00 - base=00000000 limit=ffffffff dpl=0 CodeER Accessed Present Page 32-bit 
00:42:41.475731 0010 - 0000ffff 00af9b00 - base=00000000 limit=ffffffff dpl=0 CodeER Accessed Present Page 16-bit 
00:42:41.475733 0018 - 0000ffff 00cf9300 - base=00000000 limit=ffffffff dpl=0 DataRW Accessed Present Page 32-bit 
00:42:41.475736 0020 - 0000ffff 00cffb00 - base=00000000 limit=ffffffff dpl=3 CodeER Accessed Present Page 32-bit 
00:42:41.475738 0028 - 0000ffff 00cff300 - base=00000000 limit=ffffffff dpl=3 DataRW Accessed Present Page 32-bit 
00:42:41.475740 0030 - 0000ffff 00affb00 - base=00000000 limit=ffffffff dpl=3 CodeER Accessed Present Page 16-bit 
00:42:41.475744 0040 - 50004087 f5008b3a - base=f53a5000 limit=00004087 dpl=0 TSS32Busy Present 16-bit 
00:42:41.475749 0078 - 00000000 0040f500 - base=00000000 limit=00000000 dpl=3 DataDownRO Accessed Present 32-bit 
00:42:41.475751 ************** End of Guest state at power off ***************
00:42:41.475878 Display::i_handleDisplayResize: uScreenId=0 pvVRAM=0000000000000000 w=1280 h=800 bpp=0 cbLine=0x0 flags=0x2 origin=0,0
00:42:41.475914 ERROR [COM]: aRC=E_ACCESSDENIED (0x80070005) aIID={6ac83d89-6ee7-4e33-8ae6-b257b2e81be8} aComponent={ConsoleWrap} aText={The virtual machine is being powered down}, preserve=false aResultDetail=0
00:42:41.738317 PDMR3PowerOff: 262 513 543 ns run time
00:42:41.738363 Changing the VM state from 'POWERING_OFF' to 'OFF'
00:42:41.742830 Changing the VM state from 'OFF' to 'DESTROYING'
00:42:41.742909 ************************* Statistics *************************
00:42:41.742932 /CPUM/MSR-Totals/Reads                        282505 times
00:42:41.742942 /CPUM/MSR-Totals/ReadsRaisingGP                    0 times
00:42:41.742947 /CPUM/MSR-Totals/ReadsUnknown                     20 times
00:42:41.742952 /CPUM/MSR-Totals/Writes                      5218540 times
00:42:41.742957 /CPUM/MSR-Totals/WritesRaisingGP                   0 times
00:42:41.742961 /CPUM/MSR-Totals/WritesToIgnoredBits               2 times
00:42:41.742965 /CPUM/MSR-Totals/WritesUnknown                     0 times
00:42:41.742971 /Devices/8237A/DmaRun                              0 ticks/call (           0 ticks,       0 calls, max         0, min      -1)
00:42:41.742979 /Devices/IDE0/ATA0/Unit0/AtapiDMA              38049 times
00:42:41.742984 /Devices/IDE0/ATA0/Unit0/AtapiPIO               5949 times
00:42:41.742990 /Devices/IDE0/ATA0/Unit0/DMA                       0 times
00:42:41.742996 /Devices/IDE0/ATA0/Unit0/PIO                       0 times
00:42:41.743002 /Devices/IDE0/ATA0/Unit0/ReadBytes         4532234240 bytes
00:42:41.743007 /Devices/IDE0/ATA0/Unit0/StatusYields           2051 ticks/call (    11801211 ticks,    5752 calls, max     34923, min     720)
00:42:41.743015 /Devices/IDE0/ATA0/Unit0/WrittenBytes              0 bytes
00:42:41.743021 /Devices/IDE0/ATA0/Unit1/AtapiDMA                  0 times
00:42:41.743026 /Devices/IDE0/ATA0/Unit1/AtapiPIO                  0 times
00:42:41.743031 /Devices/IDE0/ATA0/Unit1/DMA                       0 times
00:42:41.743037 /Devices/IDE0/ATA0/Unit1/PIO                       0 times
00:42:41.743043 /Devices/IDE0/ATA0/Unit1/ReadBytes                 0 bytes
00:42:41.743048 /Devices/IDE0/ATA0/Unit1/StatusYields              0 ticks/call (           0 ticks,       0 calls, max         0, min      -1)
00:42:41.743055 /Devices/IDE0/ATA0/Unit1/WrittenBytes              0 bytes
00:42:41.743060 /Devices/IDE0/ATA1/Unit0/AtapiDMA                  0 times
00:42:41.743066 /Devices/IDE0/ATA1/Unit0/AtapiPIO                  0 times
00:42:41.743071 /Devices/IDE0/ATA1/Unit0/DMA                       0 times
00:42:41.743077 /Devices/IDE0/ATA1/Unit0/PIO                       0 times
00:42:41.743083 /Devices/IDE0/ATA1/Unit0/ReadBytes                 0 bytes
00:42:41.743088 /Devices/IDE0/ATA1/Unit0/StatusYields              0 ticks/call (           0 ticks,       0 calls, max         0, min      -1)
00:42:41.743094 /Devices/IDE0/ATA1/Unit0/WrittenBytes              0 bytes
00:42:41.743099 /Devices/IDE0/ATA1/Unit1/AtapiDMA                  0 times
00:42:41.743105 /Devices/IDE0/ATA1/Unit1/AtapiPIO                  0 times
00:42:41.743110 /Devices/IDE0/ATA1/Unit1/DMA                       0 times
00:42:41.743115 /Devices/IDE0/ATA1/Unit1/PIO                       0 times
00:42:41.743120 /Devices/IDE0/ATA1/Unit1/ReadBytes                 0 bytes
00:42:41.743126 /Devices/IDE0/ATA1/Unit1/StatusYields              0 ticks/call (           0 ticks,       0 calls, max         0, min      -1)
00:42:41.743132 /Devices/IDE0/ATA1/Unit1/WrittenBytes              0 bytes
00:42:41.743138 /Devices/VMMDev/BalloonChunks                      0 count
00:42:41.743168 /Devices/VMMDev/FastIrqAckR3                       0 count
00:42:41.743175 /Devices/VMMDev/FastIrqAckRZ                       0 count
00:42:41.743181 /Devices/VMMDev/HGCM-Kernel/BudgetAvailable 1073741824 bytes
00:42:41.743186 /Devices/VMMDev/HGCM-Kernel/BudgetConfig   1073741824 bytes
00:42:41.743192 /Devices/VMMDev/HGCM-Kernel/BudgetOverruns         0 bytes
00:42:41.743198 /Devices/VMMDev/HGCM-Kernel/MessageHeapUsage         0 bytes/call (           0 bytes,       0 calls, max         0, min      -1)
00:42:41.743204 /Devices/VMMDev/HGCM-Root/BudgetAvailable  1073741824 bytes
00:42:41.743209 /Devices/VMMDev/HGCM-Root/BudgetConfig     1073741824 bytes
00:42:41.743215 /Devices/VMMDev/HGCM-Root/BudgetOverruns           0 bytes
00:42:41.743220 /Devices/VMMDev/HGCM-Root/MessageHeapUsage         0 bytes/call (           0 bytes,       0 calls, max         0, min      -1)
00:42:41.743226 /Devices/VMMDev/HGCM-User/BudgetAvailable  1073741824 bytes
00:42:41.743231 /Devices/VMMDev/HGCM-User/BudgetConfig     1073741824 bytes
00:42:41.743236 /Devices/VMMDev/HGCM-User/BudgetOverruns           0 bytes
00:42:41.743241 /Devices/VMMDev/HGCM-User/MessageHeapUsage         0 bytes/call (           0 bytes,       0 calls, max         0, min      -1)
00:42:41.743247 /Devices/VMMDev/LargeReqBufAllocs                  0 count
00:42:41.743252 /Devices/VMMDev/SlowIrqAck                         0 count
00:42:41.743258 /Devices/apic/0                              2772716 times
00:42:41.743269 /Devices/apic/0/Vectors/21                     41095 times
00:42:41.743274 /Devices/apic/0/Vectors/23                        51 times
00:42:41.743280 /Devices/apic/0/Vectors/24                      3479 times
00:42:41.743285 /Devices/apic/0/Vectors/25                      2336 times
00:42:41.743290 /Devices/apic/0/Vectors/26                      3465 times
00:42:41.743296 /Devices/apic/0/Vectors/27                     74613 times
00:42:41.743301 /Devices/apic/0/Vectors/28                    202083 times
00:42:41.743307 /Devices/apic/0/Vectors/29                      1152 times
00:42:41.743312 /Devices/apic/0/Vectors/2b                       171 times
00:42:41.743318 /Devices/apic/0/Vectors/30                       256 times
00:42:41.743335 /Devices/apic/0/Vectors/ec                   2442960 times
00:42:41.743341 /Devices/apic/0/Vectors/f6                      1062 times
00:42:41.743348 /Devices/e1000#0/ReceiveBytes              427879892 bytes
00:42:41.743353 /Devices/e1000#0/TransmitBytes               3758685 bytes
00:42:41.743359 /Devices/e1000#0/iStatIntLost                      0 ns
00:42:41.743365 /Devices/e1000#0/iStatIntLostOne                   0 ns
00:42:41.743370 /Devices/e1000#0/u64ArmedAt                        0 ns
00:42:41.743375 /Devices/e1000#0/uStatDescCtx                  60062 ns
00:42:41.743381 /Devices/e1000#0/uStatDescDat                  60449 ns
00:42:41.743387 /Devices/e1000#0/uStatDescLeg                    105 ns
00:42:41.743393 /Devices/e1000#0/uStatInt                      87890 ns
00:42:41.743398 /Devices/e1000#0/uStatIntEarly                     0 ns
00:42:41.743404 /Devices/e1000#0/uStatIntICS                    1221 ns
00:42:41.743409 /Devices/e1000#0/uStatIntIMS                   23876 ns
00:42:41.743415 /Devices/e1000#0/uStatIntLate                   5044 ns
00:42:41.743420 /Devices/e1000#0/uStatIntLower                  9812 ns
00:42:41.743425 /Devices/e1000#0/uStatIntMasked               143168 ns
00:42:41.743431 /Devices/e1000#0/uStatIntRDTR                      0 ns
00:42:41.743436 /Devices/e1000#0/uStatIntRXDMT0                    0 ns
00:42:41.743441 /Devices/e1000#0/uStatIntRx                   318492 ns
00:42:41.743447 /Devices/e1000#0/uStatIntSkip                 212834 ns
00:42:41.743452 /Devices/e1000#0/uStatIntTXQE                      0 ns
00:42:41.743458 /Devices/e1000#0/uStatIntTry                  443892 ns
00:42:41.743463 /Devices/e1000#0/uStatIntTx                    60167 ns
00:42:41.743469 /Devices/e1000#0/uStatMaxTxDelay                   0 ns
00:42:41.743474 /Devices/e1000#0/uStatNoIntICR                     0 ns
00:42:41.743489 /Devices/e1000#0/uStatRAD                          0 ns
00:42:41.743495 /Devices/e1000#0/uStatRID                          0 ns
00:42:41.743501 /Devices/e1000#0/uStatRxFrm                   318492 ns
00:42:41.743506 /Devices/e1000#0/uStatTAD                          0 ns
00:42:41.743511 /Devices/e1000#0/uStatTID                          0 ns
00:42:41.743517 /Devices/e1000#0/uStatTx1514                   60149 ns
00:42:41.743523 /Devices/e1000#0/uStatTx16384                      0 ns
00:42:41.743528 /Devices/e1000#0/uStatTx2962                      18 ns
00:42:41.743534 /Devices/e1000#0/uStatTx32768                      0 ns
00:42:41.743559 /Devices/e1000#0/uStatTx4410                       0 ns
00:42:41.743578 /Devices/e1000#0/uStatTx5858                       0 ns
00:42:41.743584 /Devices/e1000#0/uStatTx7306                       0 ns
00:42:41.743589 /Devices/e1000#0/uStatTx8754                       0 ns
00:42:41.743595 /Devices/e1000#0/uStatTxDelayExp                   0 ns
00:42:41.743600 /Devices/e1000#0/uStatTxDelayed                    0 ns
00:42:41.743605 /Devices/e1000#0/uStatTxFrm                    60167 ns
00:42:41.743610 /Devices/e1000#0/uStatTxIDE                        0 ns
00:42:41.743615 /Devices/e1000#0/uStatTxLarge                      0 ns
00:42:41.743620 /Devices/e1000#0/uStatTxNoRS                   60449 ns
00:42:41.743626 /Devices/e1000#1/ReceiveBytes                  16746 bytes
00:42:41.743632 /Devices/e1000#1/TransmitBytes                  4106 bytes
00:42:41.743638 /Devices/e1000#1/iStatIntLost                      0 ns
00:42:41.743643 /Devices/e1000#1/iStatIntLostOne                   0 ns
00:42:41.743648 /Devices/e1000#1/u64ArmedAt                        0 ns
00:42:41.743654 /Devices/e1000#1/uStatDescCtx                      0 ns
00:42:41.743659 /Devices/e1000#1/uStatDescDat                      0 ns
00:42:41.743664 /Devices/e1000#1/uStatDescLeg                     39 ns
00:42:41.743670 /Devices/e1000#1/uStatInt                       1324 ns
00:42:41.743675 /Devices/e1000#1/uStatIntEarly                     0 ns
00:42:41.743680 /Devices/e1000#1/uStatIntICS                    1222 ns
00:42:41.743685 /Devices/e1000#1/uStatIntIMS                       4 ns
00:42:41.743691 /Devices/e1000#1/uStatIntLate                      4 ns
00:42:41.743696 /Devices/e1000#1/uStatIntLower                     1 ns
00:42:41.743701 /Devices/e1000#1/uStatIntMasked                    5 ns
00:42:41.743706 /Devices/e1000#1/uStatIntRDTR                      0 ns
00:42:41.743711 /Devices/e1000#1/uStatIntRXDMT0                    0 ns
00:42:41.743716 /Devices/e1000#1/uStatIntRx                       62 ns
00:42:41.743721 /Devices/e1000#1/uStatIntSkip                     40 ns
00:42:41.743726 /Devices/e1000#1/uStatIntTXQE                      0 ns
00:42:41.743732 /Devices/e1000#1/uStatIntTry                    1369 ns
00:42:41.743737 /Devices/e1000#1/uStatIntTx                       39 ns
00:42:41.743742 /Devices/e1000#1/uStatMaxTxDelay                   0 ns
00:42:41.743747 /Devices/e1000#1/uStatNoIntICR                     0 ns
00:42:41.743752 /Devices/e1000#1/uStatRAD                          0 ns
00:42:41.743757 /Devices/e1000#1/uStatRID                          0 ns
00:42:41.743763 /Devices/e1000#1/uStatRxFrm                       62 ns
00:42:41.743768 /Devices/e1000#1/uStatTAD                          0 ns
00:42:41.743773 /Devices/e1000#1/uStatTID                          0 ns
00:42:41.743779 /Devices/e1000#1/uStatTx1514                      39 ns
00:42:41.743784 /Devices/e1000#1/uStatTx16384                      0 ns
00:42:41.743790 /Devices/e1000#1/uStatTx2962                       0 ns
00:42:41.743795 /Devices/e1000#1/uStatTx32768                      0 ns
00:42:41.743800 /Devices/e1000#1/uStatTx4410                       0 ns
00:42:41.743805 /Devices/e1000#1/uStatTx5858                       0 ns
00:42:41.743811 /Devices/e1000#1/uStatTx7306                       0 ns
00:42:41.743816 /Devices/e1000#1/uStatTx8754                       0 ns
00:42:41.743821 /Devices/e1000#1/uStatTxDelayExp                   0 ns
00:42:41.743835 /Devices/e1000#1/uStatTxDelayed                    0 ns
00:42:41.743841 /Devices/e1000#1/uStatTxFrm                       39 ns
00:42:41.743846 /Devices/e1000#1/uStatTxIDE                        0 ns
00:42:41.743851 /Devices/e1000#1/uStatTxLarge                      0 ns
00:42:41.743857 /Devices/e1000#1/uStatTxNoRS                       0 ns
00:42:41.743865 /Devices/ichac97/Stream0/ReSetUp-Change          165 ns/call (        2984 ns,      18 calls, max       217, min     155)
00:42:41.743873 /Devices/ichac97/Stream0/Reset                   349 ns/call (         699 ns,       2 calls, max       364, min     335)
00:42:41.743882 /Devices/ichac97/Stream0/WriteBdBar                2 times
00:42:41.743887 /Devices/ichac97/Stream0/WriteCr                   4 times
00:42:41.743893 /Devices/ichac97/Stream0/reg-CR                    0 
00:42:41.743899 /Devices/ichac97/Stream0/reg-SR                    1 
00:42:41.743906 /Devices/ichac97/Stream1/ReSetUp-Change          538 ns/call (        9691 ns,      18 calls, max      6303, min     159)
00:42:41.743913 /Devices/ichac97/Stream1/Reset                    98 ns/call (         196 ns,       2 calls, max        99, min      97)
00:42:41.743920 /Devices/ichac97/Stream1/WriteBdBar                2 times
00:42:41.743926 /Devices/ichac97/Stream1/WriteCr                   4 times
00:42:41.743931 /Devices/ichac97/Stream1/reg-CR                    0 
00:42:41.743937 /Devices/ichac97/Stream1/reg-SR                    1 
00:42:41.743943 /Devices/ichac97/Stream2/ReSetUp-Change          165 ns/call (        2974 ns,      18 calls, max       210, min     155)
00:42:41.743950 /Devices/ichac97/Stream2/Reset                    94 ns/call (         189 ns,       2 calls, max        95, min      94)
00:42:41.743957 /Devices/ichac97/Stream2/WriteBdBar                2 times
00:42:41.743962 /Devices/ichac97/Stream2/WriteCr                   4 times
00:42:41.743969 /Devices/ichac97/Stream2/reg-CR                    0 
00:42:41.743974 /Devices/ichac97/Stream2/reg-SR                    1 
00:42:41.743979 /Devices/ichac97/UnimplementedNabmReads            0 times
00:42:41.743984 /Devices/ichac97/UnimplementedNabmWrites           0 times
00:42:41.743989 /Devices/ichac97/UnimplementedNamReads             0 times
00:42:41.743994 /Devices/ichac97/UnimplementedNamWrites          114 times
00:42:41.744017 /Devices/mc146818/Irq                              0 times
00:42:41.744024 /Devices/mc146818/IrqClear                         0 times
00:42:41.744029 /Devices/mc146818/PiActive                         0 ticks/call (           0 ticks,       0 calls, max         0, min      -1)
00:42:41.744036 /Devices/mc146818/PieFlip                          0 times
00:42:41.744042 /Devices/mc146818/TimerCB                          0 times
00:42:41.744047 /Devices/vga/HgmsiMdaCgaAccesses                   0 times
00:42:41.744053 /Devices/vga/VMSVGA/Cmd/3dActivateSurface          0 times
00:42:41.744058 /Devices/vga/VMSVGA/Cmd/3dBeginQuery               0 times
00:42:41.744063 /Devices/vga/VMSVGA/Cmd/3dBlitSurfaceToScreenProf         0 ticks/call (           0 ticks,       0 calls, max         0, min      -1)
00:42:41.744070 /Devices/vga/VMSVGA/Cmd/3dClear                    0 times
00:42:41.744075 /Devices/vga/VMSVGA/Cmd/3dContextDefine            0 times
00:42:41.744080 /Devices/vga/VMSVGA/Cmd/3dContextDestroy           0 times
00:42:41.744085 /Devices/vga/VMSVGA/Cmd/3dDeactivateSurface         0 times
00:42:41.744090 /Devices/vga/VMSVGA/Cmd/3dDrawPrimitives           0 times
00:42:41.744095 /Devices/vga/VMSVGA/Cmd/3dEndQuery                 0 times
00:42:41.744100 /Devices/vga/VMSVGA/Cmd/3dGenerateMipmaps          0 times
00:42:41.744104 /Devices/vga/VMSVGA/Cmd/3dPresent                  0 times
00:42:41.744109 /Devices/vga/VMSVGA/Cmd/3dPresentReadBack          0 times
00:42:41.744114 /Devices/vga/VMSVGA/Cmd/3dSetClipPlane             0 times
00:42:41.744119 /Devices/vga/VMSVGA/Cmd/3dSetLightData             0 times
00:42:41.744124 /Devices/vga/VMSVGA/Cmd/3dSetLightEnable           0 times
00:42:41.744136 /Devices/vga/VMSVGA/Cmd/3dSetMaterial              0 times
00:42:41.744142 /Devices/vga/VMSVGA/Cmd/3dSetRenderState           0 times
00:42:41.744146 /Devices/vga/VMSVGA/Cmd/3dSetRenderTarget          0 times
00:42:41.744151 /Devices/vga/VMSVGA/Cmd/3dSetScissorRect           0 times
00:42:41.744156 /Devices/vga/VMSVGA/Cmd/3dSetShader                0 times
00:42:41.744161 /Devices/vga/VMSVGA/Cmd/3dSetShaderConst           0 times
00:42:41.744166 /Devices/vga/VMSVGA/Cmd/3dSetTextureState          0 times
00:42:41.744171 /Devices/vga/VMSVGA/Cmd/3dSetTransform             0 times
00:42:41.744175 /Devices/vga/VMSVGA/Cmd/3dSetViewPort              0 times
00:42:41.744180 /Devices/vga/VMSVGA/Cmd/3dSetZRange                0 times
00:42:41.744185 /Devices/vga/VMSVGA/Cmd/3dShaderDefine             0 times
00:42:41.744190 /Devices/vga/VMSVGA/Cmd/3dShaderDestroy            0 times
00:42:41.744195 /Devices/vga/VMSVGA/Cmd/3dSurfaceCopy              0 times
00:42:41.744200 /Devices/vga/VMSVGA/Cmd/3dSurfaceDefine            0 times
00:42:41.744204 /Devices/vga/VMSVGA/Cmd/3dSurfaceDefineV2          0 times
00:42:41.744209 /Devices/vga/VMSVGA/Cmd/3dSurfaceDestroy           0 times
00:42:41.744214 /Devices/vga/VMSVGA/Cmd/3dSurfaceDma               0 times
00:42:41.744219 /Devices/vga/VMSVGA/Cmd/3dSurfaceScreen            0 times
00:42:41.744224 /Devices/vga/VMSVGA/Cmd/3dSurfaceStretchBlt         0 times
00:42:41.744228 /Devices/vga/VMSVGA/Cmd/3dWaitForQuery             0 times
00:42:41.744233 /Devices/vga/VMSVGA/Cmd/AnnotationCopy             0 times
00:42:41.744238 /Devices/vga/VMSVGA/Cmd/AnnotationFill             0 times
00:42:41.744242 /Devices/vga/VMSVGA/Cmd/BlitGmrFbToScreen          0 times
00:42:41.744247 /Devices/vga/VMSVGA/Cmd/BlitScreentoGmrFb          0 times
00:42:41.744252 /Devices/vga/VMSVGA/Cmd/DefineAlphaCursor          0 times
00:42:41.744257 /Devices/vga/VMSVGA/Cmd/DefineCursor               0 times
00:42:41.744262 /Devices/vga/VMSVGA/Cmd/DefineGmr2                 0 times
00:42:41.744267 /Devices/vga/VMSVGA/Cmd/DefineGmr2/Free            0 times
00:42:41.744272 /Devices/vga/VMSVGA/Cmd/DefineGmr2/Modify          0 times
00:42:41.744277 /Devices/vga/VMSVGA/Cmd/DefineGmrFb                0 times
00:42:41.744282 /Devices/vga/VMSVGA/Cmd/DefineScreen               0 times
00:42:41.744287 /Devices/vga/VMSVGA/Cmd/DestroyScreen              0 times
00:42:41.744292 /Devices/vga/VMSVGA/Cmd/DisplayCursor              0 times
00:42:41.744296 /Devices/vga/VMSVGA/Cmd/Escape                     0 times
00:42:41.744302 /Devices/vga/VMSVGA/Cmd/Fence                  13373 times
00:42:41.744307 /Devices/vga/VMSVGA/Cmd/InvalidCmd                 0 times
00:42:41.744312 /Devices/vga/VMSVGA/Cmd/MoveCursor                 0 times
00:42:41.744317 /Devices/vga/VMSVGA/Cmd/RectCopy                   0 times
00:42:41.744322 /Devices/vga/VMSVGA/Cmd/RectFill                   0 times
00:42:41.744327 /Devices/vga/VMSVGA/Cmd/RectRopCopy                0 times
00:42:41.744332 /Devices/vga/VMSVGA/Cmd/RemapGmr2                  0 times
00:42:41.744338 /Devices/vga/VMSVGA/Cmd/RemapGmr2/Modify           0 times
00:42:41.744343 /Devices/vga/VMSVGA/Cmd/Update                     0 times
00:42:41.744348 /Devices/vga/VMSVGA/Cmd/UpdateVerbose              0 times
00:42:41.744353 /Devices/vga/VMSVGA/EmtDelayOnBusyFifo             0 ticks/call (           0 ticks,       0 calls, max         0, min      -1)
00:42:41.744360 /Devices/vga/VMSVGA/FifoCommands                   0 times
00:42:41.744365 /Devices/vga/VMSVGA/FifoCursorFetchAgain           0 times
00:42:41.744370 /Devices/vga/VMSVGA/FifoCursorNoChange             0 times
00:42:41.744375 /Devices/vga/VMSVGA/FifoCursorPosition             0 times
00:42:41.744379 /Devices/vga/VMSVGA/FifoCursorVisiblity            0 times
00:42:41.744384 /Devices/vga/VMSVGA/FifoErrors                     0 times
00:42:41.744389 /Devices/vga/VMSVGA/FifoExtendedSleep      25807613886 ticks/call (232268524979 ticks,       9 calls, max 52493260269, min    6912)
00:42:41.744398 /Devices/vga/VMSVGA/FifoStalls                     0 ticks/call (           0 ticks,       0 calls, max         0, min      -1)
00:42:41.744412 /Devices/vga/VMSVGA/FifoTodoTimeout                5 times
00:42:41.744417 /Devices/vga/VMSVGA/FifoTodoWoken              13359 times
00:42:41.744423 /Devices/vga/VMSVGA/FifoUnknownCommands            0 times
00:42:41.744427 /Devices/vga/VMSVGA/FifoWatchdogWakeUps       122759 times
00:42:41.744433 /Devices/vga/VMSVGA/Gbo/CONTEXT/cPages             1 pages
00:42:41.744438 /Devices/vga/VMSVGA/Gbo/CONTEXT/cSegs              1 count
00:42:41.744443 /Devices/vga/VMSVGA/Gbo/CONTEXT/cb              4096 bytes
00:42:41.744450 /Devices/vga/VMSVGA/Gbo/MOB/cPages               208 pages
00:42:41.744455 /Devices/vga/VMSVGA/Gbo/MOB/cSegs                  6 count
00:42:41.744460 /Devices/vga/VMSVGA/Gbo/MOB/cb                851968 bytes
00:42:41.744468 /Devices/vga/VMSVGA/Gbo/SCREENTARGET/cPages         1 pages
00:42:41.744473 /Devices/vga/VMSVGA/Gbo/SCREENTARGET/cSegs         1 count
00:42:41.744478 /Devices/vga/VMSVGA/Gbo/SCREENTARGET/cb         4096 bytes
00:42:41.744483 /Devices/vga/VMSVGA/Gbo/SHADER/cPages             79 pages
00:42:41.744488 /Devices/vga/VMSVGA/Gbo/SHADER/cSegs               2 count
00:42:41.744493 /Devices/vga/VMSVGA/Gbo/SHADER/cb             323584 bytes
00:42:41.744499 /Devices/vga/VMSVGA/Gbo/SURFACE/cPages           512 pages
00:42:41.744504 /Devices/vga/VMSVGA/Gbo/SURFACE/cSegs             12 count
00:42:41.744508 /Devices/vga/VMSVGA/Gbo/SURFACE/cb           2097152 bytes
00:42:41.744514 /Devices/vga/VMSVGA/Reg/BitsPerPixelRead           0 times
00:42:41.744520 /Devices/vga/VMSVGA/Reg/BitsPerPixelWrite          0 times
00:42:41.744525 /Devices/vga/VMSVGA/Reg/BlueMaskRead               0 times
00:42:41.744530 /Devices/vga/VMSVGA/Reg/BusyRead                   0 times
00:42:41.744535 /Devices/vga/VMSVGA/Reg/BusyWrite                  0 times
00:42:41.744554 /Devices/vga/VMSVGA/Reg/BytesPerLineRead           0 times
00:42:41.744565 /Devices/vga/VMSVGA/Reg/CapabilitesRead            2 times
00:42:41.744570 /Devices/vga/VMSVGA/Reg/CmdPrependHighRead         0 times
00:42:41.744575 /Devices/vga/VMSVGA/Reg/CmdPrependHighWrite         0 times
00:42:41.744580 /Devices/vga/VMSVGA/Reg/CmdPrependLowRead          0 times
00:42:41.744585 /Devices/vga/VMSVGA/Reg/CmdPrependLowWrite         0 times
00:42:41.744591 /Devices/vga/VMSVGA/Reg/CommandHighRead            0 times
00:42:41.744596 /Devices/vga/VMSVGA/Reg/CommandHighWrite       13375 times
00:42:41.744601 /Devices/vga/VMSVGA/Reg/CommandLowRead             0 times
00:42:41.744606 /Devices/vga/VMSVGA/Reg/CommandLowWrite        13375 times
00:42:41.744611 /Devices/vga/VMSVGA/Reg/ConfigDoneRead             2 times
00:42:41.744616 /Devices/vga/VMSVGA/Reg/ConfigDoneWrite            2 times
00:42:41.744621 /Devices/vga/VMSVGA/Reg/CursorIdRead               0 times
00:42:41.744626 /Devices/vga/VMSVGA/Reg/CursorIdWrite              0 times
00:42:41.744631 /Devices/vga/VMSVGA/Reg/CursorOnRead               0 times
00:42:41.744636 /Devices/vga/VMSVGA/Reg/CursorOnWrite              0 times
00:42:41.744641 /Devices/vga/VMSVGA/Reg/CursorXRead                0 times
00:42:41.744646 /Devices/vga/VMSVGA/Reg/CursorXWrite               0 times
00:42:41.744651 /Devices/vga/VMSVGA/Reg/CursorYRead                0 times
00:42:41.744655 /Devices/vga/VMSVGA/Reg/CursorYWrite               0 times
00:42:41.744660 /Devices/vga/VMSVGA/Reg/DepthRead                  0 times
00:42:41.744665 /Devices/vga/VMSVGA/Reg/DepthWrite                 0 times
00:42:41.744671 /Devices/vga/VMSVGA/Reg/DevCapRead               528 times
00:42:41.744676 /Devices/vga/VMSVGA/Reg/DevCapWrite              528 times
00:42:41.744681 /Devices/vga/VMSVGA/Reg/DisplayHeightRead          0 times
00:42:41.744685 /Devices/vga/VMSVGA/Reg/DisplayHeightWrite         0 times
00:42:41.744690 /Devices/vga/VMSVGA/Reg/DisplayIdRead              0 times
00:42:41.744695 /Devices/vga/VMSVGA/Reg/DisplayIdWrite             0 times
00:42:41.744700 /Devices/vga/VMSVGA/Reg/DisplayIsPrimaryRead         0 times
00:42:41.744713 /Devices/vga/VMSVGA/Reg/DisplayIsPrimaryWrite         0 times
00:42:41.744719 /Devices/vga/VMSVGA/Reg/DisplayPositionXRead         0 times
00:42:41.744724 /Devices/vga/VMSVGA/Reg/DisplayPositionXWrite         0 times
00:42:41.744729 /Devices/vga/VMSVGA/Reg/DisplayPositionYRead         0 times
00:42:41.744733 /Devices/vga/VMSVGA/Reg/DisplayPositionYWrite         0 times
00:42:41.744738 /Devices/vga/VMSVGA/Reg/DisplayWidthRead           0 times
00:42:41.744743 /Devices/vga/VMSVGA/Reg/DisplayWidthWrite          0 times
00:42:41.744748 /Devices/vga/VMSVGA/Reg/EnableRead                 2 times
00:42:41.744753 /Devices/vga/VMSVGA/Reg/EnableWrite                8 times
00:42:41.744758 /Devices/vga/VMSVGA/Reg/FbOffsetRead               0 times
00:42:41.744762 /Devices/vga/VMSVGA/Reg/FbSizeRead                 0 times
00:42:41.744767 /Devices/vga/VMSVGA/Reg/FbStartRead                0 times
00:42:41.744773 /Devices/vga/VMSVGA/Reg/GBMemSizeRead              2 times
00:42:41.744778 /Devices/vga/VMSVGA/Reg/GmrDescriptorWrite         0 times
00:42:41.744783 /Devices/vga/VMSVGA/Reg/GmrDescriptorWrite/Errors         0 times
00:42:41.744788 /Devices/vga/VMSVGA/Reg/GmrDescriptorWrite/Free         0 times
00:42:41.744792 /Devices/vga/VMSVGA/Reg/GmrIdRead                  0 times
00:42:41.744797 /Devices/vga/VMSVGA/Reg/GmrIdWrite                 0 times
00:42:41.744802 /Devices/vga/VMSVGA/Reg/GmrMaxDescriptorLengthRead         0 times
00:42:41.744807 /Devices/vga/VMSVGA/Reg/GmrMaxIdsRead              2 times
00:42:41.744812 /Devices/vga/VMSVGA/Reg/GmrsMaxPagesRead           2 times
00:42:41.744817 /Devices/vga/VMSVGA/Reg/GreenMaskRead              0 times
00:42:41.744822 /Devices/vga/VMSVGA/Reg/GuestIdRead                0 times
00:42:41.744827 /Devices/vga/VMSVGA/Reg/GuestIdWrite               0 times
00:42:41.744832 /Devices/vga/VMSVGA/Reg/HeightRead                 4 times
00:42:41.744837 /Devices/vga/VMSVGA/Reg/HeightWrite                0 times
00:42:41.744842 /Devices/vga/VMSVGA/Reg/HostBitsPerPixelRead         0 times
00:42:41.744846 /Devices/vga/VMSVGA/Reg/IdRead                     2 times
00:42:41.744852 /Devices/vga/VMSVGA/Reg/IdWrite                    2 times
00:42:41.744857 /Devices/vga/VMSVGA/Reg/IrqMaskRead                0 times
00:42:41.744862 /Devices/vga/VMSVGA/Reg/IrqMaskWrite               2 times
00:42:41.744867 /Devices/vga/VMSVGA/Reg/MaxHeightRead              2 times
00:42:41.744872 /Devices/vga/VMSVGA/Reg/MaxPrimBBMemRead           2 times
00:42:41.744877 /Devices/vga/VMSVGA/Reg/MaxWidthRead               2 times
00:42:41.744882 /Devices/vga/VMSVGA/Reg/MemRegsRead                2 times
00:42:41.744886 /Devices/vga/VMSVGA/Reg/MemSizeRead                2 times
00:42:41.744891 /Devices/vga/VMSVGA/Reg/MemStartRead               0 times
00:42:41.744896 /Devices/vga/VMSVGA/Reg/MemorySizeRead             2 times
00:42:41.744901 /Devices/vga/VMSVGA/Reg/MobMaxSizeRead             2 times
00:42:41.744906 /Devices/vga/VMSVGA/Reg/NumDisplaysRead           16 times
00:42:41.744911 /Devices/vga/VMSVGA/Reg/NumDisplaysWrite           0 times
00:42:41.744916 /Devices/vga/VMSVGA/Reg/NumGuestDisplaysRead         0 times
00:42:41.744921 /Devices/vga/VMSVGA/Reg/NumGuestDisplaysWrite         0 times
00:42:41.744926 /Devices/vga/VMSVGA/Reg/PaletteRead                0 times
00:42:41.744930 /Devices/vga/VMSVGA/Reg/PaletteWrite               0 times
00:42:41.744935 /Devices/vga/VMSVGA/Reg/PitchLockRead              0 times
00:42:41.744940 /Devices/vga/VMSVGA/Reg/PitchLockWrite             0 times
00:42:41.744945 /Devices/vga/VMSVGA/Reg/PseudoColorWrite           0 times
00:42:41.744950 /Devices/vga/VMSVGA/Reg/PsuedoColorRead            0 times
00:42:41.744955 /Devices/vga/VMSVGA/Reg/ReadOnlyWrite              0 times
00:42:41.744960 /Devices/vga/VMSVGA/Reg/RedMaskRead                0 times
00:42:41.744965 /Devices/vga/VMSVGA/Reg/ScratchRead                0 times
00:42:41.744970 /Devices/vga/VMSVGA/Reg/ScratchSizeRead            0 times
00:42:41.744975 /Devices/vga/VMSVGA/Reg/ScratchWrite               0 times
00:42:41.744987 /Devices/vga/VMSVGA/Reg/ScrnTgtMaxHeightRead         2 times
00:42:41.744992 /Devices/vga/VMSVGA/Reg/ScrnTgtMaxWidthRead         2 times
00:42:41.744997 /Devices/vga/VMSVGA/Reg/SyncRead                   0 times
00:42:41.745002 /Devices/vga/VMSVGA/Reg/SyncWrite                  0 times
00:42:41.745007 /Devices/vga/VMSVGA/Reg/TopRead                    0 times
00:42:41.745012 /Devices/vga/VMSVGA/Reg/TopWrite                   0 times
00:42:41.745018 /Devices/vga/VMSVGA/Reg/TracesRead                 2 times
00:42:41.745023 /Devices/vga/VMSVGA/Reg/TracesWrite                2 times
00:42:41.745028 /Devices/vga/VMSVGA/Reg/UnknownRead                0 times
00:42:41.745032 /Devices/vga/VMSVGA/Reg/UnknownWrite               0 times
00:42:41.745038 /Devices/vga/VMSVGA/Reg/VramSizeRead               2 times
00:42:41.745042 /Devices/vga/VMSVGA/Reg/WidthRead                  4 times
00:42:41.745048 /Devices/vga/VMSVGA/Reg/WidthWrite                 0 times
00:42:41.745052 /Devices/vga/VMSVGA/Reg/WriteOnlyRead              0 times
00:42:41.745058 /Drivers/AUDIO-0/TotalStreamsCreated               0 count
00:42:41.745063 /Drivers/AUDIO-1/TotalStreamsCreated               0 count
00:42:41.745069 /Drivers/AUDIO-2/TotalStreamsCreated               0 count
00:42:41.745074 /Drivers/IntNet-0/BadFrames                        0 count
00:42:41.745081 /Drivers/IntNet-0/Bytes/Received               22364 bytes
00:42:41.745086 /Drivers/IntNet-0/Bytes/Sent                    4106 bytes
00:42:41.745092 /Drivers/IntNet-0/Overflows/Recv                   0 count
00:42:41.745097 /Drivers/IntNet-0/Overflows/Sent                   0 count
00:42:41.745103 /Drivers/IntNet-0/Packets/Lost                     0 count
00:42:41.745108 /Drivers/IntNet-0/Packets/Received               129 count
00:42:41.745114 /Drivers/IntNet-0/Packets/Received-Gso             0 count
00:42:41.745119 /Drivers/IntNet-0/Packets/Sent                    39 count
00:42:41.745125 /Drivers/IntNet-0/Packets/Sent-Gso                 0 count
00:42:41.745130 /Drivers/IntNet-0/Packets/Sent-R0                  0 count
00:42:41.745136 /Drivers/IntNet-0/Recv1                            0 ticks/call (           0 ticks,       0 calls, max         0, min      -1)
00:42:41.745143 /Drivers/IntNet-0/Recv2                            0 ticks/call (           0 ticks,       0 calls, max         0, min      -1)
00:42:41.745149 /Drivers/IntNet-0/Reserved                         0 ticks/call (           0 ticks,       0 calls, max         0, min      -1)
00:42:41.745156 /Drivers/IntNet-0/Send1                        12316 ticks/call (      480351 ticks,      39 calls, max    162026, min    1244)
00:42:41.745164 /Drivers/IntNet-0/Send2                            0 ticks/call (           0 ticks,       0 calls, max         0, min      -1)
00:42:41.745171 /Drivers/IntNet-0/XmitProcessRing                  0 count
00:42:41.745177 /Drivers/IntNet-0/XmitWakeup-R0                    0 count
00:42:41.745182 /Drivers/IntNet-0/XmitWakeup-R3                    0 count
00:42:41.745188 /Drivers/IntNet-0/YieldNok                         0 count
00:42:41.745193 /Drivers/IntNet-0/YieldOk                          0 count
00:42:41.745212 /EM/CPU0/ExitHashing/Used                          0 times
00:42:41.745218 /EM/CPU0/ExitOpt/Exec                              0 ticks/call (           0 ticks,       0 calls, max         0, min      -1)
00:42:41.745225 /EM/CPU0/ExitOpt/ExecInstructions                  0 times
00:42:41.745231 /EM/CPU0/ExitOpt/ExecRetReasonForcedFlag           0 times
00:42:41.745236 /EM/CPU0/ExitOpt/ExecRetReasonHostInterrupt         0 times
00:42:41.745241 /EM/CPU0/ExitOpt/ExecRetReasonLongJump             0 times
00:42:41.745246 /EM/CPU0/ExitOpt/ExecRetReasonMaxDistance          0 times
00:42:41.745251 /EM/CPU0/ExitOpt/ExecRetReasonMaxInstructions         0 times
00:42:41.745256 /EM/CPU0/ExitOpt/ExecRetReasonNormal               0 times
00:42:41.745261 /EM/CPU0/ExitOpt/ExecRetReasonTimer                0 times
00:42:41.745266 /EM/CPU0/ExitOpt/ExecSavedExit                     0 times
00:42:41.745278 /EM/CPU0/ExitOpt/Probe                             0 ticks/call (           0 ticks,       0 calls, max         0, min      -1)
00:42:41.745286 /EM/CPU0/ExitOpt/ProbeInstructions                 0 times
00:42:41.745291 /EM/CPU0/ExitOpt/ProbedExecWithMax                 0 times
00:42:41.745296 /EM/CPU0/ExitOpt/ProbedNormal                      0 times
00:42:41.745301 /EM/CPU0/ExitOpt/ProbedToRing3                     0 times
00:42:41.745308 /GMM/ChunkTlbHits                                  0 times
00:42:41.745314 /GMM/ChunkTlbMisses                                0 times
00:42:41.745335 /GMM/VM/Allocated/cBasePages                  291431 pages
00:42:41.745342 /GMM/VM/Allocated/cFixedPages                      0 pages
00:42:41.745347 /GMM/VM/Allocated/cShadowPages                     0 pages
00:42:41.745353 /GMM/VM/Reserved/cBasePages                   524391 pages
00:42:41.745359 /GMM/VM/Reserved/cFixedPages                    5636 pages
00:42:41.745364 /GMM/VM/Reserved/cShadowPages                      1 pages
00:42:41.745370 /GMM/VM/cBalloonedPages                            0 pages
00:42:41.745375 /GMM/VM/cMaxBalloonedPages                         0 pages
00:42:41.745380 /GMM/VM/cPrivatePages                         291431 pages
00:42:41.745386 /GMM/VM/cReqActuallyBalloonedPages                 0 pages
00:42:41.745391 /GMM/VM/cReqBalloonedPages                         0 pages
00:42:41.745396 /GMM/VM/cReqDeflatePages                           0 pages
00:42:41.745401 /GMM/VM/cShareableModules                          0 count
00:42:41.745406 /GMM/VM/cSharedPages                               0 pages
00:42:41.745412 /GMM/VM/enmPolicy                                  1 
00:42:41.745417 /GMM/VM/enmPriority                                2 
00:42:41.745423 /GMM/VM/fBallooningEnabled                 false    
00:42:41.745428 /GMM/VM/fMayAllocate                       true     
00:42:41.745434 /GMM/VM/fSharedPagingEnabled               false    
00:42:41.745439 /GMM/cAllocatedPages                          815822 pages
00:42:41.745445 /GMM/cBalloonedPages                               0 pages
00:42:41.745451 /GMM/cChunks                                    2050 count
00:42:41.745457 /GMM/cDuplicatePages                               0 pages
00:42:41.745463 /GMM/cFreedChunks                                  0 count
00:42:41.745468 /GMM/cLeftBehindSharedPages                        0 pages
00:42:41.745473 /GMM/cMaxPages                             4294967295 pages
00:42:41.745480 /GMM/cOverCommittedPages                           0 pages
00:42:41.745485 /GMM/cReservedPages                          1088730 pages
00:42:41.745491 /GMM/cShareableModules                             0 count
00:42:41.745496 /GMM/cSharedPages                                  0 pages
00:42:41.745502 /GMM/idFreeGeneration                      4611686018427387775 
00:42:41.745797 /GVMM/EMTs                                         2 count
00:42:41.745811 /GVMM/HostCPUs                                    28 count
00:42:41.745817 /GVMM/HostCpus/0                                   0 
00:42:41.745824 /GVMM/HostCpus/0/CurTimerHz                        0 Hz
00:42:41.745829 /GVMM/HostCpus/0/DesiredHz                         0 Hz
00:42:41.745835 /GVMM/HostCpus/0/PPTChanges                        0 times
00:42:41.745840 /GVMM/HostCpus/0/PPTStarts                         0 times
00:42:41.745845 /GVMM/HostCpus/0/idxCpuSet                         0 
00:42:41.745851 /GVMM/HostCpus/1                                   1 
00:42:41.745857 /GVMM/HostCpus/1/CurTimerHz                        0 Hz
00:42:41.745862 /GVMM/HostCpus/1/DesiredHz                         0 Hz
00:42:41.745867 /GVMM/HostCpus/1/PPTChanges                        0 times
00:42:41.745873 /GVMM/HostCpus/1/PPTStarts                         0 times
00:42:41.745878 /GVMM/HostCpus/1/idxCpuSet                         1 
00:42:41.745883 /GVMM/HostCpus/10                                 10 
00:42:41.745889 /GVMM/HostCpus/10/CurTimerHz                       0 Hz
00:42:41.745894 /GVMM/HostCpus/10/DesiredHz                        0 Hz
00:42:41.745909 /GVMM/HostCpus/10/PPTChanges                       0 times
00:42:41.745915 /GVMM/HostCpus/10/PPTStarts                        0 times
00:42:41.745920 /GVMM/HostCpus/10/idxCpuSet                       10 
00:42:41.745926 /GVMM/HostCpus/11                                 11 
00:42:41.745932 /GVMM/HostCpus/11/CurTimerHz                       0 Hz
00:42:41.745937 /GVMM/HostCpus/11/DesiredHz                        0 Hz
00:42:41.745942 /GVMM/HostCpus/11/PPTChanges                       0 times
00:42:41.745947 /GVMM/HostCpus/11/PPTStarts                        0 times
00:42:41.745953 /GVMM/HostCpus/11/idxCpuSet                       11 
00:42:41.745958 /GVMM/HostCpus/12                                 12 
00:42:41.745964 /GVMM/HostCpus/12/CurTimerHz                       0 Hz
00:42:41.745969 /GVMM/HostCpus/12/DesiredHz                        0 Hz
00:42:41.745975 /GVMM/HostCpus/12/PPTChanges                       0 times
00:42:41.745980 /GVMM/HostCpus/12/PPTStarts                        0 times
00:42:41.745985 /GVMM/HostCpus/12/idxCpuSet                       12 
00:42:41.745991 /GVMM/HostCpus/13                                 13 
00:42:41.745996 /GVMM/HostCpus/13/CurTimerHz                       0 Hz
00:42:41.746002 /GVMM/HostCpus/13/DesiredHz                        0 Hz
00:42:41.746007 /GVMM/HostCpus/13/PPTChanges                       0 times
00:42:41.746012 /GVMM/HostCpus/13/PPTStarts                        0 times
00:42:41.746018 /GVMM/HostCpus/13/idxCpuSet                       13 
00:42:41.746023 /GVMM/HostCpus/14                                 14 
00:42:41.746029 /GVMM/HostCpus/14/CurTimerHz                       0 Hz
00:42:41.746034 /GVMM/HostCpus/14/DesiredHz                        0 Hz
00:42:41.746039 /GVMM/HostCpus/14/PPTChanges                       0 times
00:42:41.746044 /GVMM/HostCpus/14/PPTStarts                        0 times
00:42:41.746050 /GVMM/HostCpus/14/idxCpuSet                       14 
00:42:41.746055 /GVMM/HostCpus/15                                 15 
00:42:41.746060 /GVMM/HostCpus/15/CurTimerHz                       0 Hz
00:42:41.746065 /GVMM/HostCpus/15/DesiredHz                        0 Hz
00:42:41.746071 /GVMM/HostCpus/15/PPTChanges                       0 times
00:42:41.746076 /GVMM/HostCpus/15/PPTStarts                        0 times
00:42:41.746081 /GVMM/HostCpus/15/idxCpuSet                       15 
00:42:41.746086 /GVMM/HostCpus/16                                 16 
00:42:41.746092 /GVMM/HostCpus/16/CurTimerHz                       0 Hz
00:42:41.746097 /GVMM/HostCpus/16/DesiredHz                        0 Hz
00:42:41.746103 /GVMM/HostCpus/16/PPTChanges                       0 times
00:42:41.746108 /GVMM/HostCpus/16/PPTStarts                        0 times
00:42:41.746113 /GVMM/HostCpus/16/idxCpuSet                       16 
00:42:41.746118 /GVMM/HostCpus/17                                 17 
00:42:41.746124 /GVMM/HostCpus/17/CurTimerHz                       0 Hz
00:42:41.746129 /GVMM/HostCpus/17/DesiredHz                        0 Hz
00:42:41.746135 /GVMM/HostCpus/17/PPTChanges                       0 times
00:42:41.746140 /GVMM/HostCpus/17/PPTStarts                        0 times
00:42:41.746145 /GVMM/HostCpus/17/idxCpuSet                       17 
00:42:41.746151 /GVMM/HostCpus/18                                 18 
00:42:41.746157 /GVMM/HostCpus/18/CurTimerHz                       0 Hz
00:42:41.746162 /GVMM/HostCpus/18/DesiredHz                        0 Hz
00:42:41.746167 /GVMM/HostCpus/18/PPTChanges                       0 times
00:42:41.746172 /GVMM/HostCpus/18/PPTStarts                        0 times
00:42:41.746177 /GVMM/HostCpus/18/idxCpuSet                       18 
00:42:41.746183 /GVMM/HostCpus/19                                 19 
00:42:41.746188 /GVMM/HostCpus/19/CurTimerHz                       0 Hz
00:42:41.746193 /GVMM/HostCpus/19/DesiredHz                        0 Hz
00:42:41.746199 /GVMM/HostCpus/19/PPTChanges                       0 times
00:42:41.746204 /GVMM/HostCpus/19/PPTStarts                        0 times
00:42:41.746217 /GVMM/HostCpus/19/idxCpuSet                       19 
00:42:41.746223 /GVMM/HostCpus/2                                   2 
00:42:41.746228 /GVMM/HostCpus/2/CurTimerHz                        0 Hz
00:42:41.746234 /GVMM/HostCpus/2/DesiredHz                         0 Hz
00:42:41.746239 /GVMM/HostCpus/2/PPTChanges                        0 times
00:42:41.746244 /GVMM/HostCpus/2/PPTStarts                         0 times
00:42:41.746250 /GVMM/HostCpus/2/idxCpuSet                         2 
00:42:41.746255 /GVMM/HostCpus/20                                 20 
00:42:41.746261 /GVMM/HostCpus/20/CurTimerHz                       0 Hz
00:42:41.746266 /GVMM/HostCpus/20/DesiredHz                        0 Hz
00:42:41.746272 /GVMM/HostCpus/20/PPTChanges                       0 times
00:42:41.746277 /GVMM/HostCpus/20/PPTStarts                        0 times
00:42:41.746282 /GVMM/HostCpus/20/idxCpuSet                       20 
00:42:41.746287 /GVMM/HostCpus/21                                 21 
00:42:41.746293 /GVMM/HostCpus/21/CurTimerHz                       0 Hz
00:42:41.746298 /GVMM/HostCpus/21/DesiredHz                        0 Hz
00:42:41.746303 /GVMM/HostCpus/21/PPTChanges                       0 times
00:42:41.746309 /GVMM/HostCpus/21/PPTStarts                        0 times
00:42:41.746314 /GVMM/HostCpus/21/idxCpuSet                       21 
00:42:41.746319 /GVMM/HostCpus/22                                 22 
00:42:41.746325 /GVMM/HostCpus/22/CurTimerHz                       0 Hz
00:42:41.746330 /GVMM/HostCpus/22/DesiredHz                        0 Hz
00:42:41.746335 /GVMM/HostCpus/22/PPTChanges                       0 times
00:42:41.746340 /GVMM/HostCpus/22/PPTStarts                        0 times
00:42:41.746346 /GVMM/HostCpus/22/idxCpuSet                       22 
00:42:41.746351 /GVMM/HostCpus/23                                 23 
00:42:41.746357 /GVMM/HostCpus/23/CurTimerHz                       0 Hz
00:42:41.746362 /GVMM/HostCpus/23/DesiredHz                        0 Hz
00:42:41.746368 /GVMM/HostCpus/23/PPTChanges                       0 times
00:42:41.746373 /GVMM/HostCpus/23/PPTStarts                        0 times
00:42:41.746378 /GVMM/HostCpus/23/idxCpuSet                       23 
00:42:41.746383 /GVMM/HostCpus/24                                 24 
00:42:41.746389 /GVMM/HostCpus/24/CurTimerHz                       0 Hz
00:42:41.746394 /GVMM/HostCpus/24/DesiredHz                        0 Hz
00:42:41.746400 /GVMM/HostCpus/24/PPTChanges                       0 times
00:42:41.746405 /GVMM/HostCpus/24/PPTStarts                        0 times
00:42:41.746410 /GVMM/HostCpus/24/idxCpuSet                       24 
00:42:41.746415 /GVMM/HostCpus/25                                 25 
00:42:41.746421 /GVMM/HostCpus/25/CurTimerHz                       0 Hz
00:42:41.746426 /GVMM/HostCpus/25/DesiredHz                        0 Hz
00:42:41.746431 /GVMM/HostCpus/25/PPTChanges                       0 times
00:42:41.746437 /GVMM/HostCpus/25/PPTStarts                        0 times
00:42:41.746442 /GVMM/HostCpus/25/idxCpuSet                       25 
00:42:41.746447 /GVMM/HostCpus/26                                 26 
00:42:41.746453 /GVMM/HostCpus/26/CurTimerHz                       0 Hz
00:42:41.746458 /GVMM/HostCpus/26/DesiredHz                        0 Hz
00:42:41.746464 /GVMM/HostCpus/26/PPTChanges                       0 times
00:42:41.746469 /GVMM/HostCpus/26/PPTStarts                        0 times
00:42:41.746474 /GVMM/HostCpus/26/idxCpuSet                       26 
00:42:41.746479 /GVMM/HostCpus/27                                 27 
00:42:41.746485 /GVMM/HostCpus/27/CurTimerHz                       0 Hz
00:42:41.746490 /GVMM/HostCpus/27/DesiredHz                        0 Hz
00:42:41.746496 /GVMM/HostCpus/27/PPTChanges                       0 times
00:42:41.746501 /GVMM/HostCpus/27/PPTStarts                        0 times
00:42:41.746506 /GVMM/HostCpus/27/idxCpuSet                       27 
00:42:41.746512 /GVMM/HostCpus/3                                   3 
00:42:41.746517 /GVMM/HostCpus/3/CurTimerHz                        0 Hz
00:42:41.746530 /GVMM/HostCpus/3/DesiredHz                         0 Hz
00:42:41.746536 /GVMM/HostCpus/3/PPTChanges                        0 times
00:42:41.746561 /GVMM/HostCpus/3/PPTStarts                         0 times
00:42:41.746567 /GVMM/HostCpus/3/idxCpuSet                         3 
00:42:41.746573 /GVMM/HostCpus/4                                   4 
00:42:41.746579 /GVMM/HostCpus/4/CurTimerHz                        0 Hz
00:42:41.746584 /GVMM/HostCpus/4/DesiredHz                         0 Hz
00:42:41.746589 /GVMM/HostCpus/4/PPTChanges                        0 times
00:42:41.746595 /GVMM/HostCpus/4/PPTStarts                         0 times
00:42:41.746600 /GVMM/HostCpus/4/idxCpuSet                         4 
00:42:41.746606 /GVMM/HostCpus/5                                   5 
00:42:41.746612 /GVMM/HostCpus/5/CurTimerHz                        0 Hz
00:42:41.746617 /GVMM/HostCpus/5/DesiredHz                         0 Hz
00:42:41.746622 /GVMM/HostCpus/5/PPTChanges                        0 times
00:42:41.746628 /GVMM/HostCpus/5/PPTStarts                         0 times
00:42:41.746633 /GVMM/HostCpus/5/idxCpuSet                         5 
00:42:41.746638 /GVMM/HostCpus/6                                   6 
00:42:41.746644 /GVMM/HostCpus/6/CurTimerHz                        0 Hz
00:42:41.746650 /GVMM/HostCpus/6/DesiredHz                         0 Hz
00:42:41.746655 /GVMM/HostCpus/6/PPTChanges                        0 times
00:42:41.746661 /GVMM/HostCpus/6/PPTStarts                         0 times
00:42:41.746666 /GVMM/HostCpus/6/idxCpuSet                         6 
00:42:41.746671 /GVMM/HostCpus/7                                   7 
00:42:41.746677 /GVMM/HostCpus/7/CurTimerHz                        0 Hz
00:42:41.746682 /GVMM/HostCpus/7/DesiredHz                         0 Hz
00:42:41.746688 /GVMM/HostCpus/7/PPTChanges                        0 times
00:42:41.746693 /GVMM/HostCpus/7/PPTStarts                         0 times
00:42:41.746698 /GVMM/HostCpus/7/idxCpuSet                         7 
00:42:41.746704 /GVMM/HostCpus/8                                   8 
00:42:41.746710 /GVMM/HostCpus/8/CurTimerHz                        0 Hz
00:42:41.746715 /GVMM/HostCpus/8/DesiredHz                         0 Hz
00:42:41.746720 /GVMM/HostCpus/8/PPTChanges                        0 times
00:42:41.746726 /GVMM/HostCpus/8/PPTStarts                         0 times
00:42:41.746731 /GVMM/HostCpus/8/idxCpuSet                         8 
00:42:41.746736 /GVMM/HostCpus/9                                   9 
00:42:41.746742 /GVMM/HostCpus/9/CurTimerHz                        0 Hz
00:42:41.746747 /GVMM/HostCpus/9/DesiredHz                         0 Hz
00:42:41.746752 /GVMM/HostCpus/9/PPTChanges                        0 times
00:42:41.746758 /GVMM/HostCpus/9/PPTStarts                         0 times
00:42:41.746763 /GVMM/HostCpus/9/idxCpuSet                         9 
00:42:41.746768 /GVMM/Sum/HaltBlocking                       3908640 calls
00:42:41.746775 /GVMM/Sum/HaltCalls                          3910601 calls
00:42:41.746781 /GVMM/Sum/HaltNotBlocking                       1961 calls
00:42:41.746786 /GVMM/Sum/HaltTimeouts                       3523499 calls
00:42:41.746792 /GVMM/Sum/HaltWakeUps                              0 calls
00:42:41.746798 /GVMM/Sum/PokeCalls                           614360 calls
00:42:41.746804 /GVMM/Sum/PokeNotBusy                          22420 calls
00:42:41.746810 /GVMM/Sum/PollCalls                                0 calls
00:42:41.746815 /GVMM/Sum/PollHalts                                0 calls
00:42:41.746821 /GVMM/Sum/PollWakeUps                              0 calls
00:42:41.746827 /GVMM/Sum/WakeUpCalls                         385793 calls
00:42:41.746832 /GVMM/Sum/WakeUpNotHalted                       3684 calls
00:42:41.746838 /GVMM/Sum/WakeUpWakeUps                            0 calls
00:42:41.746844 /GVMM/VCpus/0/Start                                0 ticks/call (           0 ticks,       0 calls, max         0, min       0)
00:42:41.746851 /GVMM/VCpus/0/Stop                                 0 ticks/call (           0 ticks,       0 calls, max         0, min       0)
00:42:41.746867 /GVMM/VCpus/0/cWakeUpTimerCanceled                 0 times
00:42:41.746873 /GVMM/VCpus/0/cWakeUpTimerHits                     0 times
00:42:41.746878 /GVMM/VCpus/0/cWakeUpTimerMisses                   0 times
00:42:41.746883 /GVMM/VCpus/0/cWakeUpTimerSameCpu                  0 times
00:42:41.746889 /GVMM/VM/HaltBlocking                        2494657 calls
00:42:41.746894 /GVMM/VM/HaltCalls                           2496377 calls
00:42:41.746900 /GVMM/VM/HaltNotBlocking                        1720 calls
00:42:41.746906 /GVMM/VM/HaltTimeouts                        2347338 calls
00:42:41.746912 /GVMM/VM/HaltWakeUps                               0 calls
00:42:41.746917 /GVMM/VM/PokeCalls                            142818 calls
00:42:41.746923 /GVMM/VM/PokeNotBusy                            4310 calls
00:42:41.746928 /GVMM/VM/PollCalls                                 0 calls
00:42:41.746934 /GVMM/VM/PollHalts                                 0 calls
00:42:41.746939 /GVMM/VM/PollWakeUps                               0 calls
00:42:41.746945 /GVMM/VM/WakeUpCalls                          147381 calls
00:42:41.746951 /GVMM/VM/WakeUpNotHalted                         661 calls
00:42:41.746956 /GVMM/VM/WakeUpWakeUps                             0 calls
00:42:41.746962 /GVMM/VMs                                          2 count
00:42:41.746969 /HGCM/FailedPageListLocking                        0 count
00:42:41.746975 /HGCM/LargeCmdAllocs                               0 count
00:42:41.746981 /HGCM/MsgArrival                                   0 ticks/call (           0 ticks,       0 calls, max         0, min      -1)
00:42:41.746988 /HGCM/MsgCompletion                                0 ticks/call (           0 ticks,       0 calls, max         0, min      -1)
00:42:41.746995 /HGCM/MsgTotal                                     0 ticks/call (           0 ticks,       0 calls, max         0, min      -1)
00:42:41.747003 /HM/CPU0/Exit/HostNmiInGC                          0 times
00:42:41.747008 /HM/CPU0/Exit/HostNmiInGCIpi                       0 times
00:42:41.747013 /HM/CPU0/Exit/PreemptTimer                     93290 times
00:42:41.747019 /HM/CPU0/Exit/Trap/Gst/#AC                         0 times
00:42:41.747025 /HM/CPU0/Exit/Trap/Gst/#AC-split-lock              0 times
00:42:41.747030 /HM/CPU0/ImportGuestStateFallback                204 times
00:42:41.747035 /HM/CPU0/PreemptTimer                          93290 times
00:42:41.747041 /HM/CPU0/PreemptTimer/RecalcingDeadline      5198042 times
00:42:41.747046 /HM/CPU0/PreemptTimer/RecalcingDeadlineExpired      3183 times
00:42:41.747051 /HM/CPU0/PreemptTimer/ReusingDeadline           4719 times
00:42:41.747056 /HM/CPU0/PreemptTimer/ReusingDeadlineExpired      1970 times
00:42:41.747060 /HM/CPU0/ReadToTransientFallback                   0 times
00:42:41.747066 /HM/CPU0/Switch/Preempting                     34138 times
00:42:41.747073 /IEM/CPU0/Exceptions/0d                           20 times
00:42:41.747094 /IEM/CPU0/Tlb/Code/InvlPg                          0 
00:42:41.747100 /IEM/CPU0/Tlb/Code/InvlPg/LargeGlobal              0 
00:42:41.747105 /IEM/CPU0/Tlb/Code/InvlPg/LargeNonGlobal           0 
00:42:41.747110 /IEM/CPU0/Tlb/Code/LargePageGlobalCurLoads         0 count
00:42:41.747115 /IEM/CPU0/Tlb/Code/LargePageGlobalFirstTag ffffffffffffffff count
00:42:41.747121 /IEM/CPU0/Tlb/Code/LargePageGlobalLastTag          0 count
00:42:41.747126 /IEM/CPU0/Tlb/Code/LargePageNonGlobalCurLoads         0 count
00:42:41.747131 /IEM/CPU0/Tlb/Code/LargePageNonGlobalFirstTag ffffffffffffffff count
00:42:41.747137 /IEM/CPU0/Tlb/Code/LargePageNonGlobalLastTag         0 count
00:42:41.747141 /IEM/CPU0/Tlb/Code/Misses                          0 count
00:42:41.747147 /IEM/CPU0/Tlb/Code/Misses/GlobalLoads              0 count
00:42:41.747152 /IEM/CPU0/Tlb/Code/PhysicalRevision        fffffffffffce000 
00:42:41.747158 /IEM/CPU0/Tlb/Code/PhysicalRevisionFlushes         0 
00:42:41.747162 /IEM/CPU0/Tlb/Code/PhysicalRevisionRollovers         0 
00:42:41.747175 /IEM/CPU0/Tlb/Code/RevisionGlobal          fffff38000000000 
00:42:41.747181 /IEM/CPU0/Tlb/Code/RevisionGlobalFlushes           0 
00:42:41.747186 /IEM/CPU0/Tlb/Code/RevisionNonGlobal       fffff38000000000 
00:42:41.747191 /IEM/CPU0/Tlb/Code/RevisionNonGlobalFlushes         0 
00:42:41.747196 /IEM/CPU0/Tlb/Code/RevisionRollovers               0 
00:42:41.747201 /IEM/CPU0/Tlb/Code/SlowReads                       0 count
00:42:41.747207 /IEM/CPU0/Tlb/Data/InvlPg                          0 
00:42:41.747212 /IEM/CPU0/Tlb/Data/InvlPg/LargeGlobal              0 
00:42:41.747217 /IEM/CPU0/Tlb/Data/InvlPg/LargeNonGlobal           0 
00:42:41.747222 /IEM/CPU0/Tlb/Data/LargePageGlobalCurLoads         0 count
00:42:41.747227 /IEM/CPU0/Tlb/Data/LargePageGlobalFirstTag ffffffffffffffff count
00:42:41.747233 /IEM/CPU0/Tlb/Data/LargePageGlobalLastTag          0 count
00:42:41.747238 /IEM/CPU0/Tlb/Data/LargePageNonGlobalCurLoads         0 count
00:42:41.747243 /IEM/CPU0/Tlb/Data/LargePageNonGlobalFirstTag ffffffffffffffff count
00:42:41.747248 /IEM/CPU0/Tlb/Data/LargePageNonGlobalLastTag         0 count
00:42:41.747254 /IEM/CPU0/Tlb/Data/Misses                          0 count
00:42:41.747260 /IEM/CPU0/Tlb/Data/Misses/Core                     0 count
00:42:41.747265 /IEM/CPU0/Tlb/Data/Misses/Core/GlobalLoads         0 count
00:42:41.747270 /IEM/CPU0/Tlb/Data/Misses/Safe                     0 count
00:42:41.747275 /IEM/CPU0/Tlb/Data/Misses/Safe/Reads               0 count
00:42:41.747281 /IEM/CPU0/Tlb/Data/Misses/Safe/SubPartHits         0 count
00:42:41.747285 /IEM/CPU0/Tlb/Data/Misses/Safe/SubPartMisses         0 count
00:42:41.747290 /IEM/CPU0/Tlb/Data/Misses/Safe/SubPartMisses/GlobalLoads         0 count
00:42:41.747294 /IEM/CPU0/Tlb/Data/Misses/Safe/Writes              0 count
00:42:41.747300 /IEM/CPU0/Tlb/Data/PhysicalRevision        fffffffffffce000 
00:42:41.747306 /IEM/CPU0/Tlb/Data/PhysicalRevisionFlushes         0 
00:42:41.747311 /IEM/CPU0/Tlb/Data/PhysicalRevisionRollovers         0 
00:42:41.747315 /IEM/CPU0/Tlb/Data/RevisionGlobal          fffff38000000000 
00:42:41.747321 /IEM/CPU0/Tlb/Data/RevisionGlobalFlushes           0 
00:42:41.747326 /IEM/CPU0/Tlb/Data/RevisionNonGlobal       fffff38000000000 
00:42:41.747332 /IEM/CPU0/Tlb/Data/RevisionNonGlobalFlushes         0 
00:42:41.747337 /IEM/CPU0/Tlb/Data/RevisionRollovers               0 
00:42:41.747342 /IEM/CPU0/cInstructions                      2398201 count
00:42:41.747348 /IEM/CPU0/cLongJumps                            6517 bytes
00:42:41.747354 /IEM/CPU0/cMisalignedAtomics                       0 count
00:42:41.747360 /IEM/CPU0/cPendingCommit                           0 count
00:42:41.747365 /IEM/CPU0/cPotentialExits                      30442 count
00:42:41.747371 /IEM/CPU0/cRetAspectNotImplemented                 0 count
00:42:41.747377 /IEM/CPU0/cRetErrStatuses                          0 count
00:42:41.747382 /IEM/CPU0/cRetInfStatuses                    2464752 count
00:42:41.747388 /IEM/CPU0/cRetInstrNotImplemented                  0 count
00:42:41.747393 /IOM/MmioMappingsStale                             0 ticks/call
00:42:41.747399 /IOM/MmioTooDeepRecursion                          0 times
00:42:41.747404 /PDM/BlkCache/cbCached                             0 bytes
00:42:41.747410 /PDM/BlkCache/cbCachedFru                          0 bytes
00:42:41.747415 /PDM/BlkCache/cbCachedMruIn                        0 bytes
00:42:41.747420 /PDM/BlkCache/cbCachedMruOut                       0 bytes
00:42:41.747426 /PDM/BlkCache/cbMax                          5242880 bytes
00:42:41.747432 /PDM/CritSects/00-AbortedEnters                    0 times
00:42:41.747438 /PDM/CritSects/00-EntersWhileAborting              0 times
00:42:41.747443 /PDM/CritSects/00-Non-interruptible-Waits-VINF_SUCCESS         0 times
00:42:41.747448 /PDM/CritSects/00-QueuedLeaves                     0 times
00:42:41.747453 /PDM/CritSects/00-VERR_INTERRUPTED                 0 times
00:42:41.747458 /PDM/CritSects/00-VERR_TIMEOUT                     0 times
00:42:41.747471 /PDM/CritSects/8237A#0Auto/ContentionR3            0 times
00:42:41.747477 /PDM/CritSects/8237A#0Auto/ContentionR3Wait         0 ticks/time (           0 ticks,       0 times, max         0, min      -1)
00:42:41.747483 /PDM/CritSects/8237A#0Auto/ContentionRZLock         0 times
00:42:41.747487 /PDM/CritSects/8237A#0Auto/ContentionRZLockBusy         0 times
00:42:41.747492 /PDM/CritSects/8237A#0Auto/ContentionRZUnlock         0 times
00:42:41.747497 /PDM/CritSects/8237A#0Auto/ContentionRZWait         0 ticks/time (           0 ticks,       0 times, max         0, min      -1)
00:42:41.747503 /PDM/CritSects/AC'97/ContentionR3                  0 times
00:42:41.747509 /PDM/CritSects/AC'97/ContentionR3Wait              0 ticks/time (           0 ticks,       0 times, max         0, min      -1)
00:42:41.747515 /PDM/CritSects/AC'97/ContentionRZLock              0 times
00:42:41.747520 /PDM/CritSects/AC'97/ContentionRZLockBusy          0 times
00:42:41.747525 /PDM/CritSects/AC'97/ContentionRZUnlock            0 times
00:42:41.747530 /PDM/CritSects/AC'97/ContentionRZWait              0 ticks/time (           0 ticks,       0 times, max         0, min      -1)
00:42:41.747536 /PDM/CritSects/AHCI#0/ContentionR3                11 times
00:42:41.747558 /PDM/CritSects/AHCI#0/ContentionR3Wait         10773 ticks/time (      118511 ticks,      11 times, max     36523, min    1711)
00:42:41.747566 /PDM/CritSects/AHCI#0/ContentionRZLock             4 times
00:42:41.747571 /PDM/CritSects/AHCI#0/ContentionRZLockBusy         0 times
00:42:41.747576 /PDM/CritSects/AHCI#0/ContentionRZUnlock           0 times
00:42:41.747582 /PDM/CritSects/AHCI#0/ContentionRZWait         40174 ticks/time (      160697 ticks,       4 times, max     43616, min   37356)
00:42:41.747589 /PDM/CritSects/ATA#0-Ctl/ContentionR3             54 times
00:42:41.747594 /PDM/CritSects/ATA#0-Ctl/ContentionR3Wait      44497 ticks/time (     2402880 ticks,      54 times, max    170830, min    3210)
00:42:41.747601 /PDM/CritSects/ATA#0-Ctl/ContentionRZLock          4 times
00:42:41.747606 /PDM/CritSects/ATA#0-Ctl/ContentionRZLockBusy         0 times
00:42:41.747611 /PDM/CritSects/ATA#0-Ctl/ContentionRZUnlock         0 times
00:42:41.747616 /PDM/CritSects/ATA#0-Ctl/ContentionRZWait      61938 ticks/time (      247752 ticks,       4 times, max    133644, min   23371)
00:42:41.747623 /PDM/CritSects/ATA#0-Req/ContentionR3              0 times
00:42:41.747628 /PDM/CritSects/ATA#0-Req/ContentionR3Wait          0 ticks/time (           0 ticks,       0 times, max         0, min      -1)
00:42:41.747634 /PDM/CritSects/ATA#0-Req/ContentionRZLock          0 times
00:42:41.747639 /PDM/CritSects/ATA#0-Req/ContentionRZLockBusy         0 times
00:42:41.747644 /PDM/CritSects/ATA#0-Req/ContentionRZUnlock         0 times
00:42:41.747648 /PDM/CritSects/ATA#0-Req/ContentionRZWait          0 ticks/time (           0 ticks,       0 times, max         0, min      -1)
00:42:41.747655 /PDM/CritSects/ATA#1-Ctl/ContentionR3              0 times
00:42:41.747660 /PDM/CritSects/ATA#1-Ctl/ContentionR3Wait          0 ticks/time (           0 ticks,       0 times, max         0, min      -1)
00:42:41.747666 /PDM/CritSects/ATA#1-Ctl/ContentionRZLock          0 times
00:42:41.747671 /PDM/CritSects/ATA#1-Ctl/ContentionRZLockBusy         0 times
00:42:41.747676 /PDM/CritSects/ATA#1-Ctl/ContentionRZUnlock         0 times
00:42:41.747681 /PDM/CritSects/ATA#1-Ctl/ContentionRZWait          0 ticks/time (           0 ticks,       0 times, max         0, min      -1)
00:42:41.747687 /PDM/CritSects/ATA#1-Req/ContentionR3              0 times
00:42:41.747693 /PDM/CritSects/ATA#1-Req/ContentionR3Wait          0 ticks/time (           0 ticks,       0 times, max         0, min      -1)
00:42:41.747699 /PDM/CritSects/ATA#1-Req/ContentionRZLock          0 times
00:42:41.747704 /PDM/CritSects/ATA#1-Req/ContentionRZLockBusy         0 times
00:42:41.747709 /PDM/CritSects/ATA#1-Req/ContentionRZUnlock         0 times
00:42:41.747713 /PDM/CritSects/ATA#1-Req/ContentionRZWait          0 ticks/time (           0 ticks,       0 times, max         0, min      -1)
00:42:41.747728 /PDM/CritSects/E1000#0/ContentionR3              402 times
00:42:41.747734 /PDM/CritSects/E1000#0/ContentionR3Wait       308104 ticks/time (   123858079 ticks,     402 times, max   3690092, min     882)
00:42:41.747742 /PDM/CritSects/E1000#0/ContentionRZLock            2 times
00:42:41.747747 /PDM/CritSects/E1000#0/ContentionRZLockBusy         0 times
00:42:41.747751 /PDM/CritSects/E1000#0/ContentionRZUnlock          0 times
00:42:41.747757 /PDM/CritSects/E1000#0/ContentionRZWait       101887 ticks/time (      203774 ticks,       2 times, max    132323, min   71451)
00:42:41.747763 /PDM/CritSects/E1000#0RX/ContentionR3              7 times
00:42:41.747768 /PDM/CritSects/E1000#0RX/ContentionR3Wait      47445 ticks/time (      332115 ticks,       7 times, max    222897, min    2085)
00:42:41.747775 /PDM/CritSects/E1000#0RX/ContentionRZLock          4 times
00:42:41.747780 /PDM/CritSects/E1000#0RX/ContentionRZLockBusy         0 times
00:42:41.747784 /PDM/CritSects/E1000#0RX/ContentionRZUnlock         0 times
00:42:41.747789 /PDM/CritSects/E1000#0RX/ContentionRZWait     305862 ticks/time (     1223448 ticks,       4 times, max    946555, min   14942)
00:42:41.747796 /PDM/CritSects/E1000#0TX/ContentionR3              0 times
00:42:41.747801 /PDM/CritSects/E1000#0TX/ContentionR3Wait          0 ticks/time (           0 ticks,       0 times, max         0, min      -1)
00:42:41.747807 /PDM/CritSects/E1000#0TX/ContentionRZLock          0 times
00:42:41.747812 /PDM/CritSects/E1000#0TX/ContentionRZLockBusy         0 times
00:42:41.747816 /PDM/CritSects/E1000#0TX/ContentionRZUnlock         0 times
00:42:41.747821 /PDM/CritSects/E1000#0TX/ContentionRZWait          0 ticks/time (           0 ticks,       0 times, max         0, min      -1)
00:42:41.747827 /PDM/CritSects/E1000#1/ContentionR3                0 times
00:42:41.747833 /PDM/CritSects/E1000#1/ContentionR3Wait            0 ticks/time (           0 ticks,       0 times, max         0, min      -1)
00:42:41.747839 /PDM/CritSects/E1000#1/ContentionRZLock            0 times
00:42:41.747844 /PDM/CritSects/E1000#1/ContentionRZLockBusy         0 times
00:42:41.747849 /PDM/CritSects/E1000#1/ContentionRZUnlock          0 times
00:42:41.747853 /PDM/CritSects/E1000#1/ContentionRZWait            0 ticks/time (           0 ticks,       0 times, max         0, min      -1)
00:42:41.747860 /PDM/CritSects/E1000#1RX/ContentionR3              0 times
00:42:41.747865 /PDM/CritSects/E1000#1RX/ContentionR3Wait          0 ticks/time (           0 ticks,       0 times, max         0, min      -1)
00:42:41.747870 /PDM/CritSects/E1000#1RX/ContentionRZLock          0 times
00:42:41.747875 /PDM/CritSects/E1000#1RX/ContentionRZLockBusy         0 times
00:42:41.747880 /PDM/CritSects/E1000#1RX/ContentionRZUnlock         0 times
00:42:41.747885 /PDM/CritSects/E1000#1RX/ContentionRZWait          0 ticks/time (           0 ticks,       0 times, max         0, min      -1)
00:42:41.747891 /PDM/CritSects/E1000#1TX/ContentionR3              0 times
00:42:41.747896 /PDM/CritSects/E1000#1TX/ContentionR3Wait          0 ticks/time (           0 ticks,       0 times, max         0, min      -1)
00:42:41.747902 /PDM/CritSects/E1000#1TX/ContentionRZLock          0 times
00:42:41.747906 /PDM/CritSects/E1000#1TX/ContentionRZLockBusy         0 times
00:42:41.747911 /PDM/CritSects/E1000#1TX/ContentionRZUnlock         0 times
00:42:41.747916 /PDM/CritSects/E1000#1TX/ContentionRZWait          0 ticks/time (           0 ticks,       0 times, max         0, min      -1)
00:42:41.747922 /PDM/CritSects/EHCI#0Irq/ContentionR3              0 times
00:42:41.747928 /PDM/CritSects/EHCI#0Irq/ContentionR3Wait          0 ticks/time (           0 ticks,       0 times, max         0, min      -1)
00:42:41.747934 /PDM/CritSects/EHCI#0Irq/ContentionRZLock          0 times
00:42:41.747938 /PDM/CritSects/EHCI#0Irq/ContentionRZLockBusy         0 times
00:42:41.747943 /PDM/CritSects/EHCI#0Irq/ContentionRZUnlock         0 times
00:42:41.747947 /PDM/CritSects/EHCI#0Irq/ContentionRZWait          0 ticks/time (           0 ticks,       0 times, max         0, min      -1)
00:42:41.747961 /PDM/CritSects/GIMDev#0Auto/ContentionR3           0 times
00:42:41.747967 /PDM/CritSects/GIMDev#0Auto/ContentionR3Wait         0 ticks/time (           0 ticks,       0 times, max         0, min      -1)
00:42:41.747973 /PDM/CritSects/GIMDev#0Auto/ContentionRZLock         0 times
00:42:41.747979 /PDM/CritSects/GIMDev#0Auto/ContentionRZLockBusy         0 times
00:42:41.747983 /PDM/CritSects/GIMDev#0Auto/ContentionRZUnlock         0 times
00:42:41.747988 /PDM/CritSects/GIMDev#0Auto/ContentionRZWait         0 ticks/time (           0 ticks,       0 times, max         0, min      -1)
00:42:41.747995 /PDM/CritSects/IntNetXmit_0/ContentionR3           0 times
00:42:41.748000 /PDM/CritSects/IntNetXmit_0/ContentionR3Wait         0 ticks/time (           0 ticks,       0 times, max         0, min      -1)
00:42:41.748006 /PDM/CritSects/IntNetXmit_0/ContentionRZLock         0 times
00:42:41.748011 /PDM/CritSects/IntNetXmit_0/ContentionRZLockBusy         0 times
00:42:41.748016 /PDM/CritSects/IntNetXmit_0/ContentionRZUnlock         0 times
00:42:41.748021 /PDM/CritSects/IntNetXmit_0/ContentionRZWait         0 ticks/time (           0 ticks,       0 times, max         0, min      -1)
00:42:41.748027 /PDM/CritSects/NOP/ContentionR3                    0 times
00:42:41.748033 /PDM/CritSects/NOP/ContentionR3Wait                0 ticks/time (           0 ticks,       0 times, max         0, min      -1)
00:42:41.748040 /PDM/CritSects/NOP/ContentionRZLock                0 times
00:42:41.748045 /PDM/CritSects/NOP/ContentionRZLockBusy            0 times
00:42:41.748050 /PDM/CritSects/NOP/ContentionRZUnlock              0 times
00:42:41.748056 /PDM/CritSects/NOP/ContentionRZWait                0 ticks/time (           0 ticks,       0 times, max         0, min      -1)
00:42:41.748062 /PDM/CritSects/OHCI#0Irq/ContentionR3              0 times
00:42:41.748068 /PDM/CritSects/OHCI#0Irq/ContentionR3Wait          0 ticks/time (           0 ticks,       0 times, max         0, min      -1)
00:42:41.748074 /PDM/CritSects/OHCI#0Irq/ContentionRZLock          0 times
00:42:41.748079 /PDM/CritSects/OHCI#0Irq/ContentionRZLockBusy         0 times
00:42:41.748083 /PDM/CritSects/OHCI#0Irq/ContentionRZUnlock         0 times
00:42:41.748088 /PDM/CritSects/OHCI#0Irq/ContentionRZWait          0 ticks/time (           0 ticks,       0 times, max         0, min      -1)
00:42:41.748094 /PDM/CritSects/PDM/ContentionR3                   13 times
00:42:41.748100 /PDM/CritSects/PDM/ContentionR3Wait            15821 ticks/time (      205683 ticks,      13 times, max     42476, min    5308)
00:42:41.748107 /PDM/CritSects/PDM/ContentionRZLock                0 times
00:42:41.748112 /PDM/CritSects/PDM/ContentionRZLockBusy            0 times
00:42:41.748117 /PDM/CritSects/PDM/ContentionRZUnlock              0 times
00:42:41.748122 /PDM/CritSects/PDM/ContentionRZWait                0 ticks/time (           0 ticks,       0 times, max         0, min      -1)
00:42:41.748128 /PDM/CritSects/PGM/ContentionR3                35177 times
00:42:41.748134 /PDM/CritSects/PGM/ContentionR3Wait             9713 ticks/time (   341718478 ticks,   35178 times, max   4431355, min    1076)
00:42:41.748142 /PDM/CritSects/PGM/ContentionRZLock             2111 times
00:42:41.748147 /PDM/CritSects/PGM/ContentionRZLockBusy            0 times
00:42:41.748152 /PDM/CritSects/PGM/ContentionRZUnlock              0 times
00:42:41.748157 /PDM/CritSects/PGM/ContentionRZWait           245191 ticks/time (   517598337 ticks,    2111 times, max   3664662, min     583)
00:42:41.748165 /PDM/CritSects/TM VirtualSync Lock/ContentionR3         0 times
00:42:41.748170 /PDM/CritSects/TM VirtualSync Lock/ContentionR3Wait         0 ticks/time (           0 ticks,       0 times, max         0, min      -1)
00:42:41.748176 /PDM/CritSects/TM VirtualSync Lock/ContentionRZLock         0 times
00:42:41.748182 /PDM/CritSects/TM VirtualSync Lock/ContentionRZLockBusy         0 times
00:42:41.748186 /PDM/CritSects/TM VirtualSync Lock/ContentionRZUnlock         0 times
00:42:41.748198 /PDM/CritSects/TM VirtualSync Lock/ContentionRZWait         0 ticks/time (           0 ticks,       0 times, max         0, min      -1)
00:42:41.748205 /PDM/CritSects/TM real queue timer lock/ContentionR3         0 times
00:42:41.748210 /PDM/CritSects/TM real queue timer lock/ContentionR3Wait         0 ticks/time (           0 ticks,       0 times, max         0, min      -1)
00:42:41.748216 /PDM/CritSects/TM real queue timer lock/ContentionRZLock         0 times
00:42:41.748221 /PDM/CritSects/TM real queue timer lock/ContentionRZLockBusy         0 times
00:42:41.748226 /PDM/CritSects/TM real queue timer lock/ContentionRZUnlock         0 times
00:42:41.748231 /PDM/CritSects/TM real queue timer lock/ContentionRZWait         0 ticks/time (           0 ticks,       0 times, max         0, min      -1)
00:42:41.748237 /PDM/CritSects/TM tsc queue timer lock/ContentionR3         0 times
00:42:41.748242 /PDM/CritSects/TM tsc queue timer lock/ContentionR3Wait         0 ticks/time (           0 ticks,       0 times, max         0, min      -1)
00:42:41.748248 /PDM/CritSects/TM tsc queue timer lock/ContentionRZLock         0 times
00:42:41.748253 /PDM/CritSects/TM tsc queue timer lock/ContentionRZLockBusy         0 times
00:42:41.748258 /PDM/CritSects/TM tsc queue timer lock/ContentionRZUnlock         0 times
00:42:41.748263 /PDM/CritSects/TM tsc queue timer lock/ContentionRZWait         0 ticks/time (           0 ticks,       0 times, max         0, min      -1)
00:42:41.748270 /PDM/CritSects/TM virtual queue timer lock/ContentionR3       289 times
00:42:41.748274 /PDM/CritSects/TM virtual queue timer lock/ContentionR3Wait         0 ticks/time (           0 ticks,       0 times, max         0, min      -1)
00:42:41.748281 /PDM/CritSects/TM virtual queue timer lock/ContentionRZLock         0 times
00:42:41.748286 /PDM/CritSects/TM virtual queue timer lock/ContentionRZLockBusy         0 times
00:42:41.748291 /PDM/CritSects/TM virtual queue timer lock/ContentionRZUnlock         0 times
00:42:41.748296 /PDM/CritSects/TM virtual queue timer lock/ContentionRZWait         0 ticks/time (           0 ticks,       0 times, max         0, min      -1)
00:42:41.748302 /PDM/CritSects/TM virtual_sync queue timer lock/ContentionR3         0 times
00:42:41.748307 /PDM/CritSects/TM virtual_sync queue timer lock/ContentionR3Wait         0 ticks/time (           0 ticks,       0 times, max         0, min      -1)
00:42:41.748313 /PDM/CritSects/TM virtual_sync queue timer lock/ContentionRZLock         0 times
00:42:41.748318 /PDM/CritSects/TM virtual_sync queue timer lock/ContentionRZLockBusy         0 times
00:42:41.748323 /PDM/CritSects/TM virtual_sync queue timer lock/ContentionRZUnlock         0 times
00:42:41.748328 /PDM/CritSects/TM virtual_sync queue timer lock/ContentionRZWait         0 ticks/time (           0 ticks,       0 times, max         0, min      -1)
00:42:41.748334 /PDM/CritSects/VGA#0/ContentionR3                  2 times
00:42:41.748340 /PDM/CritSects/VGA#0/ContentionR3Wait        4828095 ticks/time (     9656190 ticks,       2 times, max   6795346, min 2860844)
00:42:41.748348 /PDM/CritSects/VGA#0/ContentionRZLock              0 times
00:42:41.748353 /PDM/CritSects/VGA#0/ContentionRZLockBusy          0 times
00:42:41.748358 /PDM/CritSects/VGA#0/ContentionRZUnlock            0 times
00:42:41.748363 /PDM/CritSects/VGA#0/ContentionRZWait              0 ticks/time (           0 ticks,       0 times, max         0, min      -1)
00:42:41.748369 /PDM/CritSects/VGA#0_IRQ/ContentionR3              0 times
00:42:41.748375 /PDM/CritSects/VGA#0_IRQ/ContentionR3Wait          0 ticks/time (           0 ticks,       0 times, max         0, min      -1)
00:42:41.748381 /PDM/CritSects/VGA#0_IRQ/ContentionRZLock          0 times
00:42:41.748387 /PDM/CritSects/VGA#0_IRQ/ContentionRZLockBusy         0 times
00:42:41.748392 /PDM/CritSects/VGA#0_IRQ/ContentionRZUnlock         0 times
00:42:41.748396 /PDM/CritSects/VGA#0_IRQ/ContentionRZWait          0 ticks/time (           0 ticks,       0 times, max         0, min      -1)
00:42:41.748410 /PDM/CritSects/VMMDev#0/ContentionR3               0 times
00:42:41.748416 /PDM/CritSects/VMMDev#0/ContentionR3Wait           0 ticks/time (           0 ticks,       0 times, max         0, min      -1)
00:42:41.748422 /PDM/CritSects/VMMDev#0/ContentionRZLock           0 times
00:42:41.748427 /PDM/CritSects/VMMDev#0/ContentionRZLockBusy         0 times
00:42:41.748432 /PDM/CritSects/VMMDev#0/ContentionRZUnlock         0 times
00:42:41.748437 /PDM/CritSects/VMMDev#0/ContentionRZWait           0 ticks/time (           0 ticks,       0 times, max         0, min      -1)
00:42:41.748443 /PDM/CritSects/acpi#0/ContentionR3                 0 times
00:42:41.748449 /PDM/CritSects/acpi#0/ContentionR3Wait             0 ticks/time (           0 ticks,       0 times, max         0, min      -1)
00:42:41.748455 /PDM/CritSects/acpi#0/ContentionRZLock             0 times
00:42:41.748460 /PDM/CritSects/acpi#0/ContentionRZLockBusy         0 times
00:42:41.748465 /PDM/CritSects/acpi#0/ContentionRZUnlock           0 times
00:42:41.748470 /PDM/CritSects/acpi#0/ContentionRZWait             0 ticks/time (           0 ticks,       0 times, max         0, min      -1)
00:42:41.748477 /PDM/CritSects/mc146818#0Auto/ContentionR3         0 times
00:42:41.748482 /PDM/CritSects/mc146818#0Auto/ContentionR3Wait         0 ticks/time (           0 ticks,       0 times, max         0, min      -1)
00:42:41.748488 /PDM/CritSects/mc146818#0Auto/ContentionRZLock         0 times
00:42:41.748494 /PDM/CritSects/mc146818#0Auto/ContentionRZLockBusy         0 times
00:42:41.748499 /PDM/CritSects/mc146818#0Auto/ContentionRZUnlock         0 times
00:42:41.748503 /PDM/CritSects/mc146818#0Auto/ContentionRZWait         0 ticks/time (           0 ticks,       0 times, max         0, min      -1)
00:42:41.748511 /PDM/CritSects/pcarch#0Auto/ContentionR3           0 times
00:42:41.748516 /PDM/CritSects/pcarch#0Auto/ContentionR3Wait         0 ticks/time (           0 ticks,       0 times, max         0, min      -1)
00:42:41.748522 /PDM/CritSects/pcarch#0Auto/ContentionRZLock         0 times
00:42:41.748527 /PDM/CritSects/pcarch#0Auto/ContentionRZLockBusy         0 times
00:42:41.748532 /PDM/CritSects/pcarch#0Auto/ContentionRZUnlock         0 times
00:42:41.748537 /PDM/CritSects/pcarch#0Auto/ContentionRZWait         0 ticks/time (           0 ticks,       0 times, max         0, min      -1)
00:42:41.748563 /PDM/CritSects/pcbios#0Auto/ContentionR3           0 times
00:42:41.748568 /PDM/CritSects/pcbios#0Auto/ContentionR3Wait         0 ticks/time (           0 ticks,       0 times, max         0, min      -1)
00:42:41.748575 /PDM/CritSects/pcbios#0Auto/ContentionRZLock         0 times
00:42:41.748579 /PDM/CritSects/pcbios#0Auto/ContentionRZLockBusy         0 times
00:42:41.748585 /PDM/CritSects/pcbios#0Auto/ContentionRZUnlock         0 times
00:42:41.748590 /PDM/CritSects/pcbios#0Auto/ContentionRZWait         0 ticks/time (           0 ticks,       0 times, max         0, min      -1)
00:42:41.748596 /PDM/CritSects/pckbd#0Auto/ContentionR3            0 times
00:42:41.748601 /PDM/CritSects/pckbd#0Auto/ContentionR3Wait         0 ticks/time (           0 ticks,       0 times, max         0, min      -1)
00:42:41.748608 /PDM/CritSects/pckbd#0Auto/ContentionRZLock         0 times
00:42:41.748613 /PDM/CritSects/pckbd#0Auto/ContentionRZLockBusy         0 times
00:42:41.748618 /PDM/CritSects/pckbd#0Auto/ContentionRZUnlock         0 times
00:42:41.748623 /PDM/CritSects/pckbd#0Auto/ContentionRZWait         0 ticks/time (           0 ticks,       0 times, max         0, min      -1)
00:42:41.748629 /PDM/CritSects/pit#0/ContentionR3                  0 times
00:42:41.748635 /PDM/CritSects/pit#0/ContentionR3Wait              0 ticks/time (           0 ticks,       0 times, max         0, min      -1)
00:42:41.748641 /PDM/CritSects/pit#0/ContentionRZLock              0 times
00:42:41.748646 /PDM/CritSects/pit#0/ContentionRZLockBusy          0 times
00:42:41.748652 /PDM/CritSects/pit#0/ContentionRZUnlock            0 times
00:42:41.748657 /PDM/CritSects/pit#0/ContentionRZWait              0 ticks/time (           0 ticks,       0 times, max         0, min      -1)
00:42:41.748671 /PDM/CritSects/usb-ehci#0Auto/ContentionR3         0 times
00:42:41.748676 /PDM/CritSects/usb-ehci#0Auto/ContentionR3Wait         0 ticks/time (           0 ticks,       0 times, max         0, min      -1)
00:42:41.748682 /PDM/CritSects/usb-ehci#0Auto/ContentionRZLock         0 times
00:42:41.748687 /PDM/CritSects/usb-ehci#0Auto/ContentionRZLockBusy         0 times
00:42:41.748692 /PDM/CritSects/usb-ehci#0Auto/ContentionRZUnlock         0 times
00:42:41.748697 /PDM/CritSects/usb-ehci#0Auto/ContentionRZWait         0 ticks/time (           0 ticks,       0 times, max         0, min      -1)
00:42:41.748703 /PDM/CritSects/usb-ohci#0Auto/ContentionR3         0 times
00:42:41.748708 /PDM/CritSects/usb-ohci#0Auto/ContentionR3Wait         0 ticks/time (           0 ticks,       0 times, max         0, min      -1)
00:42:41.748714 /PDM/CritSects/usb-ohci#0Auto/ContentionRZLock         0 times
00:42:41.748719 /PDM/CritSects/usb-ohci#0Auto/ContentionRZLockBusy         0 times
00:42:41.748723 /PDM/CritSects/usb-ohci#0Auto/ContentionRZUnlock         0 times
00:42:41.748728 /PDM/CritSects/usb-ohci#0Auto/ContentionRZWait         0 ticks/time (           0 ticks,       0 times, max         0, min      -1)
00:42:41.748735 /PDM/CritSectsRw/00-EnterSharedWhileAborting         0 times
00:42:41.748740 /PDM/CritSectsRw/00-Excl-Non-interruptible-Waits-VINF_SUCCESS         0 times
00:42:41.748744 /PDM/CritSectsRw/00-Excl-VERR_INTERRUPTED          0 times
00:42:41.748749 /PDM/CritSectsRw/00-Excl-VERR_TIMEOUT              0 times
00:42:41.748754 /PDM/CritSectsRw/00-Shared-Non-interruptible-Waits-VINF_SUCCESS         0 times
00:42:41.748760 /PDM/CritSectsRw/00-Shared-VERR_INTERRUPTED         0 times
00:42:41.748765 /PDM/CritSectsRw/00-Shared-VERR_TIMEOUT            0 times
00:42:41.748770 /PDM/CritSectsRw/IOM Lock/ContentionR3EnterExcl         0 times
00:42:41.748775 /PDM/CritSectsRw/IOM Lock/ContentionR3EnterShared         0 times
00:42:41.748780 /PDM/CritSectsRw/IOM Lock/ContentionR3LeaveExcl         0 times
00:42:41.748785 /PDM/CritSectsRw/IOM Lock/ContentionRZEnterExcl         0 times
00:42:41.748790 /PDM/CritSectsRw/IOM Lock/ContentionRZEnterShared         0 times
00:42:41.748795 /PDM/CritSectsRw/IOM Lock/ContentionRZLeaveExcl         0 times
00:42:41.748800 /PDM/CritSectsRw/IOM Lock/ContentionRZLeaveShared         0 times
00:42:41.748805 /PDM/CritSectsRw/IOM Lock/R3EnterExcl            177 times
00:42:41.748810 /PDM/CritSectsRw/IOM Lock/R3EnterShared      2469330 times
00:42:41.748815 /PDM/CritSectsRw/IOM Lock/RZEnterExcl              0 times
00:42:41.748820 /PDM/CritSectsRw/IOM Lock/RZEnterShared      5106200 times
00:42:41.748826 /PDM/CritSectsRw/TM real queue alloc lock/ContentionR3EnterExcl         0 times
00:42:41.748830 /PDM/CritSectsRw/TM real queue alloc lock/ContentionR3EnterShared         0 times
00:42:41.748835 /PDM/CritSectsRw/TM real queue alloc lock/ContentionR3LeaveExcl         0 times
00:42:41.748840 /PDM/CritSectsRw/TM real queue alloc lock/ContentionRZEnterExcl         0 times
00:42:41.748845 /PDM/CritSectsRw/TM real queue alloc lock/ContentionRZEnterShared         0 times
00:42:41.748850 /PDM/CritSectsRw/TM real queue alloc lock/ContentionRZLeaveExcl         0 times
00:42:41.748855 /PDM/CritSectsRw/TM real queue alloc lock/ContentionRZLeaveShared         0 times
00:42:41.748860 /PDM/CritSectsRw/TM real queue alloc lock/R3EnterExcl         8 times
00:42:41.748864 /PDM/CritSectsRw/TM real queue alloc lock/R3EnterShared         1 times
00:42:41.748869 /PDM/CritSectsRw/TM real queue alloc lock/RZEnterExcl         0 times
00:42:41.748874 /PDM/CritSectsRw/TM real queue alloc lock/RZEnterShared         0 times
00:42:41.748879 /PDM/CritSectsRw/TM tsc queue alloc lock/ContentionR3EnterExcl         0 times
00:42:41.748884 /PDM/CritSectsRw/TM tsc queue alloc lock/ContentionR3EnterShared         0 times
00:42:41.748889 /PDM/CritSectsRw/TM tsc queue alloc lock/ContentionR3LeaveExcl         0 times
00:42:41.748923 /PDM/CritSectsRw/TM tsc queue alloc lock/ContentionRZEnterExcl         0 times
00:42:41.748928 /PDM/CritSectsRw/TM tsc queue alloc lock/ContentionRZEnterShared         0 times
00:42:41.748933 /PDM/CritSectsRw/TM tsc queue alloc lock/ContentionRZLeaveExcl         0 times
00:42:41.748938 /PDM/CritSectsRw/TM tsc queue alloc lock/ContentionRZLeaveShared         0 times
00:42:41.748943 /PDM/CritSectsRw/TM tsc queue alloc lock/R3EnterExcl         0 times
00:42:41.748948 /PDM/CritSectsRw/TM tsc queue alloc lock/R3EnterShared         1 times
00:42:41.748953 /PDM/CritSectsRw/TM tsc queue alloc lock/RZEnterExcl         0 times
00:42:41.748957 /PDM/CritSectsRw/TM tsc queue alloc lock/RZEnterShared         0 times
00:42:41.748962 /PDM/CritSectsRw/TM virtual queue alloc lock/ContentionR3EnterExcl         0 times
00:42:41.748967 /PDM/CritSectsRw/TM virtual queue alloc lock/ContentionR3EnterShared         0 times
00:42:41.748972 /PDM/CritSectsRw/TM virtual queue alloc lock/ContentionR3LeaveExcl         0 times
00:42:41.748977 /PDM/CritSectsRw/TM virtual queue alloc lock/ContentionRZEnterExcl         0 times
00:42:41.748982 /PDM/CritSectsRw/TM virtual queue alloc lock/ContentionRZEnterShared         0 times
00:42:41.748987 /PDM/CritSectsRw/TM virtual queue alloc lock/ContentionRZLeaveExcl         0 times
00:42:41.748992 /PDM/CritSectsRw/TM virtual queue alloc lock/ContentionRZLeaveShared         0 times
00:42:41.748996 /PDM/CritSectsRw/TM virtual queue alloc lock/R3EnterExcl        13 times
00:42:41.749001 /PDM/CritSectsRw/TM virtual queue alloc lock/R3EnterShared         1 times
00:42:41.749006 /PDM/CritSectsRw/TM virtual queue alloc lock/RZEnterExcl         0 times
00:42:41.749010 /PDM/CritSectsRw/TM virtual queue alloc lock/RZEnterShared         0 times
00:42:41.749016 /PDM/CritSectsRw/TM virtual_sync queue alloc lock/ContentionR3EnterExcl         0 times
00:42:41.749021 /PDM/CritSectsRw/TM virtual_sync queue alloc lock/ContentionR3EnterShared         0 times
00:42:41.749025 /PDM/CritSectsRw/TM virtual_sync queue alloc lock/ContentionR3LeaveExcl         0 times
00:42:41.749031 /PDM/CritSectsRw/TM virtual_sync queue alloc lock/ContentionRZEnterExcl         0 times
00:42:41.749035 /PDM/CritSectsRw/TM virtual_sync queue alloc lock/ContentionRZEnterShared         0 times
00:42:41.749040 /PDM/CritSectsRw/TM virtual_sync queue alloc lock/ContentionRZLeaveExcl         0 times
00:42:41.749045 /PDM/CritSectsRw/TM virtual_sync queue alloc lock/ContentionRZLeaveShared         0 times
00:42:41.749050 /PDM/CritSectsRw/TM virtual_sync queue alloc lock/R3EnterExcl         9 times
00:42:41.749054 /PDM/CritSectsRw/TM virtual_sync queue alloc lock/R3EnterShared         1 times
00:42:41.749059 /PDM/CritSectsRw/TM virtual_sync queue alloc lock/RZEnterExcl         0 times
00:42:41.749064 /PDM/CritSectsRw/TM virtual_sync queue alloc lock/RZEnterShared         0 times
00:42:41.749069 /PDM/Queue/DevHlp/AllocFailures                    0 times
00:42:41.749075 /PDM/Queue/DevHlp/Flush                            0 calls
00:42:41.749080 /PDM/Queue/DevHlp/FlushLeftovers                   0 times
00:42:41.749086 /PDM/Queue/DevHlp/Insert                           0 calls
00:42:41.749092 /PDM/Queue/DevHlp/cItems                           8 count
00:42:41.749098 /PDM/Queue/DevHlp/cbItem                          56 bytes
00:42:41.749103 /PDM/Queue/DevHlp/rcOkay                           0 
00:42:41.749109 /PDM/Queue/Keyboard/AllocFailures                  0 times
00:42:41.749114 /PDM/Queue/Keyboard/Flush                          0 calls
00:42:41.749119 /PDM/Queue/Keyboard/FlushLeftovers                 0 times
00:42:41.749125 /PDM/Queue/Keyboard/Insert                      1692 calls
00:42:41.749131 /PDM/Queue/Keyboard/cItems                        64 count
00:42:41.749137 /PDM/Queue/Keyboard/cbItem                        16 bytes
00:42:41.749143 /PDM/Queue/Keyboard/rcOkay                         0 
00:42:41.749149 /PDM/Queue/Mouse/AllocFailures                     0 times
00:42:41.749154 /PDM/Queue/Mouse/Flush                             0 calls
00:42:41.749167 /PDM/Queue/Mouse/FlushLeftovers                    0 times
00:42:41.749172 /PDM/Queue/Mouse/Insert                         5121 calls
00:42:41.749178 /PDM/Queue/Mouse/cItems                          128 count
00:42:41.749185 /PDM/Queue/Mouse/cbItem                           32 bytes
00:42:41.749191 /PDM/Queue/Mouse/rcOkay                            0 
00:42:41.749197 /PDM/Queue/Mouse_1/AllocFailures                   0 times
00:42:41.749203 /PDM/Queue/Mouse_1/Flush                           0 calls
00:42:41.749208 /PDM/Queue/Mouse_1/FlushLeftovers                  0 times
00:42:41.749214 /PDM/Queue/Mouse_1/Insert                       4364 calls
00:42:41.749220 /PDM/Queue/Mouse_1/cItems                        128 count
00:42:41.749225 /PDM/Queue/Mouse_1/cbItem                         32 bytes
00:42:41.749231 /PDM/Queue/Mouse_1/rcOkay                          0 
00:42:41.749237 /PDM/Tasks/000-E1000-Xmit-retriggered           1201 times
00:42:41.749242 /PDM/Tasks/000-E1000-Xmit-runs                 58968 times
00:42:41.749248 /PDM/Tasks/001-E1000-Xmit-retriggered              0 times
00:42:41.749253 /PDM/Tasks/001-E1000-Xmit-runs                    42 times
00:42:41.749259 /PGM/CPU0/R3/Page/MapTlbMisses                    68 times
00:42:41.749265 /PGM/CPU0/R3/RamRange/TlbLocking                  14 times
00:42:41.749271 /PGM/CPU0/R3/RamRange/TlbMisses                   14 times
00:42:41.749276 /PGM/CPU0/RZ/Page/MapTlbMisses                     0 times
00:42:41.749283 /PGM/CPU0/RZ/RamRange/TlbLocking                  37 times
00:42:41.749288 /PGM/CPU0/RZ/RamRange/TlbMisses                   37 times
00:42:41.749294 /PGM/CPU0/cA20Changes                              2 times
00:42:41.749300 /PGM/CPU0/cGuestModeChanges                    11317 times
00:42:41.749305 /PGM/ChunkR3Map/Mapped                          1006 count
00:42:41.749311 /PGM/ChunkR3Map/Unmapped                           0 count
00:42:41.749317 /PGM/ChunkR3Map/c                               1006 count
00:42:41.749323 /PGM/ChunkR3Map/cMax                       4294967295 count
00:42:41.749330 /PGM/LargePage/Alloc                               0 ns/call (           0 ns,       0 calls, max         0, min      -1)
00:42:41.749338 /PGM/LargePage/AllocFailed                         0 times
00:42:41.749344 /PGM/LargePage/Overflow                            0 times
00:42:41.749350 /PGM/LargePage/Recheck                             0 times
00:42:41.749356 /PGM/LargePage/Refused                             0 times
00:42:41.749361 /PGM/LargePage/Reused                              0 times
00:42:41.749367 /PGM/LargePage/TlbFlush                            0 times
00:42:41.749373 /PGM/LargePage/ZeroEvict                           0 times
00:42:41.749383 /PGM/Mmio2QueryAndResetDirtyBitmap                 0 ticks/call (           0 ticks,       0 calls, max         0, min      -1)
00:42:41.749390 /PGM/Page/cAllPages                           530001 count
00:42:41.749396 /PGM/Page/cBalloonedPages                          0 count
00:42:41.749403 /PGM/Page/cHandyPages                            128 count
00:42:41.749408 /PGM/Page/cLargePages                              0 count
00:42:41.749414 /PGM/Page/cLargePagesDisabled                      0 count
00:42:41.749420 /PGM/Page/cMonitoredPages                          0 count
00:42:41.749426 /PGM/Page/cPrivatePages                       296939 count
00:42:41.749432 /PGM/Page/cPureMmioPages                         102 count
00:42:41.749437 /PGM/Page/cReadLockedPages                         0 count
00:42:41.749443 /PGM/Page/cReusedSharedPages                       0 count
00:42:41.749449 /PGM/Page/cSharedPages                             0 count
00:42:41.749454 /PGM/Page/cWriteLockedPages                     1801 count
00:42:41.749460 /PGM/Page/cWrittenToPages                          0 count
00:42:41.749465 /PGM/Page/cZeroPages                          232960 count
00:42:41.749471 /PGM/PhysHandlerTree/ErrorsAllocatorR3             0 times
00:42:41.749477 /PGM/PhysHandlerTree/ErrorsTree                    0 times
00:42:41.749495 /PGM/PhysHandlerTree/Inserts                      33 times
00:42:41.749502 /PGM/PhysHandlerTree/MaxHandlers                6144 times
00:42:41.749508 /PGM/PhysHandlerTree/RebalancingOperations        17 times
00:42:41.749512 /PGM/PhysHandlerTree/Removals                     19 times
00:42:41.749518 /PGM/Pool/Grow                                795761 ticks/call (     2387285 ticks,       3 calls, max   1182776, min  414032)
00:42:41.749527 /PGM/ShMod/Check                                   0 ticks/call (           0 ticks,       0 calls, max         0, min      -1)
00:42:41.749535 /PROF/CPU0/EM/Capped                               0 ticks/call (           0 ticks,       0 calls, max         0, min      -1)
00:42:41.749676 /PROF/CPU0/EM/ForcedActions                  2557305 times
00:42:41.749689 /PROF/CPU0/EM/HMExec                         1691030 ticks/call (8537158490476 ticks, 5048496 calls, max 1041628515, min    4076)
00:42:41.749696 /PROF/CPU0/EM/HMExecuteCalled                2445377 times
00:42:41.749699 /PROF/CPU0/EM/Halted                         2303665 times
00:42:41.749702 /PROF/CPU0/EM/NEMExec                              0 ticks/call (           0 ticks,       0 calls, max         0, min      -1)
00:42:41.749706 /PROF/CPU0/EM/NEMExecuteCalled                     0 times
00:42:41.749709 /PROF/CPU0/EM/REMTotal                             0 times
00:42:41.749712 /PROF/CPU0/EM/RecordedExits                 57428785 times
00:42:41.749715 /PROF/CPU0/EM/Total                        8752810972635 ticks/call (8752810972635 ticks,       1 calls, max 8752810972635, min 8752810972635)
00:42:41.749720 /PROF/CPU0/VM/Halt/Block                      631393 ns/call ( 56848739915 ns,   90037 calls, max 120437435, min       1)
00:42:41.749725 /PROF/CPU0/VM/Halt/BlockInsomnia                8863 ns/call (   345214532 ns,   38947 calls, max 120437435, min       1)
00:42:41.749729 /PROF/CPU0/VM/Halt/BlockOnTime                372230 ns/call (  3988820003 ns,   10716 calls, max  14911224, min       1)
00:42:41.749733 /PROF/CPU0/VM/Halt/BlockOverslept             768405 ns/call ( 31023595916 ns,   40374 calls, max   2854228, min   50109)
00:42:41.749738 /PROF/CPU0/VM/Halt/R0HaltBlock                849433 ns/call (2044022857264 ns, 2406337 calls, max 304695048, min       2)
00:42:41.749742 /PROF/CPU0/VM/Halt/R0HaltBlockInsomnia        206771 ns/call ( 35769831792 ns,  172992 calls, max  76867226, min       2)
00:42:41.749745 /PROF/CPU0/VM/Halt/R0HaltBlockOnTime          899122 ns/call (1982365287656 ns, 2204777 calls, max 304695048, min       2)
00:42:41.749749 /PROF/CPU0/VM/Halt/R0HaltBlockOverslept        96199 ns/call (  2748233579 ns,   28568 calls, max   3752028, min   50006)
00:42:41.749753 /PROF/CPU0/VM/Halt/R0HaltExec                 150551 times
00:42:41.749756 /PROF/CPU0/VM/Halt/R0HaltExec/FromBlock       136063 times
00:42:41.749758 /PROF/CPU0/VM/Halt/R0HaltExec/FromSpin         11689 times
00:42:41.749761 /PROF/CPU0/VM/Halt/R0HaltHistoryCounter      2453902 times
00:42:41.749763 /PROF/CPU0/VM/Halt/R0HaltHistorySucceeded          1 times
00:42:41.749766 /PROF/CPU0/VM/Halt/R0HaltHistoryToRing3          144 times
00:42:41.749768 /PROF/CPU0/VM/Halt/R0HaltToR3                2303351 times
00:42:41.749770 /PROF/CPU0/VM/Halt/R0HaltToR3/FromSpin             8 times
00:42:41.749772 /PROF/CPU0/VM/Halt/R0HaltToR3/Other                0 times
00:42:41.749775 /PROF/CPU0/VM/Halt/R0HaltToR3/PendingFF        32066 times
00:42:41.749778 /PROF/CPU0/VM/Halt/R0HaltToR3/PostWaitNoInt   2262134 times
00:42:41.749780 /PROF/CPU0/VM/Halt/R0HaltToR3/PostWaitPendingFF      8140 times
00:42:41.749782 /PROF/CPU0/VM/Halt/R0HaltToR3/SmallDelta        1003 times
00:42:41.749784 /PROF/CPU0/VM/Halt/Timers                       2718 ns/call (  6438272125 ns, 2368028 calls, max   1044874, min       2)
00:42:41.749788 /PROF/CPU0/VM/Halt/Yield                        1356 ns/call (      196626 ns,     145 calls, max     13098, min       1)
00:42:41.749793 /Public/NetAdapter/0/BytesReceived         427879892 bytes
00:42:41.749796 /Public/NetAdapter/0/BytesTransmitted        3758685 bytes
00:42:41.749817 /Public/NetAdapter/0/e1000                         0 
00:42:41.749820 /Public/NetAdapter/1/BytesReceived             16746 bytes
00:42:41.749823 /Public/NetAdapter/1/BytesTransmitted           4106 bytes
00:42:41.749825 /Public/NetAdapter/1/e1000                         1 
00:42:41.749828 /Public/Storage/AHCI0/Port0/BytesRead      4543072768 bytes
00:42:41.749830 /Public/Storage/AHCI0/Port0/BytesWritten   9232948736 bytes
00:42:41.749833 /Public/Storage/AHCI0/Port0/QueryBufAttempts         0 count
00:42:41.749835 /Public/Storage/AHCI0/Port0/QueryBufSuccess         0 count
00:42:41.749838 /Public/Storage/AHCI0/Port0/ReqsFlush          26590 count
00:42:41.749840 /Public/Storage/AHCI0/Port0/ReqsRead          111376 count
00:42:41.749843 /Public/Storage/AHCI0/Port0/ReqsSubmitted     213671 count
00:42:41.749845 /Public/Storage/AHCI0/Port0/ReqsSucceeded     213671 count
00:42:41.749847 /Public/Storage/AHCI0/Port0/ReqsWrite          75705 count
00:42:41.749849 /Public/Storage/PIIX3IDE0/Port0/BytesRead  4532234240 bytes
00:42:41.749852 /Public/Storage/PIIX3IDE0/Port0/QueryBufAttempts         0 count
00:42:41.749857 /Public/Storage/PIIX3IDE0/Port0/QueryBufSuccess         0 count
00:42:41.749860 /Public/Storage/PIIX3IDE0/Port0/ReqsRead       42507 count
00:42:41.749863 /Public/Storage/PIIX3IDE0/Port0/ReqsSubmitted     42507 count
00:42:41.749865 /Public/Storage/PIIX3IDE0/Port0/ReqsSucceeded     42507 count
00:42:41.749867 /SELM/LoadHidSel/GstReadErrors                     0 times
00:42:41.749870 /SELM/LoadHidSel/NoGoodGuest                       0 times
00:42:41.749873 /TM/CPU/00/cNsExecuting                    305193981112 ns
00:42:41.749876 /TM/CPU/00/cNsHalted                       64400852810 ns
00:42:41.749879 /TM/CPU/00/cNsOther                        2191566597184 ns
00:42:41.749882 /TM/CPU/00/cNsTotal                        2561161431106 ns
00:42:41.749885 /TM/CPU/00/cPeriodsExecuting                57428765 count
00:42:41.749888 /TM/CPU/00/cPeriodsHalted                    2274978 count
00:42:41.749890 /TM/CPU/00/pctExecuting                            3 %
00:42:41.749893 /TM/CPU/00/pctHalted                               1 %
00:42:41.749896 /TM/CPU/00/pctOther                               94 %
00:42:41.749898 /TM/CPU/pctExecuting                               3 %
00:42:41.749901 /TM/CPU/pctHalted                                  1 %
00:42:41.749904 /TM/CPU/pctOther                                  94 %
00:42:41.749906 /TM/MaxHzHint                                      0 Hz
00:42:41.749910 /TM/MaxHzHint/real                                 0 Hz
00:42:41.749913 /TM/MaxHzHint/tsc                                  0 Hz
00:42:41.749915 /TM/MaxHzHint/virtual                              0 Hz
00:42:41.749918 /TM/MaxHzHint/virtual_sync                         0 Hz
00:42:41.749921 /TM/PIT/Handler                                    0 ticks/call (           0 ticks,       0 calls, max         0, min      -1)
00:42:41.749928 /TM/PIT/Irq                                        0 times
00:42:41.749933 /TM/R3/1nsSteps                               318591 times
00:42:41.749937 /TM/TSC/offCPU0                            64995267588718 ticks
00:42:41.749947 /TM/VirtualSync/CurrentOffset                 489849 ns
00:42:41.749951 /TRPM/ForwardRaw/IRQ/21                          802 times
00:42:41.749955 /TRPM/ForwardRaw/IRQ/23                            7 times
00:42:41.749959 /TRPM/ForwardRaw/IRQ/24                          362 times
00:42:41.749964 /TRPM/ForwardRaw/IRQ/25                         1880 times
00:42:41.749968 /TRPM/ForwardRaw/IRQ/26                          328 times
00:42:41.749972 /TRPM/ForwardRaw/IRQ/27                        17805 times
00:42:41.749975 /TRPM/ForwardRaw/IRQ/28                         3034 times
00:42:41.749978 /TRPM/ForwardRaw/IRQ/29                            7 times
00:42:41.749981 /TRPM/ForwardRaw/IRQ/2B                            4 times
00:42:41.749985 /TRPM/ForwardRaw/IRQ/30                          219 times
00:42:41.749995 /TRPM/ForwardRaw/IRQ/EC                      2420559 times
00:42:41.750004 /TRPM/ForwardRaw/IRQ/F6                            5 times
00:42:41.750008 /TRPM/ForwardRaw/TRAP/08                         360 times
00:42:41.750011 /TRPM/ForwardRaw/TRAP/09                           3 times
00:42:41.750015 /VMM/EmtHashCollisions/Emt00                       0 times
00:42:41.750017 /VMM/LogFlush/00-Flushes                           0 times
00:42:41.750020 /VMM/LogFlush/00-NoWakups                          0 times
00:42:41.750024 /VMM/LogFlush/CPU0/Rel/cbBuf                    4096 bytes
00:42:41.750027 /VUSB/0/cUrbsInPool                                0 count
00:42:41.750030 /VUSB/1/cUrbsInPool                                0 count
00:42:41.750035 ********************* End of statistics **********************
00:42:41.750124 VUSB: Detached 'HidMouse' from port 1 on RootHub#1
00:42:41.752115 E1000#0: Interrupt attempts: 443892
00:42:41.752141 E1000#0: Interrupts raised : 87890
00:42:41.752144 E1000#0: Interrupts lowered: 9812
00:42:41.752146 E1000#0: ICR outside ISR   : 0
00:42:41.752148 E1000#0: IMS raised ints   : 23876
00:42:41.752150 E1000#0: Interrupts skipped: 212834
00:42:41.752152 E1000#0: Masked interrupts : 143168
00:42:41.752160 E1000#0: Early interrupts  : 0
00:42:41.752162 E1000#0: Late interrupts   : 5044
00:42:41.752164 E1000#0: Lost interrupts   : 0
00:42:41.752166 E1000#0: Interrupts by RX  : 318492
00:42:41.752168 E1000#0: Interrupts by TX  : 60167
00:42:41.752170 E1000#0: Interrupts by ICS : 1221
00:42:41.752171 E1000#0: Interrupts by RDTR: 0
00:42:41.752173 E1000#0: Interrupts by RDMT: 0
00:42:41.752175 E1000#0: Interrupts by TXQE: 0
00:42:41.752177 E1000#0: TX int delay asked: 0
00:42:41.752179 E1000#0: TX delayed:         0
00:42:41.752181 E1000#0: TX delay expired:   0
00:42:41.752182 E1000#0: TX no report asked: 60449
00:42:41.752184 E1000#0: TX abs timer expd : 0
00:42:41.752186 E1000#0: TX int timer expd : 0
00:42:41.752188 E1000#0: RX abs timer expd : 0
00:42:41.752190 E1000#0: RX int timer expd : 0
00:42:41.752191 E1000#0: TX CTX descriptors: 60062
00:42:41.752193 E1000#0: TX DAT descriptors: 60449
00:42:41.752195 E1000#0: TX LEG descriptors: 105
00:42:41.752197 E1000#0: Received frames   : 318492
00:42:41.752199 E1000#0: Transmitted frames: 60167
00:42:41.752201 E1000#0: TX frames up to 1514: 60149
00:42:41.752203 E1000#0: TX frames up to 2962: 18
00:42:41.752205 E1000#0: TX frames up to 4410: 0
00:42:41.752206 E1000#0: TX frames up to 5858: 0
00:42:41.752208 E1000#0: TX frames up to 7306: 0
00:42:41.752210 E1000#0: TX frames up to 8754: 0
00:42:41.752212 E1000#0: TX frames up to 16384: 0
00:42:41.752214 E1000#0: TX frames up to 32768: 0
00:42:41.752216 E1000#0: Larger TX frames    : 0
00:42:41.752217 E1000#0: Max TX Delay        : 0
00:42:41.752413 E1000#1: Interrupt attempts: 1369
00:42:41.752416 E1000#1: Interrupts raised : 1324
00:42:41.752418 E1000#1: Interrupts lowered: 1
00:42:41.752420 E1000#1: ICR outside ISR   : 0
00:42:41.752422 E1000#1: IMS raised ints   : 4
00:42:41.752424 E1000#1: Interrupts skipped: 40
00:42:41.752426 E1000#1: Masked interrupts : 5
00:42:41.752427 E1000#1: Early interrupts  : 0
00:42:41.752429 E1000#1: Late interrupts   : 4
00:42:41.752431 E1000#1: Lost interrupts   : 0
00:42:41.752433 E1000#1: Interrupts by RX  : 62
00:42:41.752435 E1000#1: Interrupts by TX  : 39
00:42:41.752436 E1000#1: Interrupts by ICS : 1222
00:42:41.752438 E1000#1: Interrupts by RDTR: 0
00:42:41.752440 E1000#1: Interrupts by RDMT: 0
00:42:41.752442 E1000#1: Interrupts by TXQE: 0
00:42:41.752444 E1000#1: TX int delay asked: 0
00:42:41.752445 E1000#1: TX delayed:         0
00:42:41.752447 E1000#1: TX delay expired:   0
00:42:41.752449 E1000#1: TX no report asked: 0
00:42:41.752451 E1000#1: TX abs timer expd : 0
00:42:41.752452 E1000#1: TX int timer expd : 0
00:42:41.752454 E1000#1: RX abs timer expd : 0
00:42:41.752456 E1000#1: RX int timer expd : 0
00:42:41.752458 E1000#1: TX CTX descriptors: 0
00:42:41.752460 E1000#1: TX DAT descriptors: 0
00:42:41.752461 E1000#1: TX LEG descriptors: 39
00:42:41.752463 E1000#1: Received frames   : 62
00:42:41.752477 E1000#1: Transmitted frames: 39
00:42:41.752479 E1000#1: TX frames up to 1514: 39
00:42:41.752481 E1000#1: TX frames up to 2962: 0
00:42:41.752483 E1000#1: TX frames up to 4410: 0
00:42:41.752485 E1000#1: TX frames up to 5858: 0
00:42:41.752487 E1000#1: TX frames up to 7306: 0
00:42:41.752488 E1000#1: TX frames up to 8754: 0
00:42:41.752490 E1000#1: TX frames up to 16384: 0
00:42:41.752492 E1000#1: TX frames up to 32768: 0
00:42:41.752494 E1000#1: Larger TX frames    : 0
00:42:41.752496 E1000#1: Max TX Delay        : 0
00:42:41.777516 GIM: KVM: Resetting MSRs
00:42:41.779722 vmmR3LogFlusher: Terminating (VERR_OBJECT_DESTROYED)
00:42:41.779833 Changing the VM state from 'DESTROYING' to 'TERMINATED'
00:42:41.779851 Console: Machine state changed to 'PoweredOff'
00:42:41.780034 GUI: Request to close Runtime UI because VM is powered off.
00:42:41.780055 GUI: Request for async QApp quit.
00:42:41.808545 GUI: UICommon: Handling aboutToQuit request..
00:42:43.315854 GUI: UICommon: aboutToQuit request handled!
