00:00:00.461713 VirtualBox VM 7.2.6_Ubuntu r172322 linux.amd64 (Apr  7 2026 21:07:58) release log
00:00:00.461714 Log opened 2026-09-18T11:55:36.750239000Z
00:00:00.461715 Build Type: release
00:00:00.461717 OS Product: Linux
00:00:00.461718 OS Release: 7.0.0-31-generic
00:00:00.461719 OS Version: #31-Ubuntu SMP PREEMPT_DYNAMIC Sat Aug  1 04:26:38 UTC 2026
00:00:00.461741 DMI Product Name: MS-7E06
00:00:00.461750 DMI Product Version: 3.0
00:00:00.461755 Firmware type: UEFI
00:00:00.461973 Secure Boot: Disabled
00:00:00.462018 Host RAM: 31335MB (30.6GB) total, 22352MB (21.8GB) available
00:00:00.462020 Executable: /usr/lib/virtualbox/VirtualBoxVM
00:00:00.462021 Process ID: 42548
00:00:00.462022 Package type: LINUX_64BITS_GENERIC (OSE)
00:00:00.463625 Installed Extension Packs:
00:00:00.463635   VNC (Version:  r0; VRDE Module: ; Crypto Module:  unusable because of 'Failed to load '/usr/lib/virtualbox/ExtensionPacks/VNC/ExtPack.xml': Invalid version string: @VBOX_VERSION_STRING_RAW@')
00:00:00.464548 Console: Machine state changed to 'Starting'
00:00:00.464885 GUI: Qt version: 6.10.2
00:00:00.464891 GUI: X11 Window Manager code: 2
00:00:00.464893 GUI: HID LEDs sync is not supported on this platform
00:00:00.477160 SUP: seg #0: R   0x00000000 LB 0x0004d000
00:00:00.477182 SUP: seg #1: R X 0x0004d000 LB 0x0024c000
00:00:00.477185 SUP: seg #2: R   0x00299000 LB 0x00071000
00:00:00.477187 SUP: seg #3: RW  0x0030a000 LB 0x0002db40
00:00:00.480004 SUP: Loaded VMMR0.r0 (/usr/lib/virtualbox/VMMR0.r0) at 0xXXXXXXXXXXXXXXXX - ModuleInit at XXXXXXXXXXXXXXXX and ModuleTerm at XXXXXXXXXXXXXXXX
00:00:00.480004 SUP: VMMR0EntryEx located at XXXXXXXXXXXXXXXX and VMMR0EntryFast at XXXXXXXXXXXXXXXX
00:00:00.483156 Guest architecture: x86
00:00:00.483208 Guest OS type: 'Windows2022_64'
00:00:00.484131 fHMForced=true - No raw-mode support in this build!
00:00:00.484133 Using execution engine 1
00:00:00.487771 File system of '/home/tsukuyomi/Documents/School/Uppgift-labbmiljö/Uppgift Labbmiljö Win/Uppgift Labbmiljö Win.vdi' is ext4
00:00:00.487906 GUI: UIMediumEnumerator: Medium-enumeration finished!
00:00:00.488249 X Server details: vendor: The X.Org Foundation, release: 12401010, protocol version: 11.0, display string: :0
00:00:00.488256 Using known keycode mapping for keycode to scan code conversion
00:00:00.488592 File system of '/home/tsukuyomi/Downloads/ISOs/26100.32230.260111-0550.lt_release_svc_refresh_SERVER_EVAL_x64FRE_en-us.iso' (DVD) is ext4
00:00:00.493970 Shared Clipboard: Service loaded
00:00:00.493976 Shared Clipboard: Mode: Off
00:00:00.494005 Shared Clipboard: Service running in normal mode
00:00:00.494658 Drag and drop service loaded
00:00:00.494660 Drag and drop mode: Off
00:00:00.499209 Audio: Detected default audio driver type is 'ALSAAudio'
00:00:00.502968 ERROR [COM]: aRC=VBOX_E_IPRT_ERROR (0x80bb0005) aIID={6ac83d89-6ee7-4e33-8ae6-b257b2e81be8} aComponent={ConsoleWrap} aText={The VBoxGuestPropSvc service call failed with the error VERR_HGCM_SERVICE_NOT_FOUND}, preserve=false aResultDetail=-2900
00:00:00.503097 ************************* CFGM dump *************************
00:00:00.503100 [/] (level 0)
00:00:00.503101   CpuExecutionCap   <integer> = 0x0000000000000064 (100)
00:00:00.503103   EnablePAE         <integer> = 0x0000000000000001 (1)
00:00:00.503103   HMEnabled         <integer> = 0x0000000000000001 (1)
00:00:00.503103   MemBalloonSize    <integer> = 0x0000000000000000 (0, 0 B)
00:00:00.503104   Name              <string>  = "Uppgift Labbmiljö Win" (cb=23)
00:00:00.503104   NumCPUs           <integer> = 0x0000000000000001 (1)
00:00:00.503105   PageFusionAllowed <integer> = 0x0000000000000000 (0)
00:00:00.503105   RamHoleSize       <integer> = 0x0000000020000000 (536 870 912, 512.0 MiB)
00:00:00.503106   RamSize           <integer> = 0x0000000080000000 (2 147 483 648, 2.0 GiB)
00:00:00.503106   TimerMillies      <integer> = 0x000000000000000a (10)
00:00:00.503106   UUID              <bytes>   = "2d d6 8f e6 54 01 da 41 97 72 96 20 69 e4 79 5f" (cb=16)
00:00:00.503107 
00:00:00.503108 [/CPUM/] (level 1)
00:00:00.503108   Enable64bit        <integer> = 0x0000000000000001 (1)
00:00:00.503109   GuestCpuName       <string>  = "host" (cb=5)
00:00:00.503109   NestedHWVirt       <integer> = 0x0000000000000000 (0)
00:00:00.503109   PortableCpuIdLevel <integer> = 0x0000000000000000 (0)
00:00:00.503109   SpecCtrl           <integer> = 0x0000000000000000 (0)
00:00:00.503110 
00:00:00.503110 [/CPUM/IsaExts/] (level 2)
00:00:00.503110 
00:00:00.503110 [/DBGC/] (level 1)
00:00:00.503111   GlobalInitScript <string>  = "/home/tsukuyomi/.config/VirtualBox/dbgc-init" (cb=45)
00:00:00.503111   HistoryFile      <string>  = "/home/tsukuyomi/.config/VirtualBox/dbgc-history" (cb=48)
00:00:00.503111   LocalInitScript  <string>  = "/home/tsukuyomi/Documents/School/Uppgift-labbmiljö/Uppgift Labbmiljö Win/dbgc-init" (cb=85)
00:00:00.503111 
00:00:00.503111 [/DBGF/] (level 1)
00:00:00.503112   Path <string>  = "/home/tsukuyomi/Documents/School/Uppgift-labbmiljö/Uppgift Labbmiljö Win/debug/;/home/tsukuyomi/Documents/School/Uppgift-labbmiljö/Uppgift Labbmiljö Win/;cache*/home/tsukuyomi/Documents/School/Uppgift-labbmiljö/Uppgift Labbmiljö Win/dbgcache/;/home/tsukuyomi/" (cb=266)
00:00:00.503112 
00:00:00.503112 [/Devices/] (level 1)
00:00:00.503112 
00:00:00.503112 [/Devices/3c501/] (level 2)
00:00:00.503113 
00:00:00.503113 [/Devices/8237A/] (level 2)
00:00:00.503113 
00:00:00.503113 [/Devices/8237A/0/] (level 3)
00:00:00.503113   Trusted <integer> = 0x0000000000000001 (1)
00:00:00.503114 
00:00:00.503114 [/Devices/GIMDev/] (level 2)
00:00:00.503114 
00:00:00.503114 [/Devices/GIMDev/0/] (level 3)
00:00:00.503114   Trusted <integer> = 0x0000000000000001 (1)
00:00:00.503115 
00:00:00.503115 [/Devices/VMMDev/] (level 2)
00:00:00.503115 
00:00:00.503115 [/Devices/VMMDev/0/] (level 3)
00:00:00.503116   PCIBusNo      <integer> = 0x0000000000000000 (0)
00:00:00.503116   PCIDeviceNo   <integer> = 0x0000000000000004 (4)
00:00:00.503116   PCIFunctionNo <integer> = 0x0000000000000000 (0)
00:00:00.503116   Trusted       <integer> = 0x0000000000000001 (1)
00:00:00.503117 
00:00:00.503117 [/Devices/VMMDev/0/Config/] (level 4)
00:00:00.503117   GuestCoreDumpDir <string>  = "/home/tsukuyomi/Documents/School/Uppgift-labbmiljö/Uppgift Labbmiljö Win/Snapshots" (cb=85)
00:00:00.503117 
00:00:00.503117 [/Devices/VMMDev/0/LUN#0/] (level 4)
00:00:00.503118   Driver <string>  = "HGCM" (cb=5)
00:00:00.503118 
00:00:00.503118 [/Devices/VMMDev/0/LUN#0/Config/] (level 5)
00:00:00.503118 
00:00:00.503119 [/Devices/VMMDev/0/LUN#999/] (level 4)
00:00:00.503119   Driver <string>  = "MainStatus" (cb=11)
00:00:00.503119 
00:00:00.503119 [/Devices/VMMDev/0/LUN#999/Config/] (level 5)
00:00:00.503120   First                <integer> = 0x0000000000000000 (0)
00:00:00.503120   HasMediumAttachments <integer> = 0x0000000000000000 (0)
00:00:00.503120   Last                 <integer> = 0x0000000000000000 (0)
00:00:00.503120   iLedSet              <integer> = 0x0000000000000005 (5)
00:00:00.503121 
00:00:00.503121 [/Devices/acpi/] (level 2)
00:00:00.503121 
00:00:00.503121 [/Devices/acpi/0/] (level 3)
00:00:00.503121   PCIBusNo      <integer> = 0x0000000000000000 (0)
00:00:00.503122   PCIDeviceNo   <integer> = 0x0000000000000007 (7)
00:00:00.503122   PCIFunctionNo <integer> = 0x0000000000000000 (0)
00:00:00.503122   Trusted       <integer> = 0x0000000000000001 (1)
00:00:00.503122 
00:00:00.503122 [/Devices/acpi/0/Config/] (level 4)
00:00:00.503123   CpuHotPlug          <integer> = 0x0000000000000000 (0)
00:00:00.503123   FdcEnabled          <integer> = 0x0000000000000000 (0)
00:00:00.503123   HostBusPciAddress   <integer> = 0x0000000000000000 (0)
00:00:00.503123   HpetEnabled         <integer> = 0x0000000000000000 (0)
00:00:00.503124   IOAPIC              <integer> = 0x0000000000000001 (1)
00:00:00.503124   IocPciAddress       <integer> = 0x0000000000010000 (65 536)
00:00:00.503124   NumCPUs             <integer> = 0x0000000000000001 (1)
00:00:00.503125   Parallel0IoPortBase <integer> = 0x0000000000000000 (0)
00:00:00.503125   Parallel0Irq        <integer> = 0x0000000000000000 (0)
00:00:00.503125   Parallel1IoPortBase <integer> = 0x0000000000000000 (0)
00:00:00.503125   Parallel1Irq        <integer> = 0x0000000000000000 (0)
00:00:00.503125   Serial0IoPortBase   <integer> = 0x0000000000000000 (0)
00:00:00.503126   Serial0Irq          <integer> = 0x0000000000000000 (0)
00:00:00.503126   Serial1IoPortBase   <integer> = 0x0000000000000000 (0)
00:00:00.503126   Serial1Irq          <integer> = 0x0000000000000000 (0)
00:00:00.503126   ShowCpu             <integer> = 0x0000000000000001 (1)
00:00:00.503127   ShowRtc             <integer> = 0x0000000000000000 (0)
00:00:00.503127   SmcEnabled          <integer> = 0x0000000000000000 (0)
00:00:00.503127 
00:00:00.503127 [/Devices/acpi/0/LUN#0/] (level 4)
00:00:00.503127   Driver <string>  = "ACPIHost" (cb=9)
00:00:00.503128 
00:00:00.503128 [/Devices/acpi/0/LUN#0/Config/] (level 5)
00:00:00.503128 
00:00:00.503128 [/Devices/ahci/] (level 2)
00:00:00.503128 
00:00:00.503129 [/Devices/ahci/0/] (level 3)
00:00:00.503129   PCIBusNo      <integer> = 0x0000000000000000 (0)
00:00:00.503129   PCIDeviceNo   <integer> = 0x000000000000000d (13)
00:00:00.503129   PCIFunctionNo <integer> = 0x0000000000000000 (0)
00:00:00.503130   Trusted       <integer> = 0x0000000000000001 (1)
00:00:00.503130 
00:00:00.503130 [/Devices/ahci/0/Config/] (level 4)
00:00:00.503130   Bootable  <integer> = 0x0000000000000001 (1)
00:00:00.503130   PortCount <integer> = 0x0000000000000002 (2)
00:00:00.503131 
00:00:00.503131 [/Devices/ahci/0/Config/Port0/] (level 5)
00:00:00.503131   Hotpluggable <integer> = 0x0000000000000000 (0)
00:00:00.503131 
00:00:00.503131 [/Devices/ahci/0/Config/Port1/] (level 5)
00:00:00.503132   Hotpluggable <integer> = 0x0000000000000000 (0)
00:00:00.503132 
00:00:00.503132 [/Devices/ahci/0/LUN#0/] (level 4)
00:00:00.503132   Driver <string>  = "VD" (cb=3)
00:00:00.503133 
00:00:00.503133 [/Devices/ahci/0/LUN#0/Config/] (level 5)
00:00:00.503133   BlockCache <integer> = 0x0000000000000001 (1)
00:00:00.503133   Format     <string>  = "VDI" (cb=4)
00:00:00.503134   Mountable  <integer> = 0x0000000000000000 (0)
00:00:00.503134   Path       <string>  = "/home/tsukuyomi/Documents/School/Uppgift-labbmiljö/Uppgift Labbmiljö Win/Uppgift Labbmiljö Win.vdi" (cb=102)
00:00:00.503134   Type       <string>  = "HardDisk" (cb=9)
00:00:00.503134   UseNewIo   <integer> = 0x0000000000000001 (1)
00:00:00.503134 
00:00:00.503135 [/Devices/ahci/0/LUN#0/Config/VDConfig/] (level 6)
00:00:00.503135   AllocationBlockSize <string>  = "1048576" (cb=8)
00:00:00.503135 
00:00:00.503135 [/Devices/ahci/0/LUN#1/] (level 4)
00:00:00.503136   Driver <string>  = "SCSI" (cb=5)
00:00:00.503136 
00:00:00.503136 [/Devices/ahci/0/LUN#1/AttachedDriver/] (level 5)
00:00:00.503136   Driver <string>  = "VD" (cb=3)
00:00:00.503136 
00:00:00.503136 [/Devices/ahci/0/LUN#1/AttachedDriver/Config/] (level 6)
00:00:00.503137   Format    <string>  = "RAW" (cb=4)
00:00:00.503137   Mountable <integer> = 0x0000000000000001 (1)
00:00:00.503137   Path      <string>  = "/home/tsukuyomi/Downloads/ISOs/26100.32230.260111-0550.lt_release_svc_refresh_SERVER_EVAL_x64FRE_en-us.iso" (cb=107)
00:00:00.503138   ReadOnly  <integer> = 0x0000000000000001 (1)
00:00:00.503138   Type      <string>  = "DVD" (cb=4)
00:00:00.503138   UseNewIo  <integer> = 0x0000000000000001 (1)
00:00:00.503138 
00:00:00.503138 [/Devices/ahci/0/LUN#999/] (level 4)
00:00:00.503139   Driver <string>  = "MainStatus" (cb=11)
00:00:00.503139 
00:00:00.503139 [/Devices/ahci/0/LUN#999/Config/] (level 5)
00:00:00.503139   DeviceInstance       <string>  = "ahci/0" (cb=7)
00:00:00.503140   First                <integer> = 0x0000000000000000 (0)
00:00:00.503140   HasMediumAttachments <integer> = 0x0000000000000001 (1)
00:00:00.503140   Last                 <integer> = 0x0000000000000001 (1)
00:00:00.503140   iLedSet              <integer> = 0x0000000000000002 (2)
00:00:00.503141 
00:00:00.503141 [/Devices/apic/] (level 2)
00:00:00.503141 
00:00:00.503141 [/Devices/apic/0/] (level 3)
00:00:00.503141   Trusted <integer> = 0x0000000000000001 (1)
00:00:00.503142 
00:00:00.503142 [/Devices/apic/0/Config/] (level 4)
00:00:00.503142   IOAPIC  <integer> = 0x0000000000000001 (1)
00:00:00.503142   Mode    <integer> = 0x0000000000000002 (2)
00:00:00.503143   NumCPUs <integer> = 0x0000000000000001 (1)
00:00:00.503143 
00:00:00.503143 [/Devices/dp8390/] (level 2)
00:00:00.503143 
00:00:00.503143 [/Devices/e1000/] (level 2)
00:00:00.503143 
00:00:00.503143 [/Devices/e1000/0/] (level 3)
00:00:00.503144   PCIBusNo      <integer> = 0x0000000000000000 (0)
00:00:00.503144   PCIDeviceNo   <integer> = 0x0000000000000003 (3)
00:00:00.503144   PCIFunctionNo <integer> = 0x0000000000000000 (0)
00:00:00.503144   Trusted       <integer> = 0x0000000000000001 (1)
00:00:00.503145 
00:00:00.503145 [/Devices/e1000/0/Config/] (level 4)
00:00:00.503145   AdapterType    <integer> = 0x0000000000000000 (0)
00:00:00.503145   CableConnected <integer> = 0x0000000000000001 (1)
00:00:00.503145   LineSpeed      <integer> = 0x0000000000000000 (0)
00:00:00.503146   MAC            <bytes>   = "08 00 27 5d 09 a0" (cb=6)
00:00:00.503146 
00:00:00.503146 [/Devices/e1000/0/LUN#0/] (level 4)
00:00:00.503147   Driver <string>  = "NAT" (cb=4)
00:00:00.503147 
00:00:00.503147 [/Devices/e1000/0/LUN#0/Config/] (level 5)
00:00:00.503147   AliasMode          <integer> = 0x0000000000000000 (0)
00:00:00.503148   DNSProxy           <integer> = 0x0000000000000000 (0)
00:00:00.503148   EnableTFTP         <integer> = 0x0000000000000000 (0)
00:00:00.503148   ForwardBroadcast   <integer> = 0x0000000000000000 (0)
00:00:00.503148   LocalhostReachable <integer> = 0x0000000000000000 (0)
00:00:00.503148   Network            <string>  = "10.0.2.0/24" (cb=12)
00:00:00.503149   PassDomain         <integer> = 0x0000000000000001 (1)
00:00:00.503149   UseHostResolver    <integer> = 0x0000000000000000 (0)
00:00:00.503149 
00:00:00.503149 [/Devices/e1000/0/LUN#999/] (level 4)
00:00:00.503150   Driver <string>  = "MainStatus" (cb=11)
00:00:00.503150 
00:00:00.503150 [/Devices/e1000/0/LUN#999/Config/] (level 5)
00:00:00.503150   First                <integer> = 0x0000000000000000 (0)
00:00:00.503150   HasMediumAttachments <integer> = 0x0000000000000000 (0)
00:00:00.503151   Last                 <integer> = 0x0000000000000000 (0)
00:00:00.503151   iLedSet              <integer> = 0x0000000000000003 (3)
00:00:00.503151 
00:00:00.503151 [/Devices/e1000/1/] (level 3)
00:00:00.503152   PCIBusNo      <integer> = 0x0000000000000000 (0)
00:00:00.503152   PCIDeviceNo   <integer> = 0x0000000000000008 (8)
00:00:00.503152   PCIFunctionNo <integer> = 0x0000000000000000 (0)
00:00:00.503152   Trusted       <integer> = 0x0000000000000001 (1)
00:00:00.503152 
00:00:00.503152 [/Devices/e1000/1/Config/] (level 4)
00:00:00.503153   AdapterType    <integer> = 0x0000000000000000 (0)
00:00:00.503153   CableConnected <integer> = 0x0000000000000001 (1)
00:00:00.503153   LineSpeed      <integer> = 0x0000000000000000 (0)
00:00:00.503153   MAC            <bytes>   = "08 00 27 1d dd 7a" (cb=6)
00:00:00.503154 
00:00:00.503154 [/Devices/e1000/1/LUN#0/] (level 4)
00:00:00.503154   Driver <string>  = "IntNet" (cb=7)
00:00:00.503154 
00:00:00.503154 [/Devices/e1000/1/LUN#0/Config/] (level 5)
00:00:00.503155   IfPolicyPromisc <string>  = "deny" (cb=5)
00:00:00.503155   Network         <string>  = "labnet" (cb=7)
00:00:00.503155   TrunkType       <integer> = 0x0000000000000002 (2)
00:00:00.503156 
00:00:00.503156 [/Devices/e1000/1/LUN#999/] (level 4)
00:00:00.503156   Driver <string>  = "MainStatus" (cb=11)
00:00:00.503156 
00:00:00.503156 [/Devices/e1000/1/LUN#999/Config/] (level 5)
00:00:00.503157   First                <integer> = 0x0000000000000000 (0)
00:00:00.503157   HasMediumAttachments <integer> = 0x0000000000000000 (0)
00:00:00.503157   Last                 <integer> = 0x0000000000000000 (0)
00:00:00.503157   iLedSet              <integer> = 0x0000000000000004 (4)
00:00:00.503158 
00:00:00.503158 [/Devices/hda/] (level 2)
00:00:00.503158 
00:00:00.503158 [/Devices/hda/0/] (level 3)
00:00:00.503158   PCIBusNo      <integer> = 0x0000000000000000 (0)
00:00:00.503158   PCIDeviceNo   <integer> = 0x0000000000000005 (5)
00:00:00.503159   PCIFunctionNo <integer> = 0x0000000000000000 (0)
00:00:00.503159   Trusted       <integer> = 0x0000000000000001 (1)
00:00:00.503159 
00:00:00.503159 [/Devices/hda/0/AudioConfig/] (level 4)
00:00:00.503160 
00:00:00.503160 [/Devices/hda/0/Config/] (level 4)
00:00:00.503160   DebugEnabled <integer> = 0x0000000000000000 (0)
00:00:00.503160 
00:00:00.503160 [/Devices/hda/0/LUN#0/] (level 4)
00:00:00.503161   Driver <string>  = "AUDIO" (cb=6)
00:00:00.503161 
00:00:00.503161 [/Devices/hda/0/LUN#0/AttachedDriver/] (level 5)
00:00:00.503161   Driver <string>  = "ALSAAudio" (cb=10)
00:00:00.503161 
00:00:00.503161 [/Devices/hda/0/LUN#0/AttachedDriver/Config/] (level 6)
00:00:00.503162 
00:00:00.503162 [/Devices/hda/0/LUN#0/Config/] (level 5)
00:00:00.503162   DriverName    <string>  = "ALSAAudio" (cb=10)
00:00:00.503163   InputEnabled  <integer> = 0x0000000000000000 (0)
00:00:00.503163   OutputEnabled <integer> = 0x0000000000000001 (1)
00:00:00.503163 
00:00:00.503163 [/Devices/hda/0/LUN#1/] (level 4)
00:00:00.503163   Driver <string>  = "AUDIO" (cb=6)
00:00:00.503164 
00:00:00.503164 [/Devices/hda/0/LUN#2/] (level 4)
00:00:00.503164   Driver <string>  = "AUDIO" (cb=6)
00:00:00.503164 
00:00:00.503164 [/Devices/i8254/] (level 2)
00:00:00.503164 
00:00:00.503165 [/Devices/i8254/0/] (level 3)
00:00:00.503165 
00:00:00.503165 [/Devices/i8254/0/Config/] (level 4)
00:00:00.503165 
00:00:00.503165 [/Devices/i8259/] (level 2)
00:00:00.503166 
00:00:00.503166 [/Devices/i8259/0/] (level 3)
00:00:00.503166   Trusted <integer> = 0x0000000000000001 (1)
00:00:00.503166 
00:00:00.503166 [/Devices/i8259/0/Config/] (level 4)
00:00:00.503167 
00:00:00.503167 [/Devices/ioapic/] (level 2)
00:00:00.503167 
00:00:00.503167 [/Devices/ioapic/0/] (level 3)
00:00:00.503167   Trusted <integer> = 0x0000000000000001 (1)
00:00:00.503167 
00:00:00.503168 [/Devices/ioapic/0/Config/] (level 4)
00:00:00.503168   NumCPUs <integer> = 0x0000000000000001 (1)
00:00:00.503168 
00:00:00.503168 [/Devices/mc146818/] (level 2)
00:00:00.503168 
00:00:00.503168 [/Devices/mc146818/0/] (level 3)
00:00:00.503169 
00:00:00.503169 [/Devices/mc146818/0/Config/] (level 4)
00:00:00.503169   UseUTC <integer> = 0x0000000000000000 (0)
00:00:00.503169 
00:00:00.503169 [/Devices/parallel/] (level 2)
00:00:00.503170 
00:00:00.503170 [/Devices/pcarch/] (level 2)
00:00:00.503170 
00:00:00.503170 [/Devices/pcarch/0/] (level 3)
00:00:00.503170   Trusted <integer> = 0x0000000000000001 (1)
00:00:00.503171 
00:00:00.503171 [/Devices/pcarch/0/Config/] (level 4)
00:00:00.503171 
00:00:00.503171 [/Devices/pcbios/] (level 2)
00:00:00.503171 
00:00:00.503171 [/Devices/pcbios/0/] (level 3)
00:00:00.503172   Trusted <integer> = 0x0000000000000001 (1)
00:00:00.503172 
00:00:00.503172 [/Devices/pcbios/0/Config/] (level 4)
00:00:00.503173   APIC               <integer> = 0x0000000000000001 (1)
00:00:00.503173   BootDevice0        <string>  = "FLOPPY" (cb=7)
00:00:00.503173   BootDevice1        <string>  = "DVD" (cb=4)
00:00:00.503174   BootDevice2        <string>  = "IDE" (cb=4)
00:00:00.503174   BootDevice3        <string>  = "NONE" (cb=5)
00:00:00.503174   DmiSystemSerial    <string>  = "VirtualBox-<DmiSystemUuid>" (cb=27)
00:00:00.503174   FloppyDevice       <string>  = "i82078" (cb=7)
00:00:00.503175   HardDiskDevice     <string>  = "piix3ide" (cb=9)
00:00:00.503175   IOAPIC             <integer> = 0x0000000000000001 (1)
00:00:00.503175   McfgBase           <integer> = 0x0000000000000000 (0)
00:00:00.503175   McfgLength         <integer> = 0x0000000000000000 (0)
00:00:00.503176   NumCPUs            <integer> = 0x0000000000000001 (1)
00:00:00.503176   PXEDebug           <integer> = 0x0000000000000000 (0)
00:00:00.503176   SataHardDiskDevice <string>  = "ahci" (cb=5)
00:00:00.503176   SataLUN1           <integer> = 0x0000000000000000 (0)
00:00:00.503176   UUID               <bytes>   = "2d d6 8f e6 54 01 da 41 97 72 96 20 69 e4 79 5f" (cb=16)
00:00:00.503177   UuidLe             <integer> = 0x0000000000000001 (1)
00:00:00.503177 
00:00:00.503178 [/Devices/pcbios/0/Config/NetBoot/] (level 5)
00:00:00.503178 
00:00:00.503178 [/Devices/pcbios/0/Config/NetBoot/0/] (level 6)
00:00:00.503179   NIC           <integer> = 0x0000000000000000 (0)
00:00:00.503179   PCIBusNo      <integer> = 0x0000000000000000 (0)
00:00:00.503179   PCIDeviceNo   <integer> = 0x0000000000000003 (3)
00:00:00.503179   PCIFunctionNo <integer> = 0x0000000000000000 (0)
00:00:00.503179 
00:00:00.503180 [/Devices/pci/] (level 2)
00:00:00.503180 
00:00:00.503180 [/Devices/pci/0/] (level 3)
00:00:00.503180   Trusted <integer> = 0x0000000000000001 (1)
00:00:00.503180 
00:00:00.503180 [/Devices/pci/0/Config/] (level 4)
00:00:00.503181   IOAPIC <integer> = 0x0000000000000001 (1)
00:00:00.503181 
00:00:00.503181 [/Devices/pcibridge/] (level 2)
00:00:00.503181 
00:00:00.503181 [/Devices/pckbd/] (level 2)
00:00:00.503182 
00:00:00.503182 [/Devices/pckbd/0/] (level 3)
00:00:00.503182   Trusted <integer> = 0x0000000000000001 (1)
00:00:00.503182 
00:00:00.503182 [/Devices/pckbd/0/Config/] (level 4)
00:00:00.503183 
00:00:00.503183 [/Devices/pckbd/0/LUN#0/] (level 4)
00:00:00.503183   Driver <string>  = "KeyboardQueue" (cb=14)
00:00:00.503183 
00:00:00.503183 [/Devices/pckbd/0/LUN#0/AttachedDriver/] (level 5)
00:00:00.503184   Driver <string>  = "MainKeyboard" (cb=13)
00:00:00.503184 
00:00:00.503184 [/Devices/pckbd/0/LUN#0/Config/] (level 5)
00:00:00.503184   QueueSize <integer> = 0x0000000000000040 (64, 64 B)
00:00:00.503185 
00:00:00.503185 [/Devices/pckbd/0/LUN#1/] (level 4)
00:00:00.503185   Driver <string>  = "MouseQueue" (cb=11)
00:00:00.503185 
00:00:00.503185 [/Devices/pckbd/0/LUN#1/AttachedDriver/] (level 5)
00:00:00.503186   Driver <string>  = "MainMouse" (cb=10)
00:00:00.503186 
00:00:00.503186 [/Devices/pckbd/0/LUN#1/Config/] (level 5)
00:00:00.503186   QueueSize <integer> = 0x0000000000000080 (128, 128 B)
00:00:00.503186 
00:00:00.503187 [/Devices/pcnet/] (level 2)
00:00:00.503187 
00:00:00.503187 [/Devices/serial/] (level 2)
00:00:00.503187 
00:00:00.503187 [/Devices/usb-xhci/] (level 2)
00:00:00.503187 
00:00:00.503188 [/Devices/usb-xhci/0/] (level 3)
00:00:00.503188   PCIBusNo      <integer> = 0x0000000000000000 (0)
00:00:00.503188   PCIDeviceNo   <integer> = 0x000000000000000c (12)
00:00:00.503188   PCIFunctionNo <integer> = 0x0000000000000000 (0)
00:00:00.503189   Trusted       <integer> = 0x0000000000000001 (1)
00:00:00.503189 
00:00:00.503189 [/Devices/usb-xhci/0/Config/] (level 4)
00:00:00.503189 
00:00:00.503189 [/Devices/usb-xhci/0/LUN#0/] (level 4)
00:00:00.503190   Driver <string>  = "VUSBRootHub" (cb=12)
00:00:00.503190 
00:00:00.503190 [/Devices/usb-xhci/0/LUN#0/Config/] (level 5)
00:00:00.503190 
00:00:00.503190 [/Devices/usb-xhci/0/LUN#1/] (level 4)
00:00:00.503191   Driver <string>  = "VUSBRootHub" (cb=12)
00:00:00.503191 
00:00:00.503191 [/Devices/usb-xhci/0/LUN#1/Config/] (level 5)
00:00:00.503191 
00:00:00.503191 [/Devices/usb-xhci/0/LUN#999/] (level 4)
00:00:00.503192   Driver <string>  = "MainStatus" (cb=11)
00:00:00.503192 
00:00:00.503192 [/Devices/usb-xhci/0/LUN#999/Config/] (level 5)
00:00:00.503192   First                <integer> = 0x0000000000000000 (0)
00:00:00.503193   HasMediumAttachments <integer> = 0x0000000000000000 (0)
00:00:00.503193   Last                 <integer> = 0x0000000000000001 (1)
00:00:00.503193   iLedSet              <integer> = 0x0000000000000001 (1)
00:00:00.503193 
00:00:00.503193 [/Devices/vga/] (level 2)
00:00:00.503194 
00:00:00.503194 [/Devices/vga/0/] (level 3)
00:00:00.503194   PCIBusNo      <integer> = 0x0000000000000000 (0)
00:00:00.503194   PCIDeviceNo   <integer> = 0x0000000000000002 (2)
00:00:00.503194   PCIFunctionNo <integer> = 0x0000000000000000 (0)
00:00:00.503195   Trusted       <integer> = 0x0000000000000001 (1)
00:00:00.503195 
00:00:00.503195 [/Devices/vga/0/Config/] (level 4)
00:00:00.503195   3DEnabled             <integer> = 0x0000000000000000 (0)
00:00:00.503196   CustomVideoModes      <integer> = 0x0000000000000000 (0)
00:00:00.503196   FadeIn                <integer> = 0x0000000000000001 (1)
00:00:00.503196   FadeOut               <integer> = 0x0000000000000001 (1)
00:00:00.503196   HeightReduction       <integer> = 0x0000000000000000 (0)
00:00:00.503197   LogoFile              <string>  = "" (cb=1)
00:00:00.503197   LogoTime              <integer> = 0x0000000000000000 (0)
00:00:00.503197   MonitorCount          <integer> = 0x0000000000000001 (1)
00:00:00.503197   ShowBootMenu          <integer> = 0x0000000000000002 (2)
00:00:00.503198   VMSVGA3dEnabled       <integer> = 0x0000000000000000 (0)
00:00:00.503198   VMSVGAEnabled         <integer> = 0x0000000000000001 (1)
00:00:00.503198   VRamSize              <integer> = 0x0000000008000000 (134 217 728, 128.0 MiB)
00:00:00.503199   VmSvga3               <integer> = 0x0000000000000000 (0)
00:00:00.503199   VmSvgaExposeLegacyVga <integer> = 0x0000000000000001 (1)
00:00:00.503199 
00:00:00.503199 [/Devices/vga/0/LUN#0/] (level 4)
00:00:00.503200   Driver <string>  = "MainDisplay" (cb=12)
00:00:00.503200 
00:00:00.503200 [/Devices/vga/0/LUN#0/Config/] (level 5)
00:00:00.503200 
00:00:00.503200 [/Devices/vga/0/LUN#999/] (level 4)
00:00:00.503200   Driver <string>  = "MainStatus" (cb=11)
00:00:00.503201 
00:00:00.503201 [/Devices/vga/0/LUN#999/Config/] (level 5)
00:00:00.503201   First                <integer> = 0x0000000000000000 (0)
00:00:00.503201   HasMediumAttachments <integer> = 0x0000000000000000 (0)
00:00:00.503202   Last                 <integer> = 0x0000000000000000 (0)
00:00:00.503202   iLedSet              <integer> = 0x0000000000000000 (0)
00:00:00.503202 
00:00:00.503202 [/Devices/virtio-net/] (level 2)
00:00:00.503202 
00:00:00.503202 [/EM/] (level 1)
00:00:00.503203   TripleFaultReset <integer> = 0x0000000000000000 (0)
00:00:00.503203 
00:00:00.503203 [/GCM/] (level 1)
00:00:00.503203 
00:00:00.503203 [/GIM/] (level 1)
00:00:00.503204   Provider <string>  = "HyperV" (cb=7)
00:00:00.503204 
00:00:00.503204 [/HM/] (level 1)
00:00:00.503204   64bitEnabled        <integer> = 0x0000000000000001 (1)
00:00:00.503204   EnableLargePages    <integer> = 0x0000000000000000 (0)
00:00:00.503205   EnableNestedPaging  <integer> = 0x0000000000000001 (1)
00:00:00.503205   EnableUX            <integer> = 0x0000000000000001 (1)
00:00:00.503205   EnableVPID          <integer> = 0x0000000000000001 (1)
00:00:00.503205   Exclusive           <integer> = 0x0000000000000000 (0)
00:00:00.503206   HMForced            <integer> = 0x0000000000000001 (1)
00:00:00.503206   IBPBOnVMEntry       <integer> = 0x0000000000000000 (0)
00:00:00.503206   IBPBOnVMExit        <integer> = 0x0000000000000000 (0)
00:00:00.503206   L1DFlushOnSched     <integer> = 0x0000000000000001 (1)
00:00:00.503207   L1DFlushOnVMEntry   <integer> = 0x0000000000000000 (0)
00:00:00.503207   MDSClearOnSched     <integer> = 0x0000000000000001 (1)
00:00:00.503207   MDSClearOnVMEntry   <integer> = 0x0000000000000000 (0)
00:00:00.503207   SpecCtrlByHost      <integer> = 0x0000000000000000 (0)
00:00:00.503207   SvmVirtVmsaveVmload <integer> = 0x0000000000000000 (0)
00:00:00.503208   UseNEMInstead       <integer> = 0x0000000000000000 (0)
00:00:00.503208 
00:00:00.503208 [/MM/] (level 1)
00:00:00.503208   CanUseLargerHeap <integer> = 0x0000000000000000 (0)
00:00:00.503208 
00:00:00.503208 [/NEM/] (level 1)
00:00:00.503209   Allow64BitGuests  <integer> = 0x0000000000000001 (1)
00:00:00.503209   IBPBOnVMEntry     <integer> = 0x0000000000000000 (0)
00:00:00.503209   IBPBOnVMExit      <integer> = 0x0000000000000000 (0)
00:00:00.503209   L1DFlushOnSched   <integer> = 0x0000000000000001 (1)
00:00:00.503210   L1DFlushOnVMEntry <integer> = 0x0000000000000000 (0)
00:00:00.503210   MDSClearOnSched   <integer> = 0x0000000000000001 (1)
00:00:00.503210   MDSClearOnVMEntry <integer> = 0x0000000000000000 (0)
00:00:00.503210 
00:00:00.503210 [/PDM/] (level 1)
00:00:00.503210 
00:00:00.503210 [/PDM/AsyncCompletion/] (level 2)
00:00:00.503211 
00:00:00.503211 [/PDM/AsyncCompletion/File/] (level 3)
00:00:00.503211 
00:00:00.503211 [/PDM/AsyncCompletion/File/BwGroups/] (level 4)
00:00:00.503212 
00:00:00.503212 [/PDM/BlkCache/] (level 2)
00:00:00.503212   CacheSize <integer> = 0x0000000000500000 (5 242 880, 5.0 MiB)
00:00:00.503212 
00:00:00.503212 [/PDM/Devices/] (level 2)
00:00:00.503213 
00:00:00.503213 [/PDM/Drivers/] (level 2)
00:00:00.503213 
00:00:00.503213 [/PDM/Drivers/VBoxC/] (level 3)
00:00:00.503213   Path <string>  = "/usr/lib/virtualbox/components/VBoxC" (cb=37)
00:00:00.503214 
00:00:00.503214 [/PDM/NetworkShaper/] (level 2)
00:00:00.503214 
00:00:00.503214 [/PDM/NetworkShaper/BwGroups/] (level 3)
00:00:00.503214 
00:00:00.503214 [/TM/] (level 1)
00:00:00.503215   UTCOffset <integer> = 0x0000000000000000 (0)
00:00:00.503215 
00:00:00.503215 [/USB/] (level 1)
00:00:00.503215 
00:00:00.503215 [/USB/HidMouse/] (level 2)
00:00:00.503215 
00:00:00.503216 [/USB/HidMouse/0/] (level 3)
00:00:00.503216 
00:00:00.503216 [/USB/HidMouse/0/Config/] (level 4)
00:00:00.503216   Mode <string>  = "absolute" (cb=9)
00:00:00.503216 
00:00:00.503217 [/USB/HidMouse/0/LUN#0/] (level 4)
00:00:00.503217   Driver <string>  = "MouseQueue" (cb=11)
00:00:00.503217 
00:00:00.503217 [/USB/HidMouse/0/LUN#0/AttachedDriver/] (level 5)
00:00:00.503218   Driver <string>  = "MainMouse" (cb=10)
00:00:00.503218 
00:00:00.503218 [/USB/HidMouse/0/LUN#0/Config/] (level 5)
00:00:00.503218   QueueSize <integer> = 0x0000000000000080 (128, 128 B)
00:00:00.503218 
00:00:00.503219 [/USB/USBProxy/] (level 2)
00:00:00.503219 
00:00:00.503219 [/USB/USBProxy/GlobalConfig/] (level 3)
00:00:00.503219 
00:00:00.503219 ********************* End of CFGM dump **********************
00:00:00.503420 HM: HMR3Init: VT-x w/ nested paging and unrestricted guest execution hw support
00:00:00.503446 CPUM: fXStateHostMask=0x7; host XCR0=0x207
00:00:00.504799 CPUM: Matched host CPU INTEL 0x6/0xb7/0x1 Intel_Atom_Unknown with CPU DB entry 'Intel Pentium N3530 2.16GHz' (INTEL 0x6/0x37/0x8 Intel_Atom_Silvermont)
00:00:00.505036 CPUM: MXCSR_MASK=0xffff (host: 0xffff)
00:00:00.505133 CPUM: Microcode revision 0x00000133
00:00:00.505136 CPUM: Changing leaf 13[0]: EBX=0xa88 -> 0x340, ECX=0xa88 -> 0x340
00:00:00.505221 CPUM: MSR/CPUID reconciliation insert: 0x0000010b IA32_FLUSH_CMD
00:00:00.505222 CPUM: MSR/CPUID reconciliation insert: 0x0000010a IA32_ARCH_CAPABILITIES
00:00:00.505224 CPUM: MSR fudge: 0x00000122 IA32_TSX_CTRL
00:00:00.505225 CPUM: MSR fudge: 0x00000123 IA32_MCU_OPT_CTRL
00:00:00.505228 CPUM: SetGuestCpuIdFeature: Enabled SYSENTER/EXIT
00:00:00.505229 CPUM: SetGuestCpuIdFeature: Enabled SYSCALL/RET
00:00:00.505229 CPUM: SetGuestCpuIdFeature: Enabled PAE
00:00:00.505229 CPUM: SetGuestCpuIdFeature: Enabled LAHF/SAHF
00:00:00.505230 CPUM: SetGuestCpuIdFeature: Enabled NX
00:00:00.505230 CPUM: SetGuestCpuIdFeature: Enabled LONG MODE
00:00:00.505231 CPUM: Enabled MTRR read-write support
00:00:00.505231 CPUM: Enabled fixed-range MTRRs and 16 (virtualized) variable-range MTRRs
00:00:00.506329 PGM: Host paging mode: AMD64+PGE+NX
00:00:00.506449 PGM: PGMPool: cMaxPages=1280 (u64MaxPages=1058)
00:00:00.506450 PGM: pgmR3PoolInit: cMaxPages=0x500 cMaxUsers=0xa00 cMaxPhysExts=0xa00 fCacheEnable=true
00:00:00.506834 PGM: /proc/sys/vm/max_map_count = 1048576 (rc2=VWRN_TRAILING_CHARS); cGuessNeeded=16384
00:00:00.507099 GUI: UIDesktopWidgetWatchdog::sltHandleHostScreenAvailableGeometryCalculated: Screen 1 work area is actually resized to: 0x0 x 1080x1920
00:00:00.507141 GUI: UIDesktopWidgetWatchdog::sltHandleHostScreenAvailableGeometryCalculated: Screen 0 work area is actually resized to: 1080x32 x 1920x1048
00:00:00.509290 TM: GIP - u32Mode=3 (Invariant) u32UpdateHz=100 u32UpdateIntervalNS=10000000 enmUseTscDelta=2 (Practically Zero) fGetGipCpu=0x1b cCpus=28
00:00:00.509295 TM: GIP - u64CpuHz=3 417 514 791 (0xcbb32327)  SUPGetCpuHzFromGip => 3 417 514 791
00:00:00.509297 TM: GIP - CPU: iCpuSet=0x0 idCpu=0x0 idApic=0x0 iGipCpu=0x6 i64TSCDelta=0 enmState=3 u64CpuHz=3417514764(*) cErrors=0
00:00:00.509298 TM: GIP - CPU: iCpuSet=0x1 idCpu=0x1 idApic=0x1 iGipCpu=0x5 i64TSCDelta=0 enmState=3 u64CpuHz=3417514744(*) cErrors=0
00:00:00.509299 TM: GIP - CPU: iCpuSet=0x2 idCpu=0x2 idApic=0x8 iGipCpu=0xe i64TSCDelta=0 enmState=3 u64CpuHz=3417514791(*) cErrors=0
00:00:00.509300 TM: GIP - CPU: iCpuSet=0x3 idCpu=0x3 idApic=0x9 iGipCpu=0xf i64TSCDelta=0 enmState=3 u64CpuHz=3417514980(*) cErrors=0
00:00:00.509304 TM: GIP - CPU: iCpuSet=0x4 idCpu=0x4 idApic=0x10 iGipCpu=0xb i64TSCDelta=0 enmState=3 u64CpuHz=3417514779(*) cErrors=0
00:00:00.509305 TM: GIP - CPU: iCpuSet=0x5 idCpu=0x5 idApic=0x11 iGipCpu=0xc i64TSCDelta=0 enmState=3 u64CpuHz=3417514778(*) cErrors=0
00:00:00.509306 TM: GIP - CPU: iCpuSet=0x6 idCpu=0x6 idApic=0x18 iGipCpu=0x1 i64TSCDelta=0 enmState=3 u64CpuHz=3417514980(*) cErrors=0
00:00:00.509306 TM: GIP - CPU: iCpuSet=0x7 idCpu=0x7 idApic=0x19 iGipCpu=0x9 i64TSCDelta=0 enmState=3 u64CpuHz=3417514777(*) cErrors=0
00:00:00.509307 TM: GIP - CPU: iCpuSet=0x8 idCpu=0x8 idApic=0x20 iGipCpu=0x8 i64TSCDelta=0 enmState=3 u64CpuHz=3417514773(*) cErrors=0
00:00:00.509308 TM: GIP - CPU: iCpuSet=0x9 idCpu=0x9 idApic=0x21 iGipCpu=0x7 i64TSCDelta=0 enmState=3 u64CpuHz=3417514768(*) cErrors=0
00:00:00.509308 TM: GIP - CPU: iCpuSet=0xa idCpu=0xa idApic=0x28 iGipCpu=0xd i64TSCDelta=-2 enmState=3 u64CpuHz=3417514751(*) cErrors=0
00:00:00.509309 TM: GIP - CPU: iCpuSet=0xb idCpu=0xb idApic=0x29 iGipCpu=0x10 i64TSCDelta=0 enmState=3 u64CpuHz=3417514980(*) cErrors=0
00:00:00.509310 TM: GIP - CPU: iCpuSet=0xc idCpu=0xc idApic=0x30 iGipCpu=0x0 i64TSCDelta=0 enmState=3 u64CpuHz=3417514791(*) cErrors=0
00:00:00.509311 TM: GIP - CPU: iCpuSet=0xd idCpu=0xd idApic=0x31 iGipCpu=0xa i64TSCDelta=0 enmState=3 u64CpuHz=3417514781(*) cErrors=0
00:00:00.509311 TM: GIP - CPU: iCpuSet=0xe idCpu=0xe idApic=0x38 iGipCpu=0x2 i64TSCDelta=0 enmState=3 u64CpuHz=3417514786(*) cErrors=0
00:00:00.509312 TM: GIP - CPU: iCpuSet=0xf idCpu=0xf idApic=0x39 iGipCpu=0x3 i64TSCDelta=0 enmState=3 u64CpuHz=3417514706(*) cErrors=0
00:00:00.509313 TM: GIP - CPU: iCpuSet=0x10 idCpu=0x10 idApic=0x40 iGipCpu=0x14 i64TSCDelta=0 enmState=3 u64CpuHz=3417514980(*) cErrors=0
00:00:00.509313 TM: GIP - CPU: iCpuSet=0x11 idCpu=0x11 idApic=0x42 iGipCpu=0x15 i64TSCDelta=0 enmState=3 u64CpuHz=3417514980(*) cErrors=0
00:00:00.509314 TM: GIP - CPU: iCpuSet=0x12 idCpu=0x12 idApic=0x44 iGipCpu=0x17 i64TSCDelta=0 enmState=3 u64CpuHz=3417514980(*) cErrors=0
00:00:00.509315 TM: GIP - CPU: iCpuSet=0x13 idCpu=0x13 idApic=0x46 iGipCpu=0x19 i64TSCDelta=0 enmState=3 u64CpuHz=3417514980(*) cErrors=0
00:00:00.509316 TM: GIP - CPU: iCpuSet=0x14 idCpu=0x14 idApic=0x48 iGipCpu=0x12 i64TSCDelta=0 enmState=3 u64CpuHz=3417514980(*) cErrors=0
00:00:00.509316 TM: GIP - CPU: iCpuSet=0x15 idCpu=0x15 idApic=0x4a iGipCpu=0x4 i64TSCDelta=0 enmState=3 u64CpuHz=3417514803(*) cErrors=0
00:00:00.509317 TM: GIP - CPU: iCpuSet=0x16 idCpu=0x16 idApic=0x4c iGipCpu=0x13 i64TSCDelta=0 enmState=3 u64CpuHz=3417514980(*) cErrors=0
00:00:00.509318 TM: GIP - CPU: iCpuSet=0x17 idCpu=0x17 idApic=0x4e iGipCpu=0x11 i64TSCDelta=0 enmState=3 u64CpuHz=3417514980(*) cErrors=0
00:00:00.509318 TM: GIP - CPU: iCpuSet=0x18 idCpu=0x18 idApic=0x50 iGipCpu=0x1b i64TSCDelta=0 enmState=3 u64CpuHz=3417514980(*) cErrors=0
00:00:00.509319 TM: GIP - CPU: iCpuSet=0x19 idCpu=0x19 idApic=0x52 iGipCpu=0x1a i64TSCDelta=0 enmState=3 u64CpuHz=3417514980(*) cErrors=0
00:00:00.509320 TM: GIP - CPU: iCpuSet=0x1a idCpu=0x1a idApic=0x54 iGipCpu=0x16 i64TSCDelta=0 enmState=3 u64CpuHz=3417514980(*) cErrors=0
00:00:00.509320 TM: GIP - CPU: iCpuSet=0x1b idCpu=0x1b idApic=0x56 iGipCpu=0x18 i64TSCDelta=0 enmState=3 u64CpuHz=3417514980(*) cErrors=0
00:00:00.509325 TM:     cTSCTicksPerSecond=3 417 514 791 (0xcbb32327) enmTSCMode=3 (Dynamic) TSCMultiplier=1
00:00:00.509326 TM: cTSCTicksPerSecondHost=3 417 514 791 (0xcbb32327)
00:00:00.509326 TM: TSCTiedToExecution=false TSCNotTiedToHalt=false
00:00:00.509643 EMR3Init: fIemExecutesAll=false fGuruOnTripleFault=true
00:00:00.509740 IEM: TargetCpu=CURRENT, Microarch=Intel_Atom_Unknown aidxTargetCpuEflFlavour={1,0}
00:00:00.510311 GIM: Using provider 'HyperV' (Implementation version: 0)
00:00:00.510313 GIM: HyperV: Reporting vendor as 'VBoxVBoxVBox'
00:00:00.510314 CPUM: SetGuestCpuIdFeature: Enabled Hypervisor Present bit
00:00:00.510421 GCM: Initialized - Fixer bits: 0x0
00:00:00.535036 AIOMgr: Default manager type is 'Async'
00:00:00.535070 AIOMgr: Default file backend is 'NonBuffered'
00:00:00.535158 BlkCache: Cache successfully initialized. Cache size is 5242880 bytes
00:00:00.535162 BlkCache: Cache commit interval is 10000 ms
00:00:00.535164 BlkCache: Cache commit threshold is 2621440 bytes
00:00:00.540214 PcBios: [SMP] BIOS with 1 CPUs
00:00:00.540492 PcBios: Using the 386+ BIOS image.
00:00:00.541007 PcBios: MPS table at 000e1300
00:00:00.541893 PcBios: fCheckShutdownStatusForSoftReset=true  fClearShutdownStatusOnHardReset=true
00:00:00.543164 SUP: seg #0: R   0x00000000 LB 0x0000a000
00:00:00.543174 SUP: seg #1: R X 0x0000a000 LB 0x0002e000
00:00:00.543177 SUP: seg #2: R   0x00038000 LB 0x0000e000
00:00:00.543179 SUP: seg #3: RW  0x00046000 LB 0x00007500
00:00:00.543318 SUP: Loaded VBoxDDR0.r0 (/usr/lib/virtualbox/VBoxDDR0.r0) at 0xXXXXXXXXXXXXXXXX - ModuleInit at XXXXXXXXXXXXXXXX and ModuleTerm at XXXXXXXXXXXXXXXX
00:00:00.543794 PDM: VirtualBox APIC backend registered
00:00:00.543801 CPUM: SetGuestCpuIdFeature: Enabled xAPIC
00:00:00.544688 IOAPIC: Version=2.0 ChipType=ICH9
00:00:00.545021 PIT: mode=3 count=0x10000 (65536) - 18.20 Hz (ch=0)
00:00:00.545296 VMMDev: cbDefaultBudget: 1 073 741 824 (40000000)
00:00:00.547485 Shared Folders service loaded
00:00:00.548014 Guest Control service loaded
00:00:00.576529 VGA: Using the 386+ BIOS image.
00:00:00.578732 DrvVD: Flushes will be ignored
00:00:00.578736 DrvVD: Async flushes will be passed to the disk
00:00:00.579898 VD: VDInit finished with VINF_SUCCESS
00:00:00.579983 AIOMgr: Endpoint for file '/home/tsukuyomi/Documents/School/Uppgift-labbmiljö/Uppgift Labbmiljö Win/Uppgift Labbmiljö Win.vdi' (flags 000c0723) created successfully
00:00:00.580487 VD: Opening the disk took 641952 ns
00:00:00.580499 AHCI: LUN#0: disk, PCHS=16383/16/63, total number of sectors 104857600
00:00:00.580589 DrvVD: Flushes will be ignored
00:00:00.580590 DrvVD: Async flushes will be passed to the disk
00:00:00.581737 AIOMgr: Endpoint for file '/home/tsukuyomi/Downloads/ISOs/26100.32230.260111-0550.lt_release_svc_refresh_SERVER_EVAL_x64FRE_en-us.iso' (flags 000c0781) created successfully
00:00:00.581739 VD: Opening the disk took 20212 ns
00:00:00.581752 AHCI: LUN#1: CD/DVD
00:00:00.581868 AHCI#0: Reset the HBA
00:00:00.581869 VD#0: Cancelling all active requests
00:00:00.582015 E1000#0: Chip=82540EM LinkUpDelay=5000ms EthernetCRC=on GSO=enabled Itr=disabled ItrRx=enabled TID=disabled R0=enabled RC=disabled
00:00:00.582404 E1000#1: Chip=82540EM LinkUpDelay=5000ms EthernetCRC=on GSO=enabled Itr=disabled ItrRx=enabled TID=disabled R0=enabled RC=disabled
00:00:00.582422 IntNet#0: szNetwork={labnet} enmTrunkType=2 szTrunk={} fFlags=0x8000 cbRecv=325632 cbSend=196608 fIgnoreConnectFailure=false
00:00:00.583171 Audio: Initializing ALSA driver
00:00:00.610922 Audio: Found 62 devices for driver 'ALSA'
00:00:00.610938 Audio: Device 'PipeWire Sound Server':
00:00:00.610939 Audio:   ID              = pipewire
00:00:00.610939 Audio:   Usage           = duplex
00:00:00.610940 Audio:   Flags           = NONE
00:00:00.610940 Audio:   Input channels  = 2
00:00:00.610941 Audio:   Output channels = 2
00:00:00.610943 Audio: Device 'Default ALSA Output (currently PipeWire Media Server)':
00:00:00.610943 Audio:   ID              = default
00:00:00.610944 Audio:   Usage           = duplex
00:00:00.610944 Audio:   Flags           = NONE
00:00:00.610944 Audio:   Input channels  = 2
00:00:00.610945 Audio:   Output channels = 2
00:00:00.610946 Audio: Device 'Direct hardware device without any conversions (HDA Intel PCH, ALC897 Analog)':
00:00:00.610947 Audio:   ID              = hw:CARD=PCH,DEV=0
00:00:00.610947 Audio:   Usage           = duplex
00:00:00.610947 Audio:   Flags           = NONE
00:00:00.610948 Audio:   Input channels  = 2
00:00:00.610948 Audio:   Output channels = 2
00:00:00.610949 Audio: Device 'Direct hardware device without any conversions (HDA Intel PCH, ALC897 Alt Analog)':
00:00:00.610950 Audio:   ID              = hw:CARD=PCH,DEV=2
00:00:00.610950 Audio:   Usage           = input
00:00:00.610950 Audio:   Flags           = NONE
00:00:00.610950 Audio:   Input channels  = 2
00:00:00.610951 Audio:   Output channels = 0
00:00:00.610960 Audio: Device 'Direct hardware device without any conversions (HDA Intel PCH, HDMI 0)':
00:00:00.610961 Audio:   ID              = hw:CARD=PCH,DEV=3
00:00:00.610961 Audio:   Usage           = output
00:00:00.610961 Audio:   Flags           = NONE
00:00:00.610961 Audio:   Input channels  = 0
00:00:00.610962 Audio:   Output channels = 2
00:00:00.610963 Audio: Device 'Direct hardware device without any conversions (HDA Intel PCH, HDMI 1)':
00:00:00.610963 Audio:   ID              = hw:CARD=PCH,DEV=7
00:00:00.610964 Audio:   Usage           = output
00:00:00.610964 Audio:   Flags           = NONE
00:00:00.610964 Audio:   Input channels  = 0
00:00:00.610964 Audio:   Output channels = 2
00:00:00.610966 Audio: Device 'Direct hardware device without any conversions (HDA Intel PCH, HDMI 2)':
00:00:00.610966 Audio:   ID              = hw:CARD=PCH,DEV=8
00:00:00.610966 Audio:   Usage           = output
00:00:00.610967 Audio:   Flags           = NONE
00:00:00.610967 Audio:   Input channels  = 0
00:00:00.610967 Audio:   Output channels = 2
00:00:00.610968 Audio: Device 'Direct hardware device without any conversions (HDA Intel PCH, HDMI 3)':
00:00:00.610969 Audio:   ID              = hw:CARD=PCH,DEV=9
00:00:00.610969 Audio:   Usage           = output
00:00:00.610969 Audio:   Flags           = NONE
00:00:00.610969 Audio:   Input channels  = 0
00:00:00.610970 Audio:   Output channels = 2
00:00:00.610971 Audio: Device 'Hardware device with all software conversions (HDA Intel PCH, ALC897 Analog)':
00:00:00.610971 Audio:   ID              = plughw:CARD=PCH,DEV=0
00:00:00.610972 Audio:   Usage           = duplex
00:00:00.610972 Audio:   Flags           = NONE
00:00:00.610972 Audio:   Input channels  = 2
00:00:00.610972 Audio:   Output channels = 2
00:00:00.610974 Audio: Device 'Hardware device with all software conversions (HDA Intel PCH, ALC897 Alt Analog)':
00:00:00.610974 Audio:   ID              = plughw:CARD=PCH,DEV=2
00:00:00.610974 Audio:   Usage           = input
00:00:00.610975 Audio:   Flags           = NONE
00:00:00.610975 Audio:   Input channels  = 2
00:00:00.610975 Audio:   Output channels = 0
00:00:00.610976 Audio: Device 'Hardware device with all software conversions (HDA Intel PCH, HDMI 0)':
00:00:00.610977 Audio:   ID              = plughw:CARD=PCH,DEV=3
00:00:00.610977 Audio:   Usage           = output
00:00:00.610977 Audio:   Flags           = NONE
00:00:00.610977 Audio:   Input channels  = 0
00:00:00.610978 Audio:   Output channels = 2
00:00:00.610979 Audio: Device 'Hardware device with all software conversions (HDA Intel PCH, HDMI 1)':
00:00:00.610979 Audio:   ID              = plughw:CARD=PCH,DEV=7
00:00:00.610980 Audio:   Usage           = output
00:00:00.610980 Audio:   Flags           = NONE
00:00:00.610980 Audio:   Input channels  = 0
00:00:00.610980 Audio:   Output channels = 2
00:00:00.610982 Audio: Device 'Hardware device with all software conversions (HDA Intel PCH, HDMI 2)':
00:00:00.610982 Audio:   ID              = plughw:CARD=PCH,DEV=8
00:00:00.610982 Audio:   Usage           = output
00:00:00.610982 Audio:   Flags           = NONE
00:00:00.610982 Audio:   Input channels  = 0
00:00:00.610983 Audio:   Output channels = 2
00:00:00.610984 Audio: Device 'Hardware device with all software conversions (HDA Intel PCH, HDMI 3)':
00:00:00.610984 Audio:   ID              = plughw:CARD=PCH,DEV=9
00:00:00.610985 Audio:   Usage           = output
00:00:00.610985 Audio:   Flags           = NONE
00:00:00.610985 Audio:   Input channels  = 0
00:00:00.610985 Audio:   Output channels = 2
00:00:00.610987 Audio: Device 'Default Audio Device (HDA Intel PCH, ALC897 Analog)':
00:00:00.610987 Audio:   ID              = sysdefault:CARD=PCH
00:00:00.610987 Audio:   Usage           = duplex
00:00:00.610988 Audio:   Flags           = NONE
00:00:00.610988 Audio:   Input channels  = 2
00:00:00.610988 Audio:   Output channels = 2
00:00:00.610989 Audio: Device 'Front output / input (HDA Intel PCH, ALC897 Analog)':
00:00:00.610990 Audio:   ID              = front:CARD=PCH,DEV=0
00:00:00.610990 Audio:   Usage           = duplex
00:00:00.610990 Audio:   Flags           = NONE
00:00:00.610990 Audio:   Input channels  = 2
00:00:00.610991 Audio:   Output channels = 2
00:00:00.610994 Audio: Device '2.1 Surround output to Front and Subwoofer speakers (HDA Intel PCH, ALC897 Analog)':
00:00:00.610994 Audio:   ID              = surround21:CARD=PCH,DEV=0
00:00:00.610995 Audio:   Usage           = output
00:00:00.610995 Audio:   Flags           = NONE
00:00:00.610995 Audio:   Input channels  = 0
00:00:00.610996 Audio:   Output channels = 2
00:00:00.610997 Audio: Device '4.0 Surround output to Front and Rear speakers (HDA Intel PCH, ALC897 Analog)':
00:00:00.610997 Audio:   ID              = surround40:CARD=PCH,DEV=0
00:00:00.610998 Audio:   Usage           = output
00:00:00.610998 Audio:   Flags           = NONE
00:00:00.610998 Audio:   Input channels  = 0
00:00:00.610998 Audio:   Output channels = 2
00:00:00.611008 Audio: Device '4.1 Surround output to Front, Rear and Subwoofer speakers (HDA Intel PCH, ALC897 Analog)':
00:00:00.611009 Audio:   ID              = surround41:CARD=PCH,DEV=0
00:00:00.611009 Audio:   Usage           = output
00:00:00.611009 Audio:   Flags           = NONE
00:00:00.611009 Audio:   Input channels  = 0
00:00:00.611010 Audio:   Output channels = 2
00:00:00.611011 Audio: Device '5.0 Surround output to Front, Center and Rear speakers (HDA Intel PCH, ALC897 Analog)':
00:00:00.611011 Audio:   ID              = surround50:CARD=PCH,DEV=0
00:00:00.611012 Audio:   Usage           = output
00:00:00.611012 Audio:   Flags           = NONE
00:00:00.611012 Audio:   Input channels  = 0
00:00:00.611012 Audio:   Output channels = 2
00:00:00.611014 Audio: Device '5.1 Surround output to Front, Center, Rear and Subwoofer speakers (HDA Intel PCH, ALC897 Analog)':
00:00:00.611014 Audio:   ID              = surround51:CARD=PCH,DEV=0
00:00:00.611014 Audio:   Usage           = output
00:00:00.611014 Audio:   Flags           = NONE
00:00:00.611015 Audio:   Input channels  = 0
00:00:00.611015 Audio:   Output channels = 2
00:00:00.611016 Audio: Device '7.1 Surround output to Front, Center, Side, Rear and Woofer speakers (HDA Intel PCH, ALC897 Analog)':
00:00:00.611017 Audio:   ID              = surround71:CARD=PCH,DEV=0
00:00:00.611017 Audio:   Usage           = output
00:00:00.611017 Audio:   Flags           = NONE
00:00:00.611017 Audio:   Input channels  = 0
00:00:00.611018 Audio:   Output channels = 2
00:00:00.611019 Audio: Device 'HDMI Audio Output (HDA Intel PCH, HDMI 0)':
00:00:00.611019 Audio:   ID              = hdmi:CARD=PCH,DEV=0
00:00:00.611020 Audio:   Usage           = output
00:00:00.611020 Audio:   Flags           = NONE
00:00:00.611020 Audio:   Input channels  = 0
00:00:00.611020 Audio:   Output channels = 2
00:00:00.611021 Audio: Device 'HDMI Audio Output (HDA Intel PCH, HDMI 1)':
00:00:00.611022 Audio:   ID              = hdmi:CARD=PCH,DEV=1
00:00:00.611022 Audio:   Usage           = output
00:00:00.611022 Audio:   Flags           = NONE
00:00:00.611022 Audio:   Input channels  = 0
00:00:00.611023 Audio:   Output channels = 2
00:00:00.611024 Audio: Device 'HDMI Audio Output (HDA Intel PCH, HDMI 2)':
00:00:00.611024 Audio:   ID              = hdmi:CARD=PCH,DEV=2
00:00:00.611025 Audio:   Usage           = output
00:00:00.611025 Audio:   Flags           = NONE
00:00:00.611025 Audio:   Input channels  = 0
00:00:00.611025 Audio:   Output channels = 2
00:00:00.611027 Audio: Device 'HDMI Audio Output (HDA Intel PCH, HDMI 3)':
00:00:00.611027 Audio:   ID              = hdmi:CARD=PCH,DEV=3
00:00:00.611027 Audio:   Usage           = output
00:00:00.611027 Audio:   Flags           = NONE
00:00:00.611027 Audio:   Input channels  = 0
00:00:00.611028 Audio:   Output channels = 2
00:00:00.611029 Audio: Device 'Direct sample mixing device (HDA Intel PCH, ALC897 Analog)':
00:00:00.611029 Audio:   ID              = dmix:CARD=PCH,DEV=0
00:00:00.611030 Audio:   Usage           = output
00:00:00.611030 Audio:   Flags           = NONE
00:00:00.611030 Audio:   Input channels  = 0
00:00:00.611030 Audio:   Output channels = 2
00:00:00.611034 Audio: Device 'Direct sample mixing device (HDA Intel PCH, HDMI 0)':
00:00:00.611034 Audio:   ID              = dmix:CARD=PCH,DEV=3
00:00:00.611034 Audio:   Usage           = output
00:00:00.611035 Audio:   Flags           = NONE
00:00:00.611035 Audio:   Input channels  = 0
00:00:00.611035 Audio:   Output channels = 2
00:00:00.611036 Audio: Device 'Direct sample mixing device (HDA Intel PCH, HDMI 1)':
00:00:00.611037 Audio:   ID              = dmix:CARD=PCH,DEV=7
00:00:00.611037 Audio:   Usage           = output
00:00:00.611037 Audio:   Flags           = NONE
00:00:00.611037 Audio:   Input channels  = 0
00:00:00.611038 Audio:   Output channels = 2
00:00:00.611039 Audio: Device 'Direct sample mixing device (HDA Intel PCH, HDMI 2)':
00:00:00.611039 Audio:   ID              = dmix:CARD=PCH,DEV=8
00:00:00.611039 Audio:   Usage           = output
00:00:00.611040 Audio:   Flags           = NONE
00:00:00.611040 Audio:   Input channels  = 0
00:00:00.611040 Audio:   Output channels = 2
00:00:00.611041 Audio: Device 'Direct sample mixing device (HDA Intel PCH, HDMI 3)':
00:00:00.611042 Audio:   ID              = dmix:CARD=PCH,DEV=9
00:00:00.611042 Audio:   Usage           = output
00:00:00.611042 Audio:   Flags           = NONE
00:00:00.611042 Audio:   Input channels  = 0
00:00:00.611043 Audio:   Output channels = 2
00:00:00.611044 Audio: Device 'Direct sample snooping device (HDA Intel PCH, ALC897 Analog)':
00:00:00.611044 Audio:   ID              = dsnoop:CARD=PCH,DEV=0
00:00:00.611045 Audio:   Usage           = input
00:00:00.611045 Audio:   Flags           = NONE
00:00:00.611045 Audio:   Input channels  = 2
00:00:00.611045 Audio:   Output channels = 0
00:00:00.611047 Audio: Device 'Direct sample snooping device (HDA Intel PCH, ALC897 Alt Analog)':
00:00:00.611047 Audio:   ID              = dsnoop:CARD=PCH,DEV=2
00:00:00.611047 Audio:   Usage           = input
00:00:00.611048 Audio:   Flags           = NONE
00:00:00.611048 Audio:   Input channels  = 2
00:00:00.611048 Audio:   Output channels = 0
00:00:00.611049 Audio: Device 'Direct hardware device without any conversions (HDA NVidia, MSI G271)':
00:00:00.611050 Audio:   ID              = hw:CARD=NVidia,DEV=3
00:00:00.611050 Audio:   Usage           = output
00:00:00.611050 Audio:   Flags           = NONE
00:00:00.611051 Audio:   Input channels  = 0
00:00:00.611051 Audio:   Output channels = 2
00:00:00.611052 Audio: Device 'Direct hardware device without any conversions (HDA NVidia, VG240Y P)':
00:00:00.611052 Audio:   ID              = hw:CARD=NVidia,DEV=7
00:00:00.611053 Audio:   Usage           = output
00:00:00.611053 Audio:   Flags           = NONE
00:00:00.611053 Audio:   Input channels  = 0
00:00:00.611053 Audio:   Output channels = 2
00:00:00.611055 Audio: Device 'Direct hardware device without any conversions (HDA NVidia, HDMI 2)':
00:00:00.611055 Audio:   ID              = hw:CARD=NVidia,DEV=8
00:00:00.611055 Audio:   Usage           = output
00:00:00.611055 Audio:   Flags           = NONE
00:00:00.611056 Audio:   Input channels  = 0
00:00:00.611056 Audio:   Output channels = 2
00:00:00.611057 Audio: Device 'Direct hardware device without any conversions (HDA NVidia, HDMI 3)':
00:00:00.611058 Audio:   ID              = hw:CARD=NVidia,DEV=9
00:00:00.611058 Audio:   Usage           = output
00:00:00.611058 Audio:   Flags           = NONE
00:00:00.611058 Audio:   Input channels  = 0
00:00:00.611059 Audio:   Output channels = 2
00:00:00.611060 Audio: Device 'Hardware device with all software conversions (HDA NVidia, MSI G271)':
00:00:00.611060 Audio:   ID              = plughw:CARD=NVidia,DEV=3
00:00:00.611060 Audio:   Usage           = output
00:00:00.611061 Audio:   Flags           = NONE
00:00:00.611061 Audio:   Input channels  = 0
00:00:00.611061 Audio:   Output channels = 2
00:00:00.611062 Audio: Device 'Hardware device with all software conversions (HDA NVidia, VG240Y P)':
00:00:00.611063 Audio:   ID              = plughw:CARD=NVidia,DEV=7
00:00:00.611063 Audio:   Usage           = output
00:00:00.611063 Audio:   Flags           = NONE
00:00:00.611064 Audio:   Input channels  = 0
00:00:00.611064 Audio:   Output channels = 2
00:00:00.611067 Audio: Device 'Hardware device with all software conversions (HDA NVidia, HDMI 2)':
00:00:00.611067 Audio:   ID              = plughw:CARD=NVidia,DEV=8
00:00:00.611068 Audio:   Usage           = output
00:00:00.611068 Audio:   Flags           = NONE
00:00:00.611068 Audio:   Input channels  = 0
00:00:00.611068 Audio:   Output channels = 2
00:00:00.611070 Audio: Device 'Hardware device with all software conversions (HDA NVidia, HDMI 3)':
00:00:00.611070 Audio:   ID              = plughw:CARD=NVidia,DEV=9
00:00:00.611070 Audio:   Usage           = output
00:00:00.611070 Audio:   Flags           = NONE
00:00:00.611071 Audio:   Input channels  = 0
00:00:00.611071 Audio:   Output channels = 2
00:00:00.611072 Audio: Device 'HDMI Audio Output (HDA NVidia, MSI G271)':
00:00:00.611072 Audio:   ID              = hdmi:CARD=NVidia,DEV=0
00:00:00.611073 Audio:   Usage           = output
00:00:00.611073 Audio:   Flags           = NONE
00:00:00.611073 Audio:   Input channels  = 0
00:00:00.611074 Audio:   Output channels = 2
00:00:00.611075 Audio: Device 'HDMI Audio Output (HDA NVidia, VG240Y P)':
00:00:00.611075 Audio:   ID              = hdmi:CARD=NVidia,DEV=1
00:00:00.611075 Audio:   Usage           = output
00:00:00.611076 Audio:   Flags           = NONE
00:00:00.611076 Audio:   Input channels  = 0
00:00:00.611076 Audio:   Output channels = 2
00:00:00.611077 Audio: Device 'HDMI Audio Output (HDA NVidia, HDMI 2)':
00:00:00.611078 Audio:   ID              = hdmi:CARD=NVidia,DEV=2
00:00:00.611078 Audio:   Usage           = output
00:00:00.611078 Audio:   Flags           = NONE
00:00:00.611078 Audio:   Input channels  = 0
00:00:00.611079 Audio:   Output channels = 2
00:00:00.611080 Audio: Device 'HDMI Audio Output (HDA NVidia, HDMI 3)':
00:00:00.611080 Audio:   ID              = hdmi:CARD=NVidia,DEV=3
00:00:00.611080 Audio:   Usage           = output
00:00:00.611081 Audio:   Flags           = NONE
00:00:00.611081 Audio:   Input channels  = 0
00:00:00.611081 Audio:   Output channels = 2
00:00:00.611082 Audio: Device 'Direct sample mixing device (HDA NVidia, MSI G271)':
00:00:00.611083 Audio:   ID              = dmix:CARD=NVidia,DEV=3
00:00:00.611083 Audio:   Usage           = output
00:00:00.611083 Audio:   Flags           = NONE
00:00:00.611084 Audio:   Input channels  = 0
00:00:00.611084 Audio:   Output channels = 2
00:00:00.611085 Audio: Device 'Direct sample mixing device (HDA NVidia, VG240Y P)':
00:00:00.611085 Audio:   ID              = dmix:CARD=NVidia,DEV=7
00:00:00.611086 Audio:   Usage           = output
00:00:00.611086 Audio:   Flags           = NONE
00:00:00.611086 Audio:   Input channels  = 0
00:00:00.611086 Audio:   Output channels = 2
00:00:00.611088 Audio: Device 'Direct sample mixing device (HDA NVidia, HDMI 2)':
00:00:00.611088 Audio:   ID              = dmix:CARD=NVidia,DEV=8
00:00:00.611088 Audio:   Usage           = output
00:00:00.611088 Audio:   Flags           = NONE
00:00:00.611089 Audio:   Input channels  = 0
00:00:00.611089 Audio:   Output channels = 2
00:00:00.611090 Audio: Device 'Direct sample mixing device (HDA NVidia, HDMI 3)':
00:00:00.611090 Audio:   ID              = dmix:CARD=NVidia,DEV=9
00:00:00.611091 Audio:   Usage           = output
00:00:00.611091 Audio:   Flags           = NONE
00:00:00.611091 Audio:   Input channels  = 0
00:00:00.611091 Audio:   Output channels = 2
00:00:00.611093 Audio: Device 'Direct hardware device without any conversions (HyperX Virtual Surround Sound, USB Audio)':
00:00:00.611093 Audio:   ID              = hw:CARD=Sound,DEV=0
00:00:00.611093 Audio:   Usage           = duplex
00:00:00.611094 Audio:   Flags           = NONE
00:00:00.611094 Audio:   Input channels  = 2
00:00:00.611094 Audio:   Output channels = 2
00:00:00.611095 Audio: Device 'Hardware device with all software conversions (HyperX Virtual Surround Sound, USB Audio)':
00:00:00.611096 Audio:   ID              = plughw:CARD=Sound,DEV=0
00:00:00.611096 Audio:   Usage           = duplex
00:00:00.611096 Audio:   Flags           = NONE
00:00:00.611097 Audio:   Input channels  = 2
00:00:00.611097 Audio:   Output channels = 2
00:00:00.611100 Audio: Device 'Default Audio Device (HyperX Virtual Surround Sound, USB Audio)':
00:00:00.611100 Audio:   ID              = sysdefault:CARD=Sound
00:00:00.611101 Audio:   Usage           = duplex
00:00:00.611101 Audio:   Flags           = NONE
00:00:00.611101 Audio:   Input channels  = 2
00:00:00.611101 Audio:   Output channels = 2
00:00:00.611103 Audio: Device 'Front output / input (HyperX Virtual Surround Sound, USB Audio)':
00:00:00.611103 Audio:   ID              = front:CARD=Sound,DEV=0
00:00:00.611103 Audio:   Usage           = duplex
00:00:00.611103 Audio:   Flags           = NONE
00:00:00.611104 Audio:   Input channels  = 2
00:00:00.611104 Audio:   Output channels = 2
00:00:00.611105 Audio: Device '2.1 Surround output to Front and Subwoofer speakers (HyperX Virtual Surround Sound, USB Audio)':
00:00:00.611106 Audio:   ID              = surround21:CARD=Sound,DEV=0
00:00:00.611106 Audio:   Usage           = output
00:00:00.611106 Audio:   Flags           = NONE
00:00:00.611106 Audio:   Input channels  = 0
00:00:00.611107 Audio:   Output channels = 2
00:00:00.611108 Audio: Device '4.0 Surround output to Front and Rear speakers (HyperX Virtual Surround Sound, USB Audio)':
00:00:00.611108 Audio:   ID              = surround40:CARD=Sound,DEV=0
00:00:00.611109 Audio:   Usage           = output
00:00:00.611109 Audio:   Flags           = NONE
00:00:00.611109 Audio:   Input channels  = 0
00:00:00.611109 Audio:   Output channels = 2
00:00:00.611111 Audio: Device '4.1 Surround output to Front, Rear and Subwoofer speakers (HyperX Virtual Surround Sound, USB Audio)':
00:00:00.611111 Audio:   ID              = surround41:CARD=Sound,DEV=0
00:00:00.611111 Audio:   Usage           = output
00:00:00.611111 Audio:   Flags           = NONE
00:00:00.611112 Audio:   Input channels  = 0
00:00:00.611112 Audio:   Output channels = 2
00:00:00.611113 Audio: Device '5.0 Surround output to Front, Center and Rear speakers (HyperX Virtual Surround Sound, USB Audio)':
00:00:00.611114 Audio:   ID              = surround50:CARD=Sound,DEV=0
00:00:00.611114 Audio:   Usage           = output
00:00:00.611114 Audio:   Flags           = NONE
00:00:00.611114 Audio:   Input channels  = 0
00:00:00.611115 Audio:   Output channels = 2
00:00:00.611116 Audio: Device '5.1 Surround output to Front, Center, Rear and Subwoofer speakers (HyperX Virtual Surround Sound, USB Audio)':
00:00:00.611116 Audio:   ID              = surround51:CARD=Sound,DEV=0
00:00:00.611117 Audio:   Usage           = output
00:00:00.611117 Audio:   Flags           = NONE
00:00:00.611117 Audio:   Input channels  = 0
00:00:00.611117 Audio:   Output channels = 2
00:00:00.611119 Audio: Device '7.1 Surround output to Front, Center, Side, Rear and Woofer speakers (HyperX Virtual Surround Sound, USB Audio)':
00:00:00.611119 Audio:   ID              = surround71:CARD=Sound,DEV=0
00:00:00.611119 Audio:   Usage           = output
00:00:00.611119 Audio:   Flags           = NONE
00:00:00.611120 Audio:   Input channels  = 0
00:00:00.611120 Audio:   Output channels = 2
00:00:00.611121 Audio: Device 'IEC958 (S/PDIF) Digital Audio Output (HyperX Virtual Surround Sound, USB Audio)':
00:00:00.611122 Audio:   ID              = iec958:CARD=Sound,DEV=0
00:00:00.611122 Audio:   Usage           = output
00:00:00.611122 Audio:   Flags           = NONE
00:00:00.611122 Audio:   Input channels  = 0
00:00:00.611123 Audio:   Output channels = 2
00:00:00.611124 Audio: Device 'Direct sample mixing device (HyperX Virtual Surround Sound, USB Audio)':
00:00:00.611124 Audio:   ID              = dmix:CARD=Sound,DEV=0
00:00:00.611124 Audio:   Usage           = output
00:00:00.611125 Audio:   Flags           = NONE
00:00:00.611125 Audio:   Input channels  = 0
00:00:00.611125 Audio:   Output channels = 2
00:00:00.611126 Audio: Device 'Direct sample snooping device (HyperX Virtual Surround Sound, USB Audio)':
00:00:00.611127 Audio:   ID              = dsnoop:CARD=Sound,DEV=0
00:00:00.611127 Audio:   Usage           = input
00:00:00.611127 Audio:   Flags           = NONE
00:00:00.611127 Audio:   Input channels  = 2
00:00:00.611128 Audio:   Output channels = 0
00:00:00.611189 Audio Mixer: Setting master volume of 'HDA Mixer' -- channel volumes: ff ff ff ff ff ff ff ff ff ff ff ff
00:00:00.611195 Audio Mixer: Setting sink 'HDA Mixer/PCM Output' -- channel volumes: ff ff ff ff ff ff ff ff ff ff ff ff
00:00:00.611198 Audio Mixer: Setting sink 'HDA Mixer/Line In' -- channel volumes: ff ff ff ff ff ff ff ff ff ff ff ff
00:00:00.611205 Audio Mixer: MUTING sink 'HDA Mixer/PCM Output' -- channel volumes: 00 00 00 00 00 00 00 00 00 00 00 00
00:00:00.611208 Audio Mixer: MUTING sink 'HDA Mixer/Line In' -- channel volumes: 00 00 00 00 00 00 00 00 00 00 00 00
00:00:00.611240 HDA: Codec reset
00:00:00.611243 HDA: Reset
00:00:00.612354 GIMDev: Registered Hyper-V hypercall page
00:00:00.612373 GIMDev: Registered Hyper-V TSC page
00:00:00.612621 VUSB: Attached 'HidMouse' to port 1 on RootHub#1 (FullSpeed)
00:00:00.612629 PGM: The CPU physical address width is 46 bits
00:00:00.612632 PGM: PGMR3InitFinalize: 4 MB PSE mask 00003fffffffffff -> VINF_SUCCESS
00:00:00.612640 TM: TMR3InitFinalize: fTSCModeSwitchAllowed=true
00:00:00.612763 CPUM: Mapped 1.0MiB (1048576 bytes) of RAM using fixed-range MTRRs
00:00:00.612766 CPUM: Mapped 2.0GiB (2147483648 bytes) of RAM using 1 variable-range MTRRs
00:00:00.612860 CPUM: Host IA32_ARCH_CAPABILITIES  = 0x14c8fd6b
00:00:00.612865 CPUM: Guest IA32_ARCH_CAPABILITIES = 0x1408e169
00:00:00.612931 VMM: Enabled thread-context hooks
00:00:00.612932 VMM: RTThreadPreemptIsPending() can be trusted
00:00:00.612933 VMM: Kernel preemption is possible
00:00:00.612951 HM: Host MSR_IA32_FEATURE_CONTROL = 0x5
00:00:00.613054 HM: fWorldSwitcher=0x0 (fIbpbOnVmExit=false fIbpbOnVmEntry=false fL1dFlushOnVmEntry=false); fL1dFlushOnSched=false fMdsClearOnVmEntry=false
00:00:00.613061 HM: Using VT-x implementation 3.0
00:00:00.613062 HM: Max resume loops                  = 8192
00:00:00.613063 HM: Host CR0                          = 0x80050033
00:00:00.613064 HM: Host CR4                          = 0xf70ef0
00:00:00.613064 HM: Host EFER                         = 0xd01
00:00:00.613065 HM: Host SMM_MONITOR_CTL              = 0x0
00:00:00.613065 HM: Host CORE_CAPABILITIES            = 0xfd
00:00:00.613066 HM: Host MEMORY_CTRL                  = 0x20000000 - split-lock disable!
00:00:00.613067 HM: Host DR6 zero'ed                  = 0xffff0ff0
00:00:00.613068 HM: MSR_IA32_FEATURE_CONTROL          = 0x5
00:00:00.613069 HM:   LOCK
00:00:00.613069 HM:   VMXON
00:00:00.613069 HM: MSR_IA32_VMX_BASIC                = 0x3da050000000013
00:00:00.613070 HM:   VMCS id                           = 0x13
00:00:00.613071 HM:   VMCS size                         = 1280 bytes
00:00:00.613071 HM:   VMCS physical address limit       = None
00:00:00.613072 HM:   VMCS memory type                  = Write Back (WB)
00:00:00.613072 HM:   Dual-monitor treatment support    = true
00:00:00.613073 HM:   OUTS & INS instruction-info       = true
00:00:00.613073 HM:   Supports true-capability MSRs     = true
00:00:00.613074 HM:   VM-entry Xcpt error-code optional = true
00:00:00.613074 HM: MSR_IA32_VMX_PINBASED_CTLS        = 0xff00000016
00:00:00.613075 HM:   EXT_INT_EXIT
00:00:00.613075 HM:   NMI_EXIT
00:00:00.613076 HM:   VIRTUAL_NMI
00:00:00.613076 HM:   PREEMPT_TIMER
00:00:00.613076 HM:   POSTED_INT
00:00:00.613077 HM: MSR_IA32_VMX_PROCBASED_CTLS       = 0xfffbfffe0401e172
00:00:00.613078 HM:   INT_WINDOW_EXIT
00:00:00.613078 HM:   USE_TSC_OFFSETTING
00:00:00.613078 HM:   HLT_EXIT
00:00:00.613079 HM:   INVLPG_EXIT
00:00:00.613079 HM:   MWAIT_EXIT
00:00:00.613079 HM:   RDPMC_EXIT
00:00:00.613080 HM:   RDTSC_EXIT
00:00:00.613080 HM:   CR3_LOAD_EXIT (must be set)
00:00:00.613080 HM:   CR3_STORE_EXIT (must be set)
00:00:00.613081 HM:   USE_TERTIARY_CTLS
00:00:00.613081 HM:   CR8_LOAD_EXIT
00:00:00.613081 HM:   CR8_STORE_EXIT
00:00:00.613082 HM:   USE_TPR_SHADOW
00:00:00.613082 HM:   NMI_WINDOW_EXIT
00:00:00.613082 HM:   MOV_DR_EXIT
00:00:00.613082 HM:   UNCOND_IO_EXIT
00:00:00.613083 HM:   USE_IO_BITMAPS
00:00:00.613083 HM:   MONITOR_TRAP_FLAG
00:00:00.613083 HM:   USE_MSR_BITMAPS
00:00:00.613084 HM:   MONITOR_EXIT
00:00:00.613084 HM:   PAUSE_EXIT
00:00:00.613084 HM:   USE_SECONDARY_CTLS
00:00:00.613085 HM: MSR_IA32_VMX_PROCBASED_CTLS2      = 0xf5d7fff00000000
00:00:00.613086 HM:   VIRT_APIC_ACCESS
00:00:00.613086 HM:   EPT
00:00:00.613087 HM:   DESC_TABLE_EXIT
00:00:00.613087 HM:   RDTSCP
00:00:00.613088 HM:   VIRT_X2APIC_MODE
00:00:00.613088 HM:   VPID
00:00:00.613089 HM:   WBINVD_EXIT
00:00:00.613089 HM:   UNRESTRICTED_GUEST
00:00:00.613089 HM:   APIC_REG_VIRT
00:00:00.613090 HM:   VIRT_INT_DELIVERY
00:00:00.613090 HM:   PAUSE_LOOP_EXIT
00:00:00.613091 HM:   RDRAND_EXIT
00:00:00.613091 HM:   INVPCID
00:00:00.613092 HM:   VMFUNC
00:00:00.613092 HM:   VMCS_SHADOWING
00:00:00.613092 HM:   ENCLS_EXIT (must be cleared)
00:00:00.613093 HM:   RDSEED_EXIT
00:00:00.613093 HM:   PML (must be cleared)
00:00:00.613094 HM:   EPT_XCPT_VE
00:00:00.613094 HM:   CONCEAL_VMX_FROM_PT
00:00:00.613094 HM:   XSAVES_XRSTORS
00:00:00.613094 HM:   PASID_TRANSLATE (must be cleared)
00:00:00.613095 HM:   MODE_BASED_EPT_PERM
00:00:00.613095 HM:   SPP_EPT (must be cleared)
00:00:00.613095 HM:   PT_EPT
00:00:00.613096 HM:   TSC_SCALING
00:00:00.613096 HM:   USER_WAIT_PAUSE
00:00:00.613096 HM:   PCONFIG
00:00:00.613097 HM:   ENCLV_EXIT (must be cleared)
00:00:00.613097 HM:   BUS_LOCK_DETECT (must be cleared)
00:00:00.613097 HM:   INSTR_TIMEOUT (must be cleared)
00:00:00.613098 HM: MSR_IA32_VMX_PROCBASED_CTLS3      = 0xf
00:00:00.613098 HM:   LOADIWKEY_EXIT                    = true
00:00:00.613099 HM:   HLAT                              = true
00:00:00.613099 HM:   EPT_PAGING_WRITE                  = true
00:00:00.613100 HM:   GST_PAGING_VERIFY                 = true
00:00:00.613100 HM:   IPI_VIRT                          = false
00:00:00.613100 HM:   VIRT_SPEC_CTRL                    = false
00:00:00.613101 HM: MSR_IA32_VMX_ENTRY_CTLS           = 0x76ffff000011ff
00:00:00.613102 HM:   LOAD_DEBUG (must be set)
00:00:00.613102 HM:   IA32E_MODE_GUEST
00:00:00.613103 HM:   ENTRY_TO_SMM
00:00:00.613103 HM:   DEACTIVATE_DUAL_MON
00:00:00.613103 HM:   LOAD_PERF_MSR
00:00:00.613104 HM:   LOAD_PAT_MSR
00:00:00.613104 HM:   LOAD_EFER_MSR
00:00:00.613105 HM:   LOAD_BNDCFGS_MSR (must be cleared)
00:00:00.613105 HM:   CONCEAL_VMX_FROM_PT
00:00:00.613105 HM:   LOAD_RTIT_CTL_MSR
00:00:00.613106 HM:   LOAD_UINV (must be cleared)
00:00:00.613106 HM:   LOAD_CET_STATE
00:00:00.613106 HM:   LOAD_LBR_CTL_MSR
00:00:00.613107 HM:   LOAD_PKRS_MSR
00:00:00.613107 HM: MSR_IA32_VMX_EXIT_CTLS            = 0xf77fffff00036dff
00:00:00.613108 HM:   SAVE_DEBUG (must be set)
00:00:00.613108 HM:   HOST_ADDR_SPACE_SIZE
00:00:00.613109 HM:   LOAD_PERF_MSR
00:00:00.613109 HM:   ACK_EXT_INT
00:00:00.613109 HM:   SAVE_PAT_MSR
00:00:00.613110 HM:   LOAD_PAT_MSR
00:00:00.613110 HM:   SAVE_EFER_MSR
00:00:00.613110 HM:   LOAD_EFER_MSR
00:00:00.613110 HM:   SAVE_PREEMPT_TIMER
00:00:00.613111 HM:   CLEAR_BNDCFGS_MSR (must be cleared)
00:00:00.613111 HM:   CONCEAL_VMX_FROM_PT
00:00:00.613111 HM:   CLEAR_RTIT_CTL_MSR
00:00:00.613112 HM:   CLEAR_LBR_CTL_MSR
00:00:00.613112 HM:   CLEAR_UINV (must be cleared)
00:00:00.613112 HM:   LOAD_CET_STATE
00:00:00.613113 HM:   LOAD_PKRS_MSR
00:00:00.613113 HM:   SAVE_PERF_MSR
00:00:00.613113 HM: MSR_IA32_VMX_TRUE_PINBASED_CTLS   = 0xff00000016
00:00:00.613114 HM: MSR_IA32_VMX_TRUE_PROCBASED_CTLS  = 0xfffbfffe04006172
00:00:00.613115 HM: MSR_IA32_VMX_TRUE_ENTRY_CTLS      = 0x76ffff000011fb
00:00:00.613115 HM: MSR_IA32_VMX_TRUE_EXIT_CTLS       = 0xf77fffff00036dfb
00:00:00.613116 HM: MSR_IA32_VMX_MISC                 = 0x7004c1e7
00:00:00.613117 HM:   PREEMPT_TIMER_TSC                 = 0x7
00:00:00.613117 HM:   EXIT_SAVE_EFER_LMA                = true
00:00:00.613118 HM:   ACTIVITY_STATES                   = 0x7 ( HLT SHUTDOWN SIPI_WAIT )
00:00:00.613119 HM:   INTEL_PT                          = true
00:00:00.613119 HM:   SMM_READ_SMBASE_MSR               = true
00:00:00.613120 HM:   CR3_TARGET                        = 0x4
00:00:00.613120 HM:   MAX_MSR                           = 0x0 ( 512 )
00:00:00.613121 HM:   VMXOFF_BLOCK_SMI                  = true
00:00:00.613122 HM:   VMWRITE_ALL                       = true
00:00:00.613122 HM:   ENTRY_INJECT_SOFT_INT             = 0x1
00:00:00.613123 HM:   MSEG_ID                           = 0x0
00:00:00.613123 HM: MSR_IA32_VMX_VMCS_ENUM            = 0x2e
00:00:00.613123 HM:   HIGHEST_IDX                       = 0x17
00:00:00.613124 HM: MSR_IA32_VMX_EPT_VPID_CAP         = 0x10f0106f34141
00:00:00.613125 HM:   RWX_X_ONLY
00:00:00.613125 HM:   PAGE_WALK_LENGTH_4
00:00:00.613125 HM:   MEMTYPE_UC
00:00:00.613126 HM:   MEMTYPE_WB
00:00:00.613126 HM:   PDE_2M
00:00:00.613127 HM:   PDPTE_1G
00:00:00.613127 HM:   INVEPT
00:00:00.613128 HM:   ACCESS_DIRTY
00:00:00.613128 HM:   ADVEXITINFO_EPT_VIOLATION
00:00:00.613128 HM:   SUPER_SHW_STACK
00:00:00.613129 HM:   INVEPT_SINGLE_CONTEXT
00:00:00.613129 HM:   INVEPT_ALL_CONTEXTS
00:00:00.613129 HM:   INVVPID
00:00:00.613130 HM:   INVVPID_INDIV_ADDR
00:00:00.613130 HM:   INVVPID_SINGLE_CONTEXT
00:00:00.613131 HM:   INVVPID_ALL_CONTEXTS
00:00:00.613131 HM:   INVVPID_SINGLE_CONTEXT_RETAIN_GLOBALS
00:00:00.613131 HM: MSR_IA32_VMX_VMFUNC               = 0x1
00:00:00.613132 HM:   EPTP_SWITCHING
00:00:00.613132 HM: MSR_IA32_VMX_CR0_FIXED0           = 0x80000021
00:00:00.613132 HM: MSR_IA32_VMX_CR0_FIXED1           = 0xffffffff
00:00:00.613133 HM: MSR_IA32_VMX_CR4_FIXED0           = 0x2000
00:00:00.613133 HM: MSR_IA32_VMX_CR4_FIXED1           = 0x1ff6fff
00:00:00.613134 HM: Guest support: 32-bit and 64-bit
00:00:00.613142 HM: Supports VMCS EFER fields         = true
00:00:00.613142 HM: Enabled VMX
00:00:00.613146 HM: Enabled nested paging
00:00:00.613146 HM:   EPT flush type                  = Single context
00:00:00.613146 HM: Enabled unrestricted guest execution
00:00:00.613147 HM: Enabled VPID
00:00:00.613147 HM:   VPID flush type                 = Single context
00:00:00.613148 HM: Enabled VMX-preemption timer (cPreemptTimerShift=7)
00:00:00.613148 HM: VT-x/AMD-V init method: Local
00:00:00.613148 HM: VT-x/AMD-V enable method: VirtualBox
00:00:00.613149 EM: Exit history optimizations: enabled=true enabled-r0=true enabled-r0-no-preemption=false
00:00:00.614227 PcBios: SATA LUN#0 LCHS=1024/255/63
00:00:00.614245 APIC: fPostedIntrsEnabled=false fVirtApicRegsEnabled=false fSupportsTscDeadline=false
00:00:00.614249 TMR3UtcNow: nsNow=1 789 732 536 902 786 000 nsPrev=0 -> cNsDelta=1 789 732 536 902 786 000 (offLag=0 offVirtualSync=0 offVirtualSyncGivenUp=0, NowAgain=1 789 732 536 902 786 000)
00:00:00.614261 VMM: fUsePeriodicPreemptionTimers=false
00:00:00.614265 APIC: Enabling Hyper-V x2APIC compatibility mode
00:00:00.616544 CPUM: Logical host processors: 28 present, 28 max, 28 online, online mask: 000000000fffffff
00:00:00.617049 CPUM: Physical host cores: 20
00:00:00.617050 ************************ CPUID dump *************************
00:00:00.619471          Raw Standard CPUID Leaves
00:00:00.619471      Leaf/sub-leaf  eax      ebx      ecx      edx
00:00:00.619472 Gst: 00000000/0000  00000016 756e6547 6c65746e 49656e69
00:00:00.619474 Hst:                00000020 756e6547 6c65746e 49656e69
00:00:00.619476 Gst: 00000001/0000  000b0671 00010800 f6da320b 178bfbff
00:00:00.619477 Hst:                000b0671 28800800 7ffafbff bfebfbff
00:00:00.619478 Gst: 00000002/0000  00feff01 000000f0 00000000 00000000
00:00:00.619479 Hst:                00feff01 000000f0 00000000 00000000
00:00:00.619480 Gst: 00000003/0000  00000000 00000000 00000000 00000000
00:00:00.619481 Hst:                00000000 00000000 00000000 00000000
00:00:00.619482 Gst: 00000004/0000  00000121 02c0003f 0000003f 00000000
00:00:00.619484 Hst:                fc004121 02c0003f 0000003f 00000000
00:00:00.619484 Gst: 00000004/0001  00000122 01c0003f 0000003f 00000000
00:00:00.619485 Hst:                fc004122 01c0003f 0000003f 00000000
00:00:00.619486 Gst: 00000004/0002  00000143 03c0003f 000007ff 00000000
00:00:00.619487 Hst:                fc01c143 03c0003f 000007ff 00000000
00:00:00.619488 Gst: 00000004/0003  00000163 0280003f 0000bfff 00000004
00:00:00.619489 Hst:                fc1fc163 0280003f 0000bfff 00000004
00:00:00.619490 Gst: 00000004/0004  00000000 00000000 00000000 00000000
00:00:00.619491 Hst:                00000000 00000000 00000000 00000000
00:00:00.619492 Gst: 00000005/0000  00000040 00000040 00000000 00000000
00:00:00.619493 Hst:                00000040 00000040 00000003 10102020
00:00:00.619494 Gst: 00000006/0000  00000004 00000000 00000000 00000000
00:00:00.619494 Hst:                00dfcff7 00000002 00000401 00050003
00:00:00.619495 Gst: 00000007/0000  00000002 208c2569 00000000 30000400
00:00:00.619497 Hst:                00000002 239c27eb 98c027bc fc1cc410
00:00:00.619497 Gst: 00000007/0001  00000000 00000000 00000000 00000000
00:00:00.619498 Hst:                00400810 00000000 00000000 00040000
00:00:00.619499 Gst: 00000007/0002  00000000 00000000 00000000 00000000
00:00:00.619500 Hst:                00000000 00000000 00000000 0000009f
00:00:00.619501 Gst: 00000007/0003  00000000 00000000 00000000 00000000
00:00:00.619502 Hst:                00000000 00000000 00000000 00000000
00:00:00.619502 Gst: 00000008/0000  00000000 00000000 00000000 00000000
00:00:00.619503 Hst:                00000000 00000000 00000000 00000000
00:00:00.619504 Gst: 00000009/0000  00000000 00000000 00000000 00000000
00:00:00.619505 Hst:                00000000 00000000 00000000 00000000
00:00:00.619506 Gst: 0000000a/0000  00000000 00000000 00000000 00000000
00:00:00.619507 Hst:                07300605 00000000 00000007 00008603
00:00:00.619507 Gst: 0000000b/0000  00000000 00000001 00000100 00000000
00:00:00.619508 Hst:                00000001 00000002 00000100 00000028
00:00:00.619509 Gst: 0000000b/0001  00000001 00000001 00000201 00000000
00:00:00.619510 Hst:                00000007 0000001c 00000201 00000028
00:00:00.619511 Gst: 0000000b/0002  00000000 00000000 00000002 00000000
00:00:00.619512 Hst:                00000000 00000000 00000002 00000028
00:00:00.619513 Gst: 0000000c/0000  00000000 00000000 00000000 00000000
00:00:00.619513 Hst:                00000000 00000000 00000000 00000000
00:00:00.619514 Gst: 0000000d/0000  00000007 00000340 00000340 00000000
00:00:00.619515 Hst:                00000207 00000a88 00000a88 00000000
00:00:00.619516 Gst: 0000000d/0001  00000000 00000698 00000000 00000000
00:00:00.619517 Hst:                0000000f 00000698 00019900 00000000
00:00:00.619518 Gst: 0000000d/0002  00000100 00000240 00000000 00000000
00:00:00.619519 Hst:                00000100 00000240 00000000 00000000
00:00:00.619520 Gst: 0000000d/0003  00000000 00000000 00000000 00000000
00:00:00.619520 Hst:                00000000 00000000 00000000 00000000
00:00:00.619521 Gst: 0000000d/0004  00000000 00000000 00000000 00000000
00:00:00.619522 Hst:                00000000 00000000 00000000 00000000
00:00:00.619523 Gst: 0000000d/0005  00000000 00000000 00000000 00000000
00:00:00.619524 Hst:                00000000 00000000 00000000 00000000
00:00:00.619524 Gst: 0000000d/0006  00000000 00000000 00000000 00000000
00:00:00.619525 Hst:                00000000 00000000 00000000 00000000
00:00:00.619526 Gst: 0000000d/0007  00000000 00000000 00000000 00000000
00:00:00.619527 Hst:                00000000 00000000 00000000 00000000
00:00:00.619527 Gst: 0000000d/0008  00000000 00000000 00000000 00000000
00:00:00.619528 Hst:                00000080 00000000 00000001 00000000
00:00:00.619529 Gst: 0000000d/0009  00000000 00000000 00000000 00000000
00:00:00.619530 Hst:                00000008 00000a80 00000000 00000000
00:00:00.619531 Gst: 0000000d/000a  00000000 00000000 00000000 00000000
00:00:00.619532 Hst:                00000000 00000000 00000000 00000000
00:00:00.619532 Gst: 0000000d/000b  00000000 00000000 00000000 00000000
00:00:00.619533 Hst:                00000010 00000000 00000001 00000000
00:00:00.619534 Gst: 0000000d/000c  00000000 00000000 00000000 00000000
00:00:00.619535 Hst:                00000018 00000000 00000001 00000000
00:00:00.619535 Gst: 0000000d/000d  00000000 00000000 00000000 00000000
00:00:00.619536 Hst:                00000000 00000000 00000000 00000000
00:00:00.619537 Gst: 0000000d/000e  00000000 00000000 00000000 00000000
00:00:00.619538 Hst:                00000000 00000000 00000000 00000000
00:00:00.619539 Gst: 0000000d/000f  00000000 00000000 00000000 00000000
00:00:00.619539 Hst:                00000328 00000000 00000001 00000000
00:00:00.619540 Gst: 0000000d/0010  00000000 00000000 00000000 00000000
00:00:00.619541 Hst:                00000008 00000000 00000001 00000000
00:00:00.619542 Gst: 0000000d/0011  00000000 00000000 00000000 00000000
00:00:00.619543 Hst:                00000000 00000000 00000000 00000000
00:00:00.619544 Gst: 0000000e/0000  00000000 00000000 00000000 00000000
00:00:00.619544 Hst:                00000000 00000000 00000000 00000000
00:00:00.619545 Gst: 0000000f/0000  00000000 00000000 00000000 00000000
00:00:00.619546 Hst:                00000000 00000000 00000000 00000000
00:00:00.619547 Gst: 00000010/0000  00000000 00000000 00000000 00000000
00:00:00.619548 Hst:                00000000 00000000 00000000 00000000
00:00:00.619548 Gst: 00000011/0000  00000000 00000000 00000000 00000000
00:00:00.619549 Hst:                00000000 00000000 00000000 00000000
00:00:00.619550 Gst: 00000012/0000  00000000 00000000 00000000 00000000
00:00:00.619551 Hst:                00000000 00000000 00000000 00000000
00:00:00.619552 Gst: 00000013/0000  00000000 00000000 00000000 00000000
00:00:00.619552 Hst:                00000000 00000000 00000000 00000000
00:00:00.619553 Gst: 00000014/0000  00000000 00000000 00000000 00000000
00:00:00.619554 Hst:                00000001 0000005f 00000007 00000000
00:00:00.619555 Hst: 00000015/0000  00000002 000000b2 0249f000 00000000
00:00:00.619556 Hst: 00000016/0000  00000d48 00001644 00000064 00000000
00:00:00.619557 Hst: 00000017/0000  00000000 00000000 00000000 00000000
00:00:00.619558 Hst: 00000018/0000  00000008 00000000 00000000 00000000
00:00:00.619559 Hst: 00000019/0000  00000007 00000014 00000003 00000000
00:00:00.619560 Hst: 0000001a/0000  40000001 00000000 00000000 00000000
00:00:00.619561 Hst: 0000001b/0000  00000001 00000001 00000000 00000000
00:00:00.619562 Hst: 0000001c/0000  4000000b 00000007 00000007 00000000
00:00:00.619563 Hst: 0000001d/0000  00000000 00000000 00000000 00000000
00:00:00.619564 Hst: 0000001e/0000  00000000 00000000 00000000 00000000
00:00:00.619565 Hst: 0000001f/0000  00000001 00000002 00000100 00000028
00:00:00.619566 Hst: 00000020/0000  00000000 00000001 00000000 00000000
00:00:00.619567                                Name: GenuineIntel
00:00:00.619569                            Supports: 0x00000000-0x00000016
00:00:00.619571                              Family:  6 	Extended: 0 	Effective: 6
00:00:00.619572                               Model:  7 	Extended: 11 	Effective: 183
00:00:00.619574                            Stepping: 1
00:00:00.619575                                Type: 0 (primary)
00:00:00.619576                             APIC ID: 0x00
00:00:00.619577                        Logical CPUs: 1
00:00:00.619578                        CLFLUSH Size: 8
00:00:00.619579                            Brand ID: 0x00
00:00:00.619580 Features
00:00:00.619581   Mnemonic - Description                                  = Guest (Host)
00:00:00.619584   FPU - x87 FPU on Chip                                   = 1 (1)
00:00:00.619586   VME - Virtual 8086 Mode Enhancements                    = 1 (1)
00:00:00.619587   DE - Debugging extensions                               = 1 (1)
00:00:00.619588   PSE - Page Size Extension                               = 1 (1)
00:00:00.619590   TSC - Time Stamp Counter                                = 1 (1)
00:00:00.619591   MSR - Model Specific Registers                          = 1 (1)
00:00:00.619592   PAE - Physical Address Extension                        = 1 (1)
00:00:00.619594   MCE - Machine Check Exception                           = 1 (1)
00:00:00.619595   CX8 - CMPXCHG8B instruction                             = 1 (1)
00:00:00.619596   APIC - APIC On-Chip                                     = 1 (1)
00:00:00.619598   SEP - SYSENTER and SYSEXIT Present                      = 1 (1)
00:00:00.619599   MTRR - Memory Type Range Registers                      = 1 (1)
00:00:00.619600   PGE - PTE Global Bit                                    = 1 (1)
00:00:00.619601   MCA - Machine Check Architecture                        = 1 (1)
00:00:00.619602   CMOV - Conditional Move instructions                    = 1 (1)
00:00:00.619604   PAT - Page Attribute Table                              = 1 (1)
00:00:00.619605   PSE-36 - 36-bit Page Size Extension                     = 1 (1)
00:00:00.619606   PSN - Processor Serial Number                           = 0 (0)
00:00:00.619607   CLFSH - CLFLUSH instruction                             = 1 (1)
00:00:00.619609   DS - Debug Store                                        = 0 (1)
00:00:00.619610   ACPI - Thermal Mon. & Soft. Clock Ctrl.                 = 0 (1)
00:00:00.619611   MMX - Intel MMX Technology                              = 1 (1)
00:00:00.619613   FXSR - FXSAVE and FXRSTOR instructions                  = 1 (1)
00:00:00.619614   SSE - SSE support                                       = 1 (1)
00:00:00.619615   SSE2 - SSE2 support                                     = 1 (1)
00:00:00.619617   SS - Self Snoop                                         = 0 (1)
00:00:00.619618   HTT - Hyper-Threading Technology                        = 1 (1)
00:00:00.619619   TM - Therm. Monitor                                     = 0 (1)
00:00:00.619621   PBE - Pending Break Enabled                             = 0 (1)
00:00:00.619622   SSE3 - SSE3 support                                     = 1 (1)
00:00:00.619624   PCLMUL - PCLMULQDQ support (for AES-GCM)                = 1 (1)
00:00:00.619625   DTES64 - DS Area 64-bit Layout                          = 0 (1)
00:00:00.619626   MONITOR - MONITOR/MWAIT instructions                    = 1 (1)
00:00:00.619627   CPL-DS - CPL Qualified Debug Store                      = 0 (1)
00:00:00.619629   VMX - Virtual Machine Extensions                        = 0 (1)
00:00:00.619630   SMX - Safer Mode Extensions                             = 0 (1)
00:00:00.619631   EST - Enhanced SpeedStep Technology                     = 0 (1)
00:00:00.619632   TM2 - Terminal Monitor 2                                = 0 (1)
00:00:00.619633   SSSE3 - Supplemental Streaming SIMD Extensions 3        = 1 (1)
00:00:00.619635   CNTX-ID - L1 Context ID                                 = 0 (0)
00:00:00.619636   SDBG - Silicon Debug interface                          = 0 (1)
00:00:00.619637   FMA - Fused Multiply Add extensions                     = 1 (1)
00:00:00.619638   CX16 - CMPXCHG16B instruction                           = 1 (1)
00:00:00.619639   TPRUPDATE - xTPR Update Control                         = 0 (1)
00:00:00.619641   PDCM - Perf/Debug Capability MSR                        = 0 (1)
00:00:00.619642   PCID - Process Context Identifiers                      = 1 (1)
00:00:00.619643   DCA - Direct Cache Access                               = 0 (0)
00:00:00.619645   SSE4_1 - SSE4_1 support                                 = 1 (1)
00:00:00.619646   SSE4_2 - SSE4_2 support                                 = 1 (1)
00:00:00.619647   X2APIC - x2APIC support                                 = 0 (1)
00:00:00.619649   MOVBE - MOVBE instruction                               = 1 (1)
00:00:00.619650   POPCNT - POPCNT instruction                             = 1 (1)
00:00:00.619651   TSCDEADL - Time Stamp Counter Deadline                  = 0 (1)
00:00:00.619652   AES - AES instructions                                  = 1 (1)
00:00:00.619654   XSAVE - XSAVE instruction                               = 1 (1)
00:00:00.619655   OSXSAVE - OSXSAVE instruction                           = 0 (1)
00:00:00.619656   AVX - AVX support                                       = 1 (1)
00:00:00.619658   F16C - 16-bit floating point conversion instructions    = 1 (1)
00:00:00.619658   RDRAND - RDRAND instruction                             = 1 (1)
00:00:00.619660   HVP - Hypervisor Present (we're a guest)                = 1 (0)
00:00:00.619661 Structured Extended Feature Flags Enumeration (leaf 7):
00:00:00.619662 Sub-leaf 0
00:00:00.619662   Mnemonic - Description                                  = Guest (Host)
00:00:00.619664   FSGSBASE - RDFSBASE/RDGSBASE/WRFSBASE/WRGSBASE instr.   = 1 (1)
00:00:00.619665   TSCADJUST - Supports MSR_IA32_TSC_ADJUST                = 0 (1)
00:00:00.619666   SGX - Supports Software Guard Extensions                = 0 (0)
00:00:00.619667   BMI1 - Advanced Bit Manipulation extension 1            = 1 (1)
00:00:00.619668   HLE - Hardware Lock Elision                             = 0 (0)
00:00:00.619669   AVX2 - Advanced Vector Extensions 2                     = 1 (1)
00:00:00.619670   FDP_EXCPTN_ONLY - FPU DP only updated on exceptions     = 1 (1)
00:00:00.619671   SMEP - Supervisor Mode Execution Prevention             = 0 (1)
00:00:00.619672   BMI2 - Advanced Bit Manipulation extension 2            = 1 (1)
00:00:00.619673   ERMS - Enhanced REP MOVSB/STOSB instructions            = 0 (1)
00:00:00.619674   INVPCID - INVPCID instruction                           = 1 (1)
00:00:00.619675   RTM - Restricted Transactional Memory                   = 0 (0)
00:00:00.619676   PQM - Platform Quality of Service Monitoring            = 0 (0)
00:00:00.619677   DEPFPU_CS_DS - Deprecates FPU CS, FPU DS values if set  = 1 (1)
00:00:00.619678   MPE - Intel Memory Protection Extensions                = 0 (0)
00:00:00.619679   PQE - Platform Quality of Service Enforcement           = 0 (0)
00:00:00.619680   AVX512F - AVX512 Foundation instructions                = 0 (0)
00:00:00.619681   AVX512DQ - Supports the AVX512DQ instructions           = 0 (0)
00:00:00.619682   RDSEED - RDSEED instruction                             = 1 (1)
00:00:00.619684   ADX - ADCX/ADOX instructions                            = 1 (1)
00:00:00.619685   SMAP - Supervisor Mode Access Prevention                = 0 (1)
00:00:00.619686   AVX512_IFMA - Supports the AVX512_IFMA instructions     = 0 (0)
00:00:00.619687   CLFLUSHOPT - CLFLUSHOPT (Cache Line Flush) instruction  = 1 (1)
00:00:00.619688   CLWB - CLWB instruction                                 = 0 (1)
00:00:00.619689   INTEL_PT - Intel Processor Trace                        = 0 (1)
00:00:00.619691   AVX512PF - AVX512 Prefetch instructions                 = 0 (0)
00:00:00.619692   AVX512ER - AVX512 Exponential & Reciprocal instructions = 0 (0)
00:00:00.619692   AVX512CD - AVX512 Conflict Detection instructions       = 0 (0)
00:00:00.619693   SHA - Secure Hash Algorithm extensions                  = 1 (1)
00:00:00.619694   AVX512BW - Supports the AVX512BW instructions           = 0 (0)
00:00:00.619695   AVX512VL - Supports the AVX512VL instructions           = 0 (0)
00:00:00.619697   PREFETCHWT1 - PREFETCHWT1 instruction                   = 0 (0)
00:00:00.619698   AVX512_VBMI - Supports the AVX512_VBMI instructions     = 0 (0)
00:00:00.619699   UMIP - User mode insturction prevention                 = 0 (1)
00:00:00.619700   PKU - Protection Key for Usermode pages                 = 0 (1)
00:00:00.619701   OSPKE - CR4.PKU mirror                                  = 0 (1)
00:00:00.619702   WAITPKG - TPAUSE, UMONITOR & UMWAIT support             = 0 (1)
00:00:00.619703   AVX512_VBMI2 - Supports the AVX512_VBMI2 instructions   = 0 (0)
00:00:00.619704   CET_SS - CET shadow stack support                       = 0 (1)
00:00:00.619705   GFNI - Supports the GFNI instruction set                = 0 (1)
00:00:00.619706   VAES - Supports the VEX encoded AES instruction set     = 0 (1)
00:00:00.619707   VPCLMULQDQ - Supports the VPCLMULQDQ instruction        = 0 (1)
00:00:00.619708   AVX512_VNNI - Supports the AVX512_VNNI instructions     = 0 (0)
00:00:00.619709   AVX512_BITALG - Supports the AVX512_BITALG instructions = 0 (0)
00:00:00.619709   TME_EN - Supports 4 IA32_TME_ MSRs                      = 0 (1)
00:00:00.619711   AVX512_VPOPCNTDQ - Supports the AVX512_VPOPCNTDQ instructions = 0 (0)
00:00:00.619712   LA57 - 57-bit linear addresses                          = 0 (0)
00:00:00.619713   MAWAU - Value used by BNDLDX & BNDSTX                   = 0x0 (0x0)
00:00:00.619714   RDPID - Read processor ID support                       = 0 (1)
00:00:00.619716   KEY_LOCKER - Supports Key Locker                        = 0 (1)
00:00:00.619717   BUS_LOCK_DETECT - Supports OS bus-lock detection        = 0 (0)
00:00:00.619718   CLDEMOTE - Supports cache line demote                   = 0 (0)
00:00:00.619719   MOVDIRI - Supports the MOVDIRI instruction              = 0 (1)
00:00:00.619720   MOVDIRI64B - Supports the MOVDIRI64B instruction        = 0 (1)
00:00:00.619721   ENQCMD - Supports the Eqnqueue Stores                   = 0 (0)
00:00:00.619722   SGX_LC - Supports SGX Launch Configuration              = 0 (0)
00:00:00.619723   PKS - Supports protection keys for supervisor pages     = 0 (1)
00:00:00.619724   SGX_KEYS - Supports Attestation Service for Intel SGX   = 0 (0)
00:00:00.619725   AVX512_4VNNIW - Supports the AVX512_4VNNIW instructions = 0 (0)
00:00:00.619726   AVX512_4FMAPS - Supports the AVX512_4FMAPS instructions = 0 (0)
00:00:00.619727   FAST_SHORT_REP_MOVSB - Supports fast short REP MOVSB    = 0 (1)
00:00:00.619727   UINTR - Supports user interrupts                        = 0 (0)
00:00:00.619729   AVX512_VP2INTERSECT - Supports the AVX512_VP2INTERSECT instr. = 0 (0)
00:00:00.619730   MCU_OPT_CTRL - Supports IA32_MCU_OPT_CTRL               = 0 (0)
00:00:00.619731   MD_CLEAR - Supports MDS related buffer clearing         = 1 (1)
00:00:00.619731   RTM_ALWAYS_ABORT - XBEGIN always aborts and does fallback = 0 (0)
00:00:00.619732   RTM_FORCE_ABORT - Supports IA32_TSX_FORCE_ABORT         = 0 (0)
00:00:00.619733   SERIALIZE - Supports the SERIALIZE instruction          = 0 (1)
00:00:00.619734   HYBRID - Identifiers the CPU as a hybrid part           = 0 (1)
00:00:00.619735   TSXLDTRK - Supports susp/resume of TSX ld addr tracking = 0 (0)
00:00:00.619736   PCONFIG - Supports the PCONFIG instruction              = 0 (1)
00:00:00.619737   ARCH_LBRS - Supports architectural LBRs                 = 0 (1)
00:00:00.619738   CET_IBT - Supports indirect branch tracking w/ CET      = 0 (1)
00:00:00.619739   AMX_BF16 - Supports tile comp. ops on bfloat16 number   = 0 (0)
00:00:00.619740   AVX512_FP16 - Supports the FP16 data type with AVX512   = 0 (0)
00:00:00.619740   AMX_TILE - Supports the tile architecture               = 0 (0)
00:00:00.619741   AMX_INT8 - Supports tile comp. ops on 8-bit integers    = 0 (0)
00:00:00.619742   IBRS_IBPB - IA32_SPEC_CTRL.IBRS and IA32_PRED_CMD.IBPB  = 0 (1)
00:00:00.619743   STIBP - Supports IA32_SPEC_CTRL.STIBP                   = 0 (1)
00:00:00.619744   FLUSH_CMD - Supports IA32_FLUSH_CMD                     = 1 (1)
00:00:00.619745   ARCHCAP - Supports IA32_ARCH_CAP                        = 1 (1)
00:00:00.619746   CORECAP - Supports IA32_CORE_CAP                        = 0 (1)
00:00:00.619748   SSBD - Supports IA32_SPEC_CTRL.SSBD                     = 0 (1)
00:00:00.619749  Sub-leaf 2
00:00:00.619749   Mnemonic - Description                                  = Guest (Host)
00:00:00.619751   PSFD - Supports IA32_SPEC_CTRL[7] (PSFD)                = 0 (1)
00:00:00.619752   IPRED_CTRL - Supports IA32_SPEC_CTRL[4:3] (IPRED_DIS)   = 0 (1)
00:00:00.619753   RRSBA_CTRL - Supports IA32_SPEC_CTRL[6:5] (RRSBA_DIS)   = 0 (1)
00:00:00.619753   DDPD_U - Supports IA32_SPEC_CTRL[8] (DDPD_U)            = 0 (1)
00:00:00.619754   BHI_CTRL - Supports IA32_SPEC_CTRL[10] (BHI_DIS_S)      = 0 (1)
00:00:00.619755   MCDT_NO - No MXCSR Config Dependent Timing issues       = 0 (0)
00:00:00.619756   UC_LOCK_DIS - Supports UC-lock disable and causing #AC  = 0 (0)
00:00:00.619757   MONITOR_MITG_NO - No MONITOR/UMONITOR power issues      = 0 (1)
00:00:00.619758 Processor Extended State Enumeration (leaf 0xd):
00:00:00.619759    XSAVE area cur/max size by XCR0, Guest: 0x340/0x340
00:00:00.619760    XSAVE area cur/max size by XCR0,  Host: 0xa88/0xa88
00:00:00.619762                    Valid XCR0 bits, Guest: 0x00000000`00000007 ( x87 SSE YMM_Hi128 )
00:00:00.619765                    Valid XCR0 bits,  Host: 0x00000000`00000207 ( x87 SSE YMM_Hi128 9 )
00:00:00.619767                     XSAVE features, Guest
00:00:00.619769                     XSAVE features,  Host XSAVEOPT XSAVEC XGETBC1 XSAVES
00:00:00.619771       XSAVE area cur size XCR0|XSS, Guest: 0x698
00:00:00.619772       XSAVE area cur size XCR0|XSS,  Host: 0x698
00:00:00.619773                Valid IA32_XSS bits, Guest: 0x00000000`00000000
00:00:00.619774                Valid IA32_XSS bits,  Host: 0x00019900`00000000 ( 40 43 44 47 48 )
00:00:00.619777   State #2, Guest: off=0x0240, cb=0x0100 IA32_XSS-bit -- YMM_Hi128
00:00:00.619779   State #2,  Host:  off=0x0240, cb=0x0100 IA32_XSS-bit -- YMM_Hi128
00:00:00.619782   State #8,  Host:  off=0x0000, cb=0x0080 XCR0-bit -- 8
00:00:00.619783   State #9,  Host:  off=0x0a80, cb=0x0008 IA32_XSS-bit -- 9
00:00:00.619785   State #11,  Host:  off=0x0000, cb=0x0010 XCR0-bit -- 11
00:00:00.619787   State #12,  Host:  off=0x0000, cb=0x0018 XCR0-bit -- 12
00:00:00.619788   State #15,  Host:  off=0x0000, cb=0x0328 XCR0-bit -- 15
00:00:00.619789   State #16,  Host:  off=0x0000, cb=0x0008 XCR0-bit -- 16
00:00:00.619798          Raw Hypervisor CPUID Leaves
00:00:00.619798      Leaf/sub-leaf  eax      ebx      ecx      edx
00:00:00.619799 Gst: 40000000/0000  40000006 786f4256 786f4256 786f4256
00:00:00.619800 Gst: 40000001/0000  31237648 00000000 00000000 00000000
00:00:00.619801 Gst: 40000002/0000  00000000 00000000 00000000 00000000
00:00:00.619802 Gst: 40000003/0000  00000af2 00100000 00000000 00000500
00:00:00.619803 Gst: 40000004/0000  00000130 ffffffff 00000000 00000000
00:00:00.619804 Gst: 40000005/0000  00000000 00000000 00000000 00000000
00:00:00.619805 Gst: 40000006/0000  0000000a 00000000 00000000 00000000
00:00:00.619806          Raw Extended CPUID Leaves
00:00:00.619806      Leaf/sub-leaf  eax      ebx      ecx      edx
00:00:00.619807 Gst: 80000000/0000  80000008 00000000 00000000 00000000
00:00:00.619808 Hst:                80000008 00000000 00000000 00000000
00:00:00.619809 Gst: 80000001/0000  00000000 00000000 00000121 28100800
00:00:00.619810 Hst:                00000000 00000000 00000121 2c100800
00:00:00.619811 Gst: 80000002/0000  65746e49 2952286c 726f4320 4d542865
00:00:00.619812 Hst:                65746e49 2952286c 726f4320 4d542865
00:00:00.619813 Gst: 80000003/0000  37692029 3734312d 004b3030 00000000
00:00:00.619814 Hst:                37692029 3734312d 004b3030 00000000
00:00:00.619815 Gst: 80000004/0000  00000000 00000000 00000000 00000000
00:00:00.619816 Hst:                00000000 00000000 00000000 00000000
00:00:00.619816 Gst: 80000005/0000  00000000 00000000 00000000 00000000
00:00:00.619817 Hst:                00000000 00000000 00000000 00000000
00:00:00.619818 Gst: 80000006/0000  00000000 00000000 08007040 00000000
00:00:00.619819 Hst:                00000000 00000000 08007040 00000000
00:00:00.619820 Gst: 80000007/0000  00000000 00000000 00000000 00000100
00:00:00.619821 Hst:                00000000 00000000 00000000 00000100
00:00:00.619821 Gst: 80000008/0000  0000302e 00000000 00000000 00000000
00:00:00.619822 Hst:                0000302e 00000000 00000000 00000000
00:00:00.619823 Ext Name:                        
00:00:00.619824 Ext Supports:                    0x80000000-0x80000008
00:00:00.619825 Family:                          0  	Extended: 0 	Effective: 0
00:00:00.619826 Model:                           0  	Extended: 0 	Effective: 0
00:00:00.619826 Stepping:                        0
00:00:00.619827 Brand ID:                        0x000
00:00:00.619828 Ext Features
00:00:00.619828   Mnemonic - Description                                  = Guest (Host)
00:00:00.619830   FPU - x87 FPU on Chip                                   = 0 (0)
00:00:00.619831   VME - Virtual 8086 Mode Enhancements                    = 0 (0)
00:00:00.619832   DE - Debugging extensions                               = 0 (0)
00:00:00.619834   PSE - Page Size Extension                               = 0 (0)
00:00:00.619835   TSC - Time Stamp Counter                                = 0 (0)
00:00:00.619836   MSR - K86 Model Specific Registers                      = 0 (0)
00:00:00.619838   PAE - Physical Address Extension                        = 0 (0)
00:00:00.619839   MCE - Machine Check Exception                           = 0 (0)
00:00:00.619840   CX8 - CMPXCHG8B instruction                             = 0 (0)
00:00:00.619841   APIC - APIC On-Chip                                     = 0 (0)
00:00:00.619843   SEP - SYSCALL/SYSRET                                    = 1 (1)
00:00:00.619844   MTRR - Memory Type Range Registers                      = 0 (0)
00:00:00.619845   PGE - PTE Global Bit                                    = 0 (0)
00:00:00.619846   MCA - Machine Check Architecture                        = 0 (0)
00:00:00.619848   CMOV - Conditional Move instructions                    = 0 (0)
00:00:00.619849   PAT - Page Attribute Table                              = 0 (0)
00:00:00.619850   PSE-36 - 36-bit Page Size Extension                     = 0 (0)
00:00:00.619851   NX - No-Execute/Execute-Disable                         = 1 (1)
00:00:00.619852   AXMMX - AMD Extensions to MMX instructions              = 0 (0)
00:00:00.619853   MMX - Intel MMX Technology                              = 0 (0)
00:00:00.619855   FXSR - FXSAVE and FXRSTOR Instructions                  = 0 (0)
00:00:00.619856   FFXSR - AMD fast FXSAVE and FXRSTOR instructions        = 0 (0)
00:00:00.619857   Page1GB - 1 GB large page                               = 0 (1)
00:00:00.619858   RDTSCP - RDTSCP instruction                             = 1 (1)
00:00:00.619859   LM - AMD64 Long Mode                                    = 1 (1)
00:00:00.619861   3DNOWEXT - AMD Extensions to 3DNow                      = 0 (0)
00:00:00.619862   3DNOW - AMD 3DNow                                       = 0 (0)
00:00:00.619864   LahfSahf - LAHF/SAHF support in 64-bit mode             = 1 (1)
00:00:00.619865   CmpLegacy - Core multi-processing legacy mode           = 0 (0)
00:00:00.619866   SVM - AMD Secure Virtual Machine extensions             = 0 (0)
00:00:00.619867   EXTAPIC - AMD Extended APIC registers                   = 0 (0)
00:00:00.619868   CR8L - AMD LOCK MOV CR0 means MOV CR8                   = 0 (0)
00:00:00.619869   ABM - AMD Advanced Bit Manipulation                     = 1 (1)
00:00:00.619870   SSE4A - SSE4A instructions                              = 0 (0)
00:00:00.619871   MISALIGNSSE - AMD Misaligned SSE mode                   = 0 (0)
00:00:00.619873   3DNOWPRF - AMD PREFETCH and PREFETCHW instructions      = 1 (1)
00:00:00.619873   OSVW - AMD OS Visible Workaround                        = 0 (0)
00:00:00.619875   IBS - Instruct Based Sampling                           = 0 (0)
00:00:00.619876   XOP - Extended Operation support                        = 0 (0)
00:00:00.619877   SKINIT - SKINIT, STGI, and DEV support                  = 0 (0)
00:00:00.619878   WDT - AMD Watchdog Timer support                        = 0 (0)
00:00:00.619879   LWP - Lightweight Profiling support                     = 0 (0)
00:00:00.619880   FMA4 - Four operand FMA instruction support             = 0 (0)
00:00:00.619881   TCE - Translation Cache Extension support               = 0 (0)
00:00:00.619882   NodeId - NodeId in MSR C001_100C                        = 0 (0)
00:00:00.619883   TBM - Trailing Bit Manipulation instructions            = 0 (0)
00:00:00.619884   TOPOEXT - Topology Extensions                           = 0 (0)
00:00:00.619886   PRFEXTCORE - Performance Counter Extensions support     = 0 (0)
00:00:00.619887   PRFEXTNB - NB Performance Counter Extensions support    = 0 (0)
00:00:00.619887   DATABPEXT - Data-access Breakpoint Extension            = 0 (0)
00:00:00.619888   PERFTSC - Performance Time Stamp Counter                = 0 (0)
00:00:00.619889   PCX_L2I - L2I/L3 Performance Counter Extensions         = 0 (0)
00:00:00.619890   MONITORX - MWAITX and MONITORX instructions             = 0 (0)
00:00:00.619891   AddrMaskExt - BP Addressing masking extended to bit 31  = 0 (0)
00:00:00.619892 Full Name:                       "Intel(R) Core(TM) i7-14700K"
00:00:00.619893 TLB 2/4M Instr/Uni:              res0     0 entries
00:00:00.619894 TLB 2/4M Data:                   res0     0 entries
00:00:00.619895 TLB 4K Instr/Uni:                res0     0 entries
00:00:00.619895 TLB 4K Data:                     res0     0 entries
00:00:00.619896 L1 Instr Cache Line Size:        0 bytes
00:00:00.619896 L1 Instr Cache Lines Per Tag:    0
00:00:00.619896 L1 Instr Cache Associativity:    res0  
00:00:00.619897 L1 Instr Cache Size:             0 KB
00:00:00.619897 L1 Data Cache Line Size:         0 bytes
00:00:00.619898 L1 Data Cache Lines Per Tag:     0
00:00:00.619898 L1 Data Cache Associativity:     res0  
00:00:00.619898 L1 Data Cache Size:              0 KB
00:00:00.619899 L2 TLB 2/4M Instr/Uni:           off       0 entries
00:00:00.619900 L2 TLB 2/4M Data:                off       0 entries
00:00:00.619900 L2 TLB 4K Instr/Uni:             off       0 entries
00:00:00.619901 L2 TLB 4K Data:                  off       0 entries
00:00:00.619901 L2 Cache Line Size:              64 bytes
00:00:00.619902 L2 Cache Lines Per Tag:          0
00:00:00.619902 L2 Cache Associativity:          res7  
00:00:00.619902 L2 Cache Size:                   2048 KB
00:00:00.619903 L3 Cache Line Size:              0 bytes
00:00:00.619903 L3 Cache Lines Per Tag:          0
00:00:00.619903 L3 Cache Associativity:          off   
00:00:00.619904 L3 Cache Size:                   0 KB
00:00:00.619905 APM Features EDX
00:00:00.619905   Mnemonic - Description                                  = Guest (Host)
00:00:00.619907   TS - Temperature Sensor                                 = 0 (0)
00:00:00.619908   FID - Frequency ID control                              = 0 (0)
00:00:00.619910   VID - Voltage ID control                                = 0 (0)
00:00:00.619911   TTP - Thermal Trip                                      = 0 (0)
00:00:00.619912   TM - Hardware Thermal Control (HTC)                     = 0 (0)
00:00:00.619913   100MHzSteps - 100 MHz Multiplier control                = 0 (0)
00:00:00.619914   HwPstate - Hardware P-state control                     = 0 (0)
00:00:00.619916   TscInvariant - Invariant Time Stamp Counter             = 1 (1)
00:00:00.619917   CPB - Core Performance Boost                            = 0 (0)
00:00:00.619918   EffFreqRO - Read-only Effective Frequency Interface     = 0 (0)
00:00:00.619919   ProcFdbkIf - Processor Feedback Interface               = 0 (0)
00:00:00.619920   ProcPwrRep - Core power reporting interface support     = 0 (0)
00:00:00.619920   ConnectedStandby - Connected Standby                    = 0 (0)
00:00:00.619922   RAPL - Running average power limit                      = 0 (0)
00:00:00.619923 Physical Address Width:          46 bits
00:00:00.619923 Virtual Address Width:           48 bits
00:00:00.619924 Max page count for INVLPGB:      0x302e
00:00:00.619925 Max ECX for RDPRU:               0x0
00:00:00.619926 ********************* End of CPUID dump *********************
00:00:00.619927 *********************** VT-x features ***********************
00:00:00.619929 Nested hardware virtualization - VMX features
00:00:00.619929   Mnemonic - Description                                  = guest (host)
00:00:00.619930   VMX - Virtual-Machine Extensions                        = 0 (1)
00:00:00.619930   InsOutInfo - INS/OUTS instruction info.                 = 0 (1)
00:00:00.619931   ExtIntExit - External interrupt exiting                 = 0 (1)
00:00:00.619932   NmiExit - NMI exiting                                   = 0 (1)
00:00:00.619932   VirtNmi - Virtual NMIs                                  = 0 (1)
00:00:00.619933   PreemptTimer - VMX preemption timer                     = 0 (1)
00:00:00.619934   PostedInt - Posted interrupts                           = 0 (1)
00:00:00.619934   IntWindowExit - Interrupt-window exiting                = 0 (1)
00:00:00.619935   TscOffsetting - TSC offsetting                          = 0 (1)
00:00:00.619935   HltExit - HLT exiting                                   = 0 (1)
00:00:00.619936   InvlpgExit - INVLPG exiting                             = 0 (1)
00:00:00.619937   MwaitExit - MWAIT exiting                               = 0 (1)
00:00:00.619937   RdpmcExit - RDPMC exiting                               = 0 (1)
00:00:00.619938   RdtscExit - RDTSC exiting                               = 0 (1)
00:00:00.619938   Cr3LoadExit - CR3-load exiting                          = 0 (1)
00:00:00.619939   Cr3StoreExit - CR3-store exiting                        = 0 (1)
00:00:00.619940   TertiaryExecCtls - Activate tertiary controls           = 0 (1)
00:00:00.619940   Cr8LoadExit  - CR8-load exiting                         = 0 (1)
00:00:00.619941   Cr8StoreExit - CR8-store exiting                        = 0 (1)
00:00:00.619941   UseTprShadow - Use TPR shadow                           = 0 (1)
00:00:00.619942   NmiWindowExit - NMI-window exiting                      = 0 (1)
00:00:00.619943   MovDRxExit - Mov-DR exiting                             = 0 (1)
00:00:00.619943   UncondIoExit - Unconditional I/O exiting                = 0 (1)
00:00:00.619944   UseIoBitmaps - Use I/O bitmaps                          = 0 (1)
00:00:00.619945   MonitorTrapFlag - Monitor Trap Flag                     = 0 (1)
00:00:00.619945   UseMsrBitmaps - MSR bitmaps                             = 0 (1)
00:00:00.619946   MonitorExit - MONITOR exiting                           = 0 (1)
00:00:00.619946   PauseExit - PAUSE exiting                               = 0 (1)
00:00:00.619947   SecondaryExecCtl - Activate secondary controls          = 0 (1)
00:00:00.619947   VirtApic - Virtualize-APIC accesses                     = 0 (1)
00:00:00.619948   Ept - Extended Page Tables                              = 0 (1)
00:00:00.619949   DescTableExit - Descriptor-table exiting                = 0 (1)
00:00:00.619949   Rdtscp - Enable RDTSCP                                  = 0 (1)
00:00:00.619950   VirtX2ApicMode - Virtualize-x2APIC mode                 = 0 (1)
00:00:00.619950   Vpid - Enable VPID                                      = 0 (1)
00:00:00.619951   WbinvdExit - WBINVD exiting                             = 0 (1)
00:00:00.619951   UnrestrictedGuest - Unrestricted guest                  = 0 (1)
00:00:00.619952   ApicRegVirt - APIC-register virtualization              = 0 (1)
00:00:00.619953   VirtIntDelivery - Virtual-interrupt delivery            = 0 (1)
00:00:00.619953   PauseLoopExit - PAUSE-loop exiting                      = 0 (1)
00:00:00.619954   RdrandExit - RDRAND exiting                             = 0 (1)
00:00:00.619955   Invpcid - Enable INVPCID                                = 0 (1)
00:00:00.619955   VmFuncs - Enable VM Functions                           = 0 (1)
00:00:00.619956   VmcsShadowing - VMCS shadowing                          = 0 (1)
00:00:00.619956   RdseedExiting - RDSEED exiting                          = 0 (1)
00:00:00.619957   PML - Page-Modification Log                             = 0 (0)
00:00:00.619958   EptVe - EPT violations can cause #VE                    = 0 (1)
00:00:00.619958   ConcealVmxFromPt - Conceal VMX from Processor Trace     = 0 (1)
00:00:00.619959   XsavesXRstors - Enable XSAVES/XRSTORS                   = 0 (1)
00:00:00.619959   PasidTranslate - PASID translation                      = 0 (0)
00:00:00.619960   ModeBasedExecuteEpt - Mode-based execute permissions    = 0 (1)
00:00:00.619960   SppEpt - Sub-page page write permissions for EPT        = 0 (0)
00:00:00.619961   PtEpt - Processor Trace address' translatable by EPT    = 0 (1)
00:00:00.619962   UseTscScaling - Use TSC scaling                         = 0 (1)
00:00:00.619962   UserWaitPause - Enable TPAUSE, UMONITOR and UMWAIT      = 0 (1)
00:00:00.619963   Pconfig - Enable PCONFIG                                = 0 (1)
00:00:00.619963   EnclvExit - ENCLV exiting                               = 0 (0)
00:00:00.619964   BusLockDetect - VMM Bus-Lock detection                  = 0 (0)
00:00:00.619965   InstrTimeout - Instruction timeout                      = 0 (0)
00:00:00.619965   LoadIwKeyExit - LOADIWKEY exiting                       = 0 (1)
00:00:00.619966   HLAT - Hypervisor-managed linear-address translation    = 0 (1)
00:00:00.619966   EptPagingWrite - EPT paging-write                       = 0 (1)
00:00:00.619967   GstPagingVerify - Guest-paging verification             = 0 (1)
00:00:00.619967   IpiVirt - IPI virtualization                            = 0 (0)
00:00:00.619968   VirtSpecCtrl - Virtualize IA32_SPEC_CTRL                = 0 (0)
00:00:00.619969   EntryLoadDebugCtls - Load debug controls on VM-entry    = 0 (1)
00:00:00.619969   Ia32eModeGuest - IA-32e mode guest                      = 0 (1)
00:00:00.619970   EntryLoadEferMsr - Load IA32_EFER MSR on VM-entry       = 0 (1)
00:00:00.619970   EntryLoadPatMsr - Load IA32_PAT MSR on VM-entry         = 0 (1)
00:00:00.619971   ExitSaveDebugCtls - Save debug controls on VM-exit      = 0 (1)
00:00:00.619971   HostAddrSpaceSize - Host address-space size             = 0 (1)
00:00:00.619972   ExitAckExtInt - Acknowledge interrupt on VM-exit        = 0 (1)
00:00:00.619973   ExitSavePatMsr - Save IA32_PAT MSR on VM-exit           = 0 (1)
00:00:00.619973   ExitLoadPatMsr - Load IA32_PAT MSR on VM-exit           = 0 (1)
00:00:00.619974   ExitSaveEferMsr - Save IA32_EFER MSR on VM-exit         = 0 (1)
00:00:00.619974   ExitLoadEferMsr - Load IA32_EFER MSR on VM-exit         = 0 (1)
00:00:00.619975   SavePreemptTimer - Save VMX-preemption timer            = 0 (1)
00:00:00.619975   SecondaryExitCtls - Secondary VM-exit controls          = 0 (1)
00:00:00.619976   ExitSaveEferLma - Save IA32_EFER.LMA on VM-exit         = 0 (1)
00:00:00.619977   IntelPt - Intel Processor Trace in VMX operation        = 0 (1)
00:00:00.619977   VmwriteAll - VMWRITE to any supported VMCS field        = 0 (1)
00:00:00.619978   EntryInjectSoftInt - Inject softint. with 0-len instr.  = 0 (1)
00:00:00.619978 
00:00:00.619979 ******************* End of VT-x features ********************
00:00:00.620072 VMEmt: Halt method global1 (5)
00:00:00.620126 VMEmt: HaltedGlobal1 config: cNsSpinBlockThresholdCfg=2000
00:00:00.620129 Changing the VM state from 'CREATING' to 'CREATED'
00:00:00.625525 NAT: DNS settings changed, triggering update
00:00:00.625552 Nameserver is either on 127/8 network or failed to obtain from host. Falling back to libslirp DNS proxy.
00:00:00.625555 fallback virtual nameserver: 50462730Changing the VM state from 'CREATED' to 'POWERING_ON'
00:00:00.626888 AIOMgr: Endpoints without assigned bandwidth groups:
00:00:00.626892 AIOMgr:     /home/tsukuyomi/Downloads/ISOs/26100.32230.260111-0550.lt_release_svc_refresh_SERVER_EVAL_x64FRE_en-us.iso
00:00:00.626895 AIOMgr:     /home/tsukuyomi/Documents/School/Uppgift-labbmiljö/Uppgift Labbmiljö Win/Uppgift Labbmiljö Win.vdi
00:00:00.627194 Changing the VM state from 'POWERING_ON' to 'RUNNING'
00:00:00.627201 Console: Machine state changed to 'Running'
00:00:00.628603 VMMDev: Guest Log: BIOS: VirtualBox 7.2.6
00:00:00.628701 PCI: Setting up resources and interrupts
00:00:00.631734 PIT: mode=2 count=0x10000 (65536) - 18.20 Hz (ch=0)
00:00:00.649171 Display::i_handleDisplayResize: uScreenId=0 pvVRAM=0000000000000000 w=720 h=400 bpp=0 cbLine=0x0 flags=0x0 origin=0,0
00:00:00.649735 VMMDev: Guest Log: CPUID EDX: 0x178bfbff
00:00:00.650029 VMMDev: Guest Log: BIOS: No PCI IDE controller, not probing IDE
00:00:00.650184 AHCI#0: Reset the HBA
00:00:00.650186 VD#0: Cancelling all active requests
00:00:00.650208 AHCI#0: Port 0 reset
00:00:00.650229 VD#0: Cancelling all active requests
00:00:00.650617 VMMDev: Guest Log: BIOS: AHCI 0-P#0: PCHS=16383/16/63 LCHS=1024/255/63 0x0000000006400000 sectors
00:00:00.650646 AHCI#0: Port 1 reset
00:00:00.652619 PIT: mode=2 count=0x48d3 (18643) - 64.00 Hz (ch=0)
00:00:00.656670 GUI: UIMachineLogicNormal::sltCheckForRequestedVisualStateType: Requested-state=1, Machine-state=6
00:00:00.670000 Display::i_handleDisplayResize: uScreenId=0 pvVRAM=0000730080000000 w=640 h=480 bpp=32 cbLine=0xA00 flags=0x0 origin=0,0
00:00:01.277131 GUI: UIMediumEnumerator: Medium-enumeration finished!
00:00:03.137114 Display::i_handleDisplayResize: uScreenId=0 pvVRAM=0000000000000000 w=720 h=400 bpp=0 cbLine=0x0 flags=0x0 origin=0,0
00:00:03.139267 PIT: mode=2 count=0x10000 (65536) - 18.20 Hz (ch=0)
00:00:03.139813 VMMDev: Guest Log: BIOS: Boot : bseqnr=1, bootseq=0231
00:00:03.140146 VMMDev: Guest Log: BIOS: Boot from Floppy 0 failed
00:00:03.140533 VMMDev: Guest Log: BIOS: Boot : bseqnr=2, bootseq=0023
00:00:03.148059 VMMDev: Guest Log: BIOS: Booting from CD-ROM...
00:00:03.359757 Display::i_handleDisplayResize: uScreenId=0 pvVRAM=0000730080000000 w=1024 h=768 bpp=24 cbLine=0xC00 flags=0x0 origin=0,0
00:00:03.658310 GUI: UIMediumEnumerator: Medium-enumeration finished!
00:00:04.392307 GIM: HyperV: Guest OS reported ID 0x1040a0000271b
00:00:04.392322 GIM: HyperV: Open-source=false Vendor=0x1 OS=0x4 (Windows NT or derivative) Major=10 Minor=0 ServicePack=0 Build=10011
00:00:04.392339 GIM: HyperV: Enabled hypercall page at 0x00000000002e3000
00:00:05.049050 GIM: HyperV: Guest OS reported ID 0x1040a0000271b
00:00:05.049064 GIM: HyperV: Open-source=false Vendor=0x1 OS=0x4 (Windows NT or derivative) Major=10 Minor=0 ServicePack=0 Build=10011
00:00:05.051013 GIM: HyperV: Queried extended hypercall capabilities 0x1 at 0x0000000000007000
00:00:05.051126 GIM: HyperV: Enabled TSC page at 0x000000000000c000 - u64TscScale=0xbfc3df00000000 u64TscKHz=0x3425aa (3 417 514) Seq=1
00:00:05.051130 TM: Switching TSC mode from 'Dynamic' to 'RealTSCOffset'
00:00:05.051140 GIM0: HyperV: Enabled APIC-assist page at 0x000000000000d000
00:00:05.443300 AHCI#0: Reset the HBA
00:00:05.443314 VD#0: Cancelling all active requests
00:00:05.466559 xHCI: Hardware reset
00:00:05.476688 xHCI: Root hub-attached device reset completed with VINF_SUCCESS
00:00:05.665141 xHCI: USB Operational
00:00:06.404523 HDA: Codec reset
00:00:06.404539 HDA: Reset
00:00:06.422441 HDA: Codec reset
00:00:06.422456 HDA: Reset
00:00:07.136360 HDA: Codec reset
00:00:07.137261 Audio Mixer: MUTING sink 'HDA Mixer/PCM Output' -- channel volumes: 00 00 00 00 00 00 00 00 00 00 00 00
00:00:07.142209 Audio Mixer: MUTING sink 'HDA Mixer/Line In' -- channel volumes: 00 00 00 00 00 00 00 00 00 00 00 00
00:00:07.142486 Audio Mixer: MUTING sink 'HDA Mixer/Line In' -- channel volumes: 00 00 00 00 00 00 00 00 00 00 00 00
00:00:07.145474 Audio Mixer: MUTING sink 'HDA Mixer/PCM Output' -- channel volumes: 00 00 00 00 00 00 00 00 00 00 00 00
00:00:07.145505 Audio Mixer: Setting sink 'HDA Mixer/PCM Output' -- channel volumes: 01 01 01 01 01 01 01 01 01 01 01 01
00:00:07.145657 Audio Mixer: Setting sink 'HDA Mixer/PCM Output' -- channel volumes: 01 01 01 01 01 01 01 01 01 01 01 01
00:00:07.145687 Audio Mixer: Setting sink 'HDA Mixer/PCM Output' -- channel volumes: 01 01 01 01 01 01 01 01 01 01 01 01
00:00:07.145839 Audio Mixer: Setting sink 'HDA Mixer/PCM Output' -- channel volumes: ff ff ff ff ff ff ff ff ff ff ff ff
00:00:07.146403 Audio Mixer: Setting sink 'HDA Mixer/PCM Output' -- channel volumes: ef ff ff ff ff ff ff ff ff ff ff ff
00:00:07.146457 Audio Mixer: Setting sink 'HDA Mixer/PCM Output' -- channel volumes: ef ef ef ef ef ef ef ef ef ef ef ef
00:00:07.146708 Audio Mixer: Setting sink 'HDA Mixer/PCM Output' -- channel volumes: ef ef ef ef ef ef ef ef ef ef ef ef
00:00:07.146750 Audio Mixer: Setting sink 'HDA Mixer/PCM Output' -- channel volumes: ef ef ef ef ef ef ef ef ef ef ef ef
00:00:07.147403 Audio Mixer: MUTING sink 'HDA Mixer/Line In' -- channel volumes: 00 00 00 00 00 00 00 00 00 00 00 00
00:00:07.147434 Audio Mixer: Setting sink 'HDA Mixer/Line In' -- channel volumes: 01 01 01 01 01 01 01 01 01 01 01 01
00:00:07.147496 Audio Mixer: Setting sink 'HDA Mixer/Line In' -- channel volumes: ff 01 ff ff ff ff ff ff ff ff ff ff
00:00:07.147526 Audio Mixer: Setting sink 'HDA Mixer/Line In' -- channel volumes: ff ff ff ff ff ff ff ff ff ff ff ff
00:00:07.147557 Audio Mixer: Setting sink 'HDA Mixer/Line In' -- channel volumes: ff ff ff ff ff ff ff ff ff ff ff ff
00:00:07.147588 Audio Mixer: Setting sink 'HDA Mixer/Line In' -- channel volumes: ff ff ff ff ff ff ff ff ff ff ff ff
00:00:07.148061 Audio Mixer: Setting sink 'HDA Mixer/Line In' -- channel volumes: ef ff ff ff ff ff ff ff ff ff ff ff
00:00:07.148121 Audio Mixer: Setting sink 'HDA Mixer/Line In' -- channel volumes: ef ef ef ef ef ef ef ef ef ef ef ef
00:00:07.148163 Audio Mixer: Setting sink 'HDA Mixer/Line In' -- channel volumes: ef ef ef ef ef ef ef ef ef ef ef ef
00:00:07.148204 Audio Mixer: Setting sink 'HDA Mixer/Line In' -- channel volumes: ef ef ef ef ef ef ef ef ef ef ef ef
00:00:07.525419 Display::i_handleDisplayResize: uScreenId=0 pvVRAM=0000730080000000 w=1024 h=768 bpp=32 cbLine=0x1000 flags=0x0 origin=0,0
00:00:11.001045 GUI: UIMediumEnumerator: Medium-enumeration finished!
00:03:46.906460 GUI: UIMediumEnumerator: Medium-enumeration finished!
00:04:05.341525 GUI: UIMediumEnumerator: Medium-enumeration finished!
00:05:16.633598 GUI: UIMediumEnumerator: Medium-enumeration finished!
00:05:43.131321 GUI: UIMediumEnumerator: Medium-enumeration finished!
00:05:46.754101 GUI: UIMediumEnumerator: Medium-enumeration finished!
00:05:48.245436 GUI: UIMediumEnumerator: Medium-enumeration finished!
00:05:54.760000 GUI: UIMediumEnumerator: Medium-enumeration started...
00:05:55.059856 GUI: UIMediumEnumerator: Medium-enumeration finished!
00:06:01.572652 Shared Clipboard: Mode: Bidirectional
00:06:01.575072 Drag and drop mode: Bidirectional
00:06:01.594170 GUI: UIMediumEnumerator: Medium-enumeration finished!
00:06:01.596981 GUI: UIMediumEnumerator: Medium-enumeration finished!
00:06:19.198146 GUI: UIMediumEnumerator: Medium-enumeration finished!
00:06:19.199666 GUI: UIMediumEnumerator: Medium-enumeration finished!
00:06:19.220550 GUI: UIMediumEnumerator: Medium-enumeration finished!
00:06:30.203060 GUI: UIMediumEnumerator: Medium-enumeration finished!
00:06:32.576110 GUI: UIMediumEnumerator: Medium-enumeration finished!
00:06:34.545293 GUI: UIMediumEnumerator: Medium-enumeration finished!
00:06:38.034464 GUI: UIMediumEnumerator: Medium-enumeration finished!
00:06:49.763717 xHCI: USB Suspended
00:06:49.795064 HDA: Codec reset
00:06:49.795078 HDA: Reset
00:06:49.866104 GIM: HyperV: Reset initiated through MSR
00:06:49.866127 Changing the VM state from 'RUNNING' to 'RESETTING'
00:06:49.866189 GIM: HyperV: Resetting MMIO2 regions and MSRs
00:06:49.866283 PIT: mode=3 count=0x10000 (65536) - 18.20 Hz (ch=0)
00:06:49.883646 AHCI#0: Reset the HBA
00:06:49.883651 VD#0: Cancelling all active requests
00:06:49.883705 HDA: Codec reset
00:06:49.883707 HDA: Reset
00:06:49.884304 VMMDevNotifyGuest: fAddEvents=0x1 ignored because enmVMState=8
00:06:49.884844 TM: Switching TSC mode from 'RealTSCOffset' to 'Dynamic'
00:06:49.909456 Changing the VM state from 'RESETTING' to 'RUNNING'
00:06:49.909878 xHCI: Root hub-attached device reset completed with VINF_SUCCESS
00:06:49.910144 VMMDev: Guest Log: BIOS: VirtualBox 7.2.6
00:06:49.910177 PCI: Setting up resources and interrupts
00:06:49.910808 PIT: mode=2 count=0x10000 (65536) - 18.20 Hz (ch=0)
00:06:49.920353 VMMDev: Guest Log: CPUID EDX: 0x178bfbff
00:06:49.920637 VMMDev: Guest Log: BIOS: No PCI IDE controller, not probing IDE
00:06:49.920790 AHCI#0: Reset the HBA
00:06:49.920792 VD#0: Cancelling all active requests
00:06:49.920815 AHCI#0: Port 0 reset
00:06:49.920828 VD#0: Cancelling all active requests
00:06:49.921118 VMMDev: Guest Log: BIOS: AHCI 0-P#0: PCHS=16383/16/63 LCHS=1024/255/63 0x0000000006400000 sectors
00:06:49.921147 AHCI#0: Port 1 reset
00:06:49.922808 PIT: mode=2 count=0x48d3 (18643) - 64.00 Hz (ch=0)
00:06:49.938506 Display::i_handleDisplayResize: uScreenId=0 pvVRAM=0000730080000000 w=640 h=480 bpp=32 cbLine=0xA00 flags=0x0 origin=0,0
00:06:50.252440 GUI: UIMediumEnumerator: Medium-enumeration finished!
00:06:52.412661 Display::i_handleDisplayResize: uScreenId=0 pvVRAM=0000000000000000 w=720 h=400 bpp=0 cbLine=0x0 flags=0x0 origin=0,0
00:06:52.412857 PIT: mode=2 count=0x10000 (65536) - 18.20 Hz (ch=0)
00:06:52.413079 VMMDev: Guest Log: BIOS: Boot : bseqnr=1, bootseq=0231
00:06:52.413266 VMMDev: Guest Log: BIOS: Boot from Floppy 0 failed
00:06:52.413480 VMMDev: Guest Log: BIOS: Boot : bseqnr=2, bootseq=0023
00:06:52.420313 VMMDev: Guest Log: BIOS: Booting from CD-ROM...
00:06:52.742170 GUI: UIMediumEnumerator: Medium-enumeration finished!
00:06:56.695497 Display::i_handleDisplayResize: uScreenId=0 pvVRAM=0000730080000000 w=1024 h=768 bpp=24 cbLine=0xC00 flags=0x0 origin=0,0
00:06:56.732111 GIM: HyperV: Guest OS reported ID 0x1040a0000271b
00:06:56.732124 GIM: HyperV: Open-source=false Vendor=0x1 OS=0x4 (Windows NT or derivative) Major=10 Minor=0 ServicePack=0 Build=10011
00:06:56.732133 GIM: HyperV: Enabled hypercall page at 0x0000000000236000
00:06:57.025475 GUI: UIMediumEnumerator: Medium-enumeration finished!
00:06:57.106570 GIM: HyperV: Guest OS reported ID 0x1040a0000271b
00:06:57.106584 GIM: HyperV: Open-source=false Vendor=0x1 OS=0x4 (Windows NT or derivative) Major=10 Minor=0 ServicePack=0 Build=10011
00:06:57.107326 GIM: HyperV: Queried extended hypercall capabilities 0x1 at 0x0000000000007000
00:06:57.107399 GIM: HyperV: Enabled TSC page at 0x000000000000c000 - u64TscScale=0xbfc3df00000000 u64TscKHz=0x3425aa (3 417 514) Seq=1
00:06:57.107403 TM: Switching TSC mode from 'Dynamic' to 'RealTSCOffset'
00:06:57.107412 GIM0: HyperV: Enabled APIC-assist page at 0x000000000000d000
00:06:57.575847 AHCI#0: Reset the HBA
00:06:57.575863 VD#0: Cancelling all active requests
00:06:57.595926 xHCI: Hardware reset
00:06:57.606239 xHCI: Root hub-attached device reset completed with VINF_SUCCESS
00:06:57.788350 xHCI: USB Operational
00:06:59.682116 Display::i_handleDisplayResize: uScreenId=0 pvVRAM=0000730080000000 w=1024 h=768 bpp=32 cbLine=0x1000 flags=0x0 origin=0,0
00:07:15.178131 NAT: Link up
00:07:20.636875 xHCI: USB Suspended
00:07:20.679484 GIM: HyperV: Reset initiated through MSR
00:07:20.679503 Changing the VM state from 'RUNNING' to 'RESETTING'
00:07:20.679753 GIM: HyperV: Resetting MMIO2 regions and MSRs
00:07:20.679841 PIT: mode=3 count=0x10000 (65536) - 18.20 Hz (ch=0)
00:07:20.683772 AHCI#0: Reset the HBA
00:07:20.683777 VD#0: Cancelling all active requests
00:07:20.683835 HDA: Codec reset
00:07:20.683838 HDA: Reset
00:07:20.684319 VMMDevNotifyGuest: fAddEvents=0x1 ignored because enmVMState=8
00:07:20.684690 TM: Switching TSC mode from 'RealTSCOffset' to 'Dynamic'
00:07:20.709186 Changing the VM state from 'RESETTING' to 'RUNNING'
00:07:20.709438 xHCI: Root hub-attached device reset completed with VINF_SUCCESS
00:07:20.709729 VMMDev: Guest Log: BIOS: VirtualBox 7.2.6
00:07:20.709764 PCI: Setting up resources and interrupts
00:07:20.710395 PIT: mode=2 count=0x10000 (65536) - 18.20 Hz (ch=0)
00:07:20.719980 VMMDev: Guest Log: CPUID EDX: 0x178bfbff
00:07:20.720270 VMMDev: Guest Log: BIOS: No PCI IDE controller, not probing IDE
00:07:20.720423 AHCI#0: Reset the HBA
00:07:20.720424 VD#0: Cancelling all active requests
00:07:20.720447 AHCI#0: Port 0 reset
00:07:20.720460 VD#0: Cancelling all active requests
00:07:20.720749 VMMDev: Guest Log: BIOS: AHCI 0-P#0: PCHS=16383/16/63 LCHS=1024/255/63 0x0000000006400000 sectors
00:07:20.720777 AHCI#0: Port 1 reset
00:07:20.722639 PIT: mode=2 count=0x48d3 (18643) - 64.00 Hz (ch=0)
00:07:20.738321 Display::i_handleDisplayResize: uScreenId=0 pvVRAM=0000730080000000 w=640 h=480 bpp=32 cbLine=0xA00 flags=0x0 origin=0,0
00:07:21.057857 GUI: UIMediumEnumerator: Medium-enumeration finished!
00:07:23.213784 Display::i_handleDisplayResize: uScreenId=0 pvVRAM=0000000000000000 w=720 h=400 bpp=0 cbLine=0x0 flags=0x0 origin=0,0
00:07:23.214131 PIT: mode=2 count=0x10000 (65536) - 18.20 Hz (ch=0)
00:07:23.214445 VMMDev: Guest Log: BIOS: Boot : bseqnr=1, bootseq=0231
00:07:23.214695 VMMDev: Guest Log: BIOS: Boot from Floppy 0 failed
00:07:23.214953 VMMDev: Guest Log: BIOS: Boot : bseqnr=2, bootseq=0023
00:07:23.221738 VMMDev: Guest Log: BIOS: Booting from CD-ROM...
00:07:23.543680 GUI: UIMediumEnumerator: Medium-enumeration finished!
00:07:27.498371 Display::i_handleDisplayResize: uScreenId=0 pvVRAM=0000730080000000 w=1024 h=768 bpp=24 cbLine=0xC00 flags=0x0 origin=0,0
00:07:27.558016 GIM: HyperV: Guest OS reported ID 0x1040a0000271b
00:07:27.558031 GIM: HyperV: Open-source=false Vendor=0x1 OS=0x4 (Windows NT or derivative) Major=10 Minor=0 ServicePack=0 Build=10011
00:07:27.558041 GIM: HyperV: Enabled hypercall page at 0x0000000000238000
00:07:27.800025 GIM: HyperV: Guest OS reported ID 0x1040a0000271b
00:07:27.800039 GIM: HyperV: Open-source=false Vendor=0x1 OS=0x4 (Windows NT or derivative) Major=10 Minor=0 ServicePack=0 Build=10011
00:07:27.800683 GIM: HyperV: Queried extended hypercall capabilities 0x1 at 0x0000000000007000
00:07:27.800697 GIM: HyperV: Enabled TSC page at 0x000000000000c000 - u64TscScale=0xbfc3df00000000 u64TscKHz=0x3425aa (3 417 514) Seq=1
00:07:27.800701 TM: Switching TSC mode from 'Dynamic' to 'RealTSCOffset'
00:07:27.800710 GIM0: HyperV: Enabled APIC-assist page at 0x000000000000d000
00:07:27.830749 GUI: UIMediumEnumerator: Medium-enumeration finished!
00:07:28.270825 AHCI#0: Reset the HBA
00:07:28.270841 VD#0: Cancelling all active requests
00:07:28.580671 xHCI: Hardware reset
00:07:28.598898 xHCI: Root hub-attached device reset completed with VINF_SUCCESS
00:07:28.783053 xHCI: USB Operational
00:07:29.166108 Display::i_handleDisplayResize: uScreenId=0 pvVRAM=0000730080000000 w=1024 h=768 bpp=32 cbLine=0x1000 flags=0x0 origin=0,0
00:07:30.509374 NAT: Link up
00:18:28.029866 AHCI#0: Port 0 reset
00:18:28.031032 VD#0: Cancelling all active requests
00:43:22.308374 Console: Machine state changed to 'Stopping'
00:43:22.308733 Console::powerDown(): A request to power off the VM has been issued (mMachineState=Stopping, InUninit=0)
00:43:22.308928 Changing the VM state from 'RUNNING' to 'POWERING_OFF'
00:43:22.308939 ****************** Guest state at power off for VCpu 0 ******************
00:43:22.308943 Guest CPUM (VCPU 0) state: 
00:43:22.308944 rax=0000000000000000 rbx=0000000000000000 rcx=fffff7b640010398 rdx=0000000000000000
00:43:22.308946 rsi=ffff83810c75e010 rdi=fffff8007682c180 r8 =0000000000000000 r9 =00000000ffffffff
00:43:22.308946 r10=fffff8007682c180 r11=fffff80077d55a50 r12=0000000000000000 r13=ffff83810c75e418
00:43:22.308946 r14=0000000000000000 r15=00000005042fa268
00:43:22.308947 rip=fffff800e600cfdf rsp=fffff80077d559a8 rbp=fffff80077d55ae0 iopl=0  iopl=0 nv up ei ng nz na pe nc
00:43:22.308947 cs={0010 base=0000000000000000 limit=00000000 flags=0000209b}
00:43:22.308948 ds={002b base=0000000000000000 limit=ffffffff flags=0000c0f3}
00:43:22.308948 es={002b base=0000000000000000 limit=ffffffff flags=0000c0f3}
00:43:22.308948 fs={0053 base=0000000000000000 limit=00003c00 flags=000040f3}
00:43:22.308948 gs={002b base=fffff8007682c000 limit=ffffffff flags=0000c0f3}
00:43:22.308949 ss={0018 base=0000000000000000 limit=00000000 flags=00004093}
00:43:22.308949 cr0=0000000080050031 cr2=ffffac0e54e83000 cr3=00000000001aa000 cr4=00000000000506f8
00:43:22.308949 dr0=0000000000000000 dr1=0000000000000000 dr2=0000000000000000 dr3=0000000000000000
00:43:22.308950 dr4=0000000000000000 dr5=0000000000000000 dr6=00000000ffff0ff0 dr7=0000000000000400
00:43:22.308950 gdtr=fffff80077d4bfb0:0057  idtr=fffff80077d49000:0fff  eflags=00000282
00:43:22.308950 ldtr={0000 base=00000000 limit=ffffffff flags=0001c000}
00:43:22.308951 tr  ={0040 base=fffff80077d4a000 limit=00000067 flags=0000008b}
00:43:22.308951 SysEnter={cs=0000 eip=0000000000000000 esp=0000000000000000}
00:43:22.308951 xcr=0000000000000007 xcr1=0000000000000000 xss=0000000000000000 (fXStateMask=0000000000000007)
00:43:22.308952 FCW=027f FSW=0000 FTW=0000 FOP=0000 MXCSR=00001f80 MXCSR_MASK=0000ffff
00:43:22.308953 FPUIP=00000000 CS=0000 Rsrvd1=0000  FPUDP=00000000 DS=0000 Rsvrd2=0000
00:43:22.308953 ST(0)=FPR0={0000'00000000'00000000} t0 +0.0000000000000000000000 * 2 ^ -16383 (*)
00:43:22.308954 ST(1)=FPR1={0000'00000000'00000000} t0 +0.0000000000000000000000 * 2 ^ -16383 (*)
00:43:22.308955 ST(2)=FPR2={0000'00000000'00000000} t0 +0.0000000000000000000000 * 2 ^ -16383 (*)
00:43:22.308955 ST(3)=FPR3={0000'00000000'00000000} t0 +0.0000000000000000000000 * 2 ^ -16383 (*)
00:43:22.308955 ST(4)=FPR4={0000'00000000'00000000} t0 +0.0000000000000000000000 * 2 ^ -16383 (*)
00:43:22.308956 ST(5)=FPR5={0000'00000000'00000000} t0 +0.0000000000000000000000 * 2 ^ -16383 (*)
00:43:22.308956 ST(6)=FPR6={0000'00000000'00000000} t0 +0.0000000000000000000000 * 2 ^ -16383 (*)
00:43:22.308957 ST(7)=FPR7={0000'00000000'00000000} t0 +0.0000000000000000000000 * 2 ^ -16383 (*)
00:43:22.308957 YMM0 =00000000'00000000'00000000'00000000'00000000'00000000'00000000'00000000
00:43:22.308958 YMM1 =00000000'00000000'00000000'00000000'00000000'00000000'00000000'00000004
00:43:22.308958 YMM2 =00000000'00000000'00000000'00000000'00000000'00000000'00000000'00000000
00:43:22.308958 YMM3 =00000000'00000000'00000000'00000000'00000000'00000000'00000000'00000000
00:43:22.308959 YMM4 =00000000'00000000'00000000'00000000'00000000'00000000'00000000'00000000
00:43:22.308959 YMM5 =00000000'00000000'00000000'00000000'00000000'00000000'00000000'00000000
00:43:22.308960 YMM6 =00000000'00000000'00000000'00000000'e487899c'52667183'cf3abebf'61c78551
00:43:22.308960 YMM7 =00000000'00000000'00000000'00000000'67f96f84'aed03add'cd0d5c08'fa049190
00:43:22.308961 YMM8 =00000000'00000000'00000000'00000000'00000000'00000000'00000000'00000000
00:43:22.308961 YMM9 =00000000'00000000'00000000'00000000'00000000'00000000'00000000'00000000
00:43:22.308961 YMM10=00000000'00000000'00000000'00000000'00000000'00000000'00000000'00000000
00:43:22.308962 YMM11=00000000'00000000'00000000'00000000'00000000'00000000'00000000'00000000
00:43:22.308962 YMM12=00000000'00000000'00000000'00000000'00000000'00000000'00000000'00000000
00:43:22.308963 YMM13=00000000'00000000'00000000'00000000'00000000'00000000'00000000'00000000
00:43:22.308963 YMM14=00000000'00000000'00000000'00000000'00000000'00000000'00000000'00000000
00:43:22.308963 YMM15=00000000'00000000'00000000'00000000'00000000'00000000'00000000'00000000
00:43:22.308964 EFER         =0000000000000d01
00:43:22.308964 PAT          =0007010600070106
00:43:22.308964 STAR         =0023001000000000
00:43:22.308965 CSTAR        =fffff800e6024e00
00:43:22.308965 LSTAR        =fffff800e6025340
00:43:22.308965 SFMASK       =0000000000004700
00:43:22.308965 KERNELGSBASE =00000039d47b4000
00:43:22.308965 MTRR_CAP          =0000000000000510
00:43:22.308965 MTRR_DEF_TYPE     =0000000000000c00
00:43:22.308966 MTRR_FIX64K_00000 =0606060606060606
00:43:22.308966 MTRR_FIX16K_80000 =0606060606060606
00:43:22.308966 MTRR_FIX16K_A0000 =0000000000000000
00:43:22.308966 MTRR_FIX4K_C0000  =0505050505050505
00:43:22.308966 MTRR_FIX4K_C8000  =0505050505050505
00:43:22.308966 MTRR_FIX4K_D0000  =0505050505050505
00:43:22.308967 MTRR_FIX4K_D8000  =0505050505050505
00:43:22.308967 MTRR_FIX4K_E0000  =0505050505050505
00:43:22.308967 MTRR_FIX4K_E8000  =0505050505050505
00:43:22.308967 MTRR_FIX4K_F0000  =0505050505050505
00:43:22.308967 MTRR_FIX4K_F8000  =0505050505050505
00:43:22.308968 MTRR_PHYSBASE[ 0] =0000000000000006 First=0000000000000000      0 MB [WB]
00:43:22.308968 MTRR_PHYSMASK[ 0] =00003fff80000800 Last =000000007fffffff   2047 MB [2048 MB]
00:43:22.308969 MTRR_PHYSBASE[ 1] =0000000000000000
00:43:22.308969 MTRR_PHYSMASK[ 1] =0000000000000000
00:43:22.308969 MTRR_PHYSBASE[ 2] =0000000000000000
00:43:22.308969 MTRR_PHYSMASK[ 2] =0000000000000000
00:43:22.308969 MTRR_PHYSBASE[ 3] =0000000000000000
00:43:22.308970 MTRR_PHYSMASK[ 3] =0000000000000000
00:43:22.308970 MTRR_PHYSBASE[ 4] =0000000000000000
00:43:22.308970 MTRR_PHYSMASK[ 4] =0000000000000000
00:43:22.308970 MTRR_PHYSBASE[ 5] =0000000000000000
00:43:22.308970 MTRR_PHYSMASK[ 5] =0000000000000000
00:43:22.308970 MTRR_PHYSBASE[ 6] =0000000000000000
00:43:22.308970 MTRR_PHYSMASK[ 6] =0000000000000000
00:43:22.308970 MTRR_PHYSBASE[ 7] =0000000000000000
00:43:22.308971 MTRR_PHYSMASK[ 7] =0000000000000000
00:43:22.308971 MTRR_PHYSBASE[ 8] =0000000000000000
00:43:22.308971 MTRR_PHYSMASK[ 8] =0000000000000000
00:43:22.308971 MTRR_PHYSBASE[ 9] =0000000000000000
00:43:22.308971 MTRR_PHYSMASK[ 9] =0000000000000000
00:43:22.308971 MTRR_PHYSBASE[10] =0000000000000000
00:43:22.308971 MTRR_PHYSMASK[10] =0000000000000000
00:43:22.308971 MTRR_PHYSBASE[11] =0000000000000000
00:43:22.308972 MTRR_PHYSMASK[11] =0000000000000000
00:43:22.308972 MTRR_PHYSBASE[12] =0000000000000000
00:43:22.308972 MTRR_PHYSMASK[12] =0000000000000000
00:43:22.308972 MTRR_PHYSBASE[13] =0000000000000000
00:43:22.308972 MTRR_PHYSMASK[13] =0000000000000000
00:43:22.308972 MTRR_PHYSBASE[14] =0000000000000000
00:43:22.308972 MTRR_PHYSMASK[14] =0000000000000000
00:43:22.308972 MTRR_PHYSBASE[15] =0000000000000000
00:43:22.308973 MTRR_PHYSMASK[15] =0000000000000000
00:43:22.308973 ***
00:43:22.308974 VCPU[0] hardware virtualization state:
00:43:22.308974 fSavedInhibit                = 0x0
00:43:22.308974 In nested-guest hwvirt mode  = false
00:43:22.308975 Hwvirt state disabled.
00:43:22.308975 ***
00:43:22.308978 Guest paging mode (VCPU #0):  AMD64+NX (changed 72279 times), A20 enabled (changed 2 times)
00:43:22.308979 Guest SLAT mode (VCPU #0): Direct
00:43:22.308979 Shadow paging mode (VCPU #0): EPT
00:43:22.308980 Host paging mode:             AMD64+G+NX
00:43:22.308980 ***
00:43:22.308981 Active Timers (pVM=00007300c2eca000)
00:43:22.308981 pTimerR3         offNext  offPrev  offSched Clock               Time             Expire HzHint State                     Description
00:43:22.308983 000073010dc11180 00000007 ffffffff ffffffff Real            21206485           21206494      0 2-ACTIVE                  VGA Refresh
00:43:22.308984 000073010dc11380 ffffffff 00000003 ffffffff Real            21206485           21206728      0 2-ACTIVE                  CPU Load Timer
00:43:22.308985 0000730100000080 00000002 ffffffff ffffffff VrSy       2601681321459      2601682122754      0 2-ACTIVE                  APIC Timer 0
00:43:22.308985 0000730100000100 00000004 00000001 ffffffff VrSy       2601681322326      2601704170592     18 2-ACTIVE                  i8254 PIT
00:43:22.308986 0000730100000200 0000000e 00000002 ffffffff VrSy       2601681323035      2601990000000      0 2-ACTIVE                  MC146818 RTC Second
00:43:22.308987 0000730100000700 ffffffff 00000004 ffffffff VrSy       2601681323748      2839784762695      0 2-ACTIVE                  ACPI PM
00:43:22.308987 ***
00:43:22.308988 Guest GDT (GCAddr=fffff80077d4bfb0 limit=57):
00:43:22.308995 0010 - 00000000 00209b00 - base=00000000 limit=00000000 dpl=0 CodeER Accessed Present 16-bit 
00:43:22.308996 0018 - 00000000 00409300 - base=00000000 limit=00000000 dpl=0 DataRW Accessed Present 32-bit 
00:43:22.308996 0020 - 0000ffff 00cffb00 - base=00000000 limit=ffffffff dpl=3 CodeER Accessed Present Page 32-bit 
00:43:22.308997 0028 - 0000ffff 00cff300 - base=00000000 limit=ffffffff dpl=3 DataRW Accessed Present Page 32-bit 
00:43:22.308997 0030 - 00000000 0020fb00 - base=00000000 limit=00000000 dpl=3 CodeER Accessed Present 16-bit 
00:43:22.308998 0040 - a0000067 77008bd4 - base=77d4a000 limit=00000067 dpl=0 TSS32Busy Present 16-bit 
00:43:22.309000 0050 - 00003c00 0040f300 - base=00000000 limit=00003c00 dpl=3 DataRW Accessed Present 32-bit 
00:43:22.309001 ************** End of Guest state at power off ***************
00:43:22.569848 PDMR3PowerOff: 260 837 211 ns run time
00:43:22.569857 Changing the VM state from 'POWERING_OFF' to 'OFF'
00:43:22.571853 Changing the VM state from 'OFF' to 'DESTROYING'
00:43:22.571872 ************************* Statistics *************************
00:43:22.571874 /CPUM/MSR-Totals/Reads                         53814 times
00:43:22.571876 /CPUM/MSR-Totals/ReadsRaisingGP                    0 times
00:43:22.571877 /CPUM/MSR-Totals/ReadsUnknown                      0 times
00:43:22.571877 /CPUM/MSR-Totals/Writes                      7633932 times
00:43:22.571878 /CPUM/MSR-Totals/WritesRaisingGP                   0 times
00:43:22.571879 /CPUM/MSR-Totals/WritesToIgnoredBits              18 times
00:43:22.571879 /CPUM/MSR-Totals/WritesUnknown                     0 times
00:43:22.571881 /Devices/8237A/DmaRun                              0 ticks/call (           0 ticks,       0 calls, max         0, min      -1)
00:43:22.571882 /Devices/VMMDev/BalloonChunks                      0 count
00:43:22.571883 /Devices/VMMDev/FastIrqAckR3                       0 count
00:43:22.571884 /Devices/VMMDev/FastIrqAckRZ                       0 count
00:43:22.571885 /Devices/VMMDev/HGCM-Kernel/BudgetAvailable 1073741824 bytes
00:43:22.571886 /Devices/VMMDev/HGCM-Kernel/BudgetConfig   1073741824 bytes
00:43:22.571892 /Devices/VMMDev/HGCM-Kernel/BudgetOverruns         0 bytes
00:43:22.571893 /Devices/VMMDev/HGCM-Kernel/MessageHeapUsage         0 bytes/call (           0 bytes,       0 calls, max         0, min      -1)
00:43:22.571894 /Devices/VMMDev/HGCM-Root/BudgetAvailable  1073741824 bytes
00:43:22.571894 /Devices/VMMDev/HGCM-Root/BudgetConfig     1073741824 bytes
00:43:22.571895 /Devices/VMMDev/HGCM-Root/BudgetOverruns           0 bytes
00:43:22.571896 /Devices/VMMDev/HGCM-Root/MessageHeapUsage         0 bytes/call (           0 bytes,       0 calls, max         0, min      -1)
00:43:22.571896 /Devices/VMMDev/HGCM-User/BudgetAvailable  1073741824 bytes
00:43:22.571897 /Devices/VMMDev/HGCM-User/BudgetConfig     1073741824 bytes
00:43:22.571898 /Devices/VMMDev/HGCM-User/BudgetOverruns           0 bytes
00:43:22.571898 /Devices/VMMDev/HGCM-User/MessageHeapUsage         0 bytes/call (           0 bytes,       0 calls, max         0, min      -1)
00:43:22.571899 /Devices/VMMDev/LargeReqBufAllocs                  0 count
00:43:22.571900 /Devices/VMMDev/SlowIrqAck                         0 count
00:43:22.571900 /Devices/apic/0                              3252347 times
00:43:22.571902 /Devices/apic/0/Vectors/1f                     92156 times
00:43:22.571904 /Devices/apic/0/Vectors/2f                   1012643 times
00:43:22.571905 /Devices/apic/0/Vectors/50                    331306 times
00:43:22.571906 /Devices/apic/0/Vectors/60                       116 times
00:43:22.571907 /Devices/apic/0/Vectors/70                     10288 times
00:43:22.571907 /Devices/apic/0/Vectors/80                    618951 times
00:43:22.571908 /Devices/apic/0/Vectors/90                       111 times
00:43:22.571909 /Devices/apic/0/Vectors/a0                        34 times
00:43:22.571910 /Devices/apic/0/Vectors/b0                         1 times
00:43:22.571911 /Devices/apic/0/Vectors/d1                   1186755 times
00:43:22.571911 /Devices/apic/0/Vectors/d2                         4 times
00:43:22.571913 /Devices/e1000#0/ReceiveBytes              1386384531 bytes
00:43:22.571913 /Devices/e1000#0/TransmitBytes              13315889 bytes
00:43:22.571914 /Devices/e1000#0/iStatIntLost                      0 ns
00:43:22.571915 /Devices/e1000#0/iStatIntLostOne                   0 ns
00:43:22.571916 /Devices/e1000#0/u64ArmedAt                        0 ns
00:43:22.571916 /Devices/e1000#0/uStatDescCtx                    280 ns
00:43:22.571917 /Devices/e1000#0/uStatDescDat                 224975 ns
00:43:22.571918 /Devices/e1000#0/uStatDescLeg                    109 ns
00:43:22.571919 /Devices/e1000#0/uStatInt                     381063 ns
00:43:22.571919 /Devices/e1000#0/uStatIntEarly                     0 ns
00:43:22.571920 /Devices/e1000#0/uStatIntICS                  118997 ns
00:43:22.571921 /Devices/e1000#0/uStatIntIMS                  155791 ns
00:43:22.571921 /Devices/e1000#0/uStatIntLate                 114633 ns
00:43:22.571922 /Devices/e1000#0/uStatIntLower                 49757 ns
00:43:22.571923 /Devices/e1000#0/uStatIntMasked               734348 ns
00:43:22.571923 /Devices/e1000#0/uStatIntRDTR                      0 ns
00:43:22.571924 /Devices/e1000#0/uStatIntRXDMT0                    0 ns
00:43:22.571925 /Devices/e1000#0/uStatIntRx                  1107184 ns
00:43:22.571925 /Devices/e1000#0/uStatIntSkip                 666731 ns
00:43:22.571926 /Devices/e1000#0/uStatIntTXQE                      0 ns
00:43:22.571927 /Devices/e1000#0/uStatIntTry                 1782142 ns
00:43:22.571927 /Devices/e1000#0/uStatIntTx                   222694 ns
00:43:22.571928 /Devices/e1000#0/uStatMaxTxDelay                   0 ns
00:43:22.571929 /Devices/e1000#0/uStatNoIntICR                 82663 ns
00:43:22.571929 /Devices/e1000#0/uStatRAD                          0 ns
00:43:22.571930 /Devices/e1000#0/uStatRID                          0 ns
00:43:22.571931 /Devices/e1000#0/uStatRxFrm                  1107184 ns
00:43:22.571931 /Devices/e1000#0/uStatTAD                          0 ns
00:43:22.571933 /Devices/e1000#0/uStatTID                          0 ns
00:43:22.571934 /Devices/e1000#0/uStatTx1514                  222595 ns
00:43:22.571935 /Devices/e1000#0/uStatTx16384                     12 ns
00:43:22.571936 /Devices/e1000#0/uStatTx2962                      57 ns
00:43:22.571936 /Devices/e1000#0/uStatTx32768                      3 ns
00:43:22.571937 /Devices/e1000#0/uStatTx4410                       7 ns
00:43:22.571937 /Devices/e1000#0/uStatTx5858                       7 ns
00:43:22.571938 /Devices/e1000#0/uStatTx7306                       4 ns
00:43:22.571939 /Devices/e1000#0/uStatTx8754                       8 ns
00:43:22.571940 /Devices/e1000#0/uStatTxDelayExp                   0 ns
00:43:22.571940 /Devices/e1000#0/uStatTxDelayed                    0 ns
00:43:22.571941 /Devices/e1000#0/uStatTxFrm                   222694 ns
00:43:22.571941 /Devices/e1000#0/uStatTxIDE                        0 ns
00:43:22.571942 /Devices/e1000#0/uStatTxLarge                      1 ns
00:43:22.571943 /Devices/e1000#0/uStatTxNoRS                     557 ns
00:43:22.571944 /Devices/e1000#1/ReceiveBytes                      0 bytes
00:43:22.571944 /Devices/e1000#1/TransmitBytes                 22364 bytes
00:43:22.571945 /Devices/e1000#1/iStatIntLost                      0 ns
00:43:22.571946 /Devices/e1000#1/iStatIntLostOne                   0 ns
00:43:22.571946 /Devices/e1000#1/u64ArmedAt                        0 ns
00:43:22.571947 /Devices/e1000#1/uStatDescCtx                      9 ns
00:43:22.571948 /Devices/e1000#1/uStatDescDat                    107 ns
00:43:22.571948 /Devices/e1000#1/uStatDescLeg                     65 ns
00:43:22.571949 /Devices/e1000#1/uStatInt                        117 ns
00:43:22.571950 /Devices/e1000#1/uStatIntEarly                     0 ns
00:43:22.571950 /Devices/e1000#1/uStatIntICS                       2 ns
00:43:22.571951 /Devices/e1000#1/uStatIntIMS                       0 ns
00:43:22.571952 /Devices/e1000#1/uStatIntLate                      0 ns
00:43:22.571952 /Devices/e1000#1/uStatIntLower                     1 ns
00:43:22.571953 /Devices/e1000#1/uStatIntMasked                   24 ns
00:43:22.571953 /Devices/e1000#1/uStatIntRDTR                      0 ns
00:43:22.571954 /Devices/e1000#1/uStatIntRXDMT0                    0 ns
00:43:22.571955 /Devices/e1000#1/uStatIntRx                        0 ns
00:43:22.571955 /Devices/e1000#1/uStatIntSkip                    122 ns
00:43:22.571956 /Devices/e1000#1/uStatIntTXQE                      0 ns
00:43:22.571957 /Devices/e1000#1/uStatIntTry                     263 ns
00:43:22.571957 /Devices/e1000#1/uStatIntTx                      129 ns
00:43:22.571958 /Devices/e1000#1/uStatMaxTxDelay                   0 ns
00:43:22.571959 /Devices/e1000#1/uStatNoIntICR                     9 ns
00:43:22.571959 /Devices/e1000#1/uStatRAD                          0 ns
00:43:22.571960 /Devices/e1000#1/uStatRID                          0 ns
00:43:22.571961 /Devices/e1000#1/uStatRxFrm                        0 ns
00:43:22.571961 /Devices/e1000#1/uStatTAD                          0 ns
00:43:22.571962 /Devices/e1000#1/uStatTID                          0 ns
00:43:22.571963 /Devices/e1000#1/uStatTx1514                     129 ns
00:43:22.571963 /Devices/e1000#1/uStatTx16384                      0 ns
00:43:22.571964 /Devices/e1000#1/uStatTx2962                       0 ns
00:43:22.571965 /Devices/e1000#1/uStatTx32768                      0 ns
00:43:22.571965 /Devices/e1000#1/uStatTx4410                       0 ns
00:43:22.571966 /Devices/e1000#1/uStatTx5858                       0 ns
00:43:22.571966 /Devices/e1000#1/uStatTx7306                       0 ns
00:43:22.571967 /Devices/e1000#1/uStatTx8754                       0 ns
00:43:22.571968 /Devices/e1000#1/uStatTxDelayExp                   0 ns
00:43:22.571968 /Devices/e1000#1/uStatTxDelayed                    0 ns
00:43:22.571969 /Devices/e1000#1/uStatTxFrm                      129 ns
00:43:22.571970 /Devices/e1000#1/uStatTxIDE                        0 ns
00:43:22.571970 /Devices/e1000#1/uStatTxLarge                      0 ns
00:43:22.571972 /Devices/e1000#1/uStatTxNoRS                       9 ns
00:43:22.571973 /Devices/hda/Codec/LookupsR0                       0 times
00:43:22.571974 /Devices/hda/Stream0/Reset                       504 ns/call (        3024 ns,       6 calls, max      1148, min     247)
00:43:22.571978 /Devices/hda/Stream4/Reset                       580 ns/call (       17424 ns,      30 calls, max      5071, min       1)
00:43:22.571985 /Devices/mc146818/Irq                              0 times
00:43:22.571985 /Devices/mc146818/IrqClear                         0 times
00:43:22.571986 /Devices/mc146818/PiActive                         0 ticks/call (           0 ticks,       0 calls, max         0, min      -1)
00:43:22.571987 /Devices/mc146818/PieFlip                          0 times
00:43:22.571988 /Devices/mc146818/TimerCB                          0 times
00:43:22.571989 /Devices/vga/HgmsiMdaCgaAccesses                   0 times
00:43:22.571989 /Devices/vga/VMSVGA/Cmd/3dActivateSurface          0 times
00:43:22.571990 /Devices/vga/VMSVGA/Cmd/3dBeginQuery               0 times
00:43:22.571991 /Devices/vga/VMSVGA/Cmd/3dBlitSurfaceToScreenProf         0 ticks/call (           0 ticks,       0 calls, max         0, min      -1)
00:43:22.571992 /Devices/vga/VMSVGA/Cmd/3dClear                    0 times
00:43:22.571992 /Devices/vga/VMSVGA/Cmd/3dContextDefine            0 times
00:43:22.571993 /Devices/vga/VMSVGA/Cmd/3dContextDestroy           0 times
00:43:22.571994 /Devices/vga/VMSVGA/Cmd/3dDeactivateSurface         0 times
00:43:22.571994 /Devices/vga/VMSVGA/Cmd/3dDrawPrimitives           0 times
00:43:22.571995 /Devices/vga/VMSVGA/Cmd/3dEndQuery                 0 times
00:43:22.571995 /Devices/vga/VMSVGA/Cmd/3dGenerateMipmaps          0 times
00:43:22.571996 /Devices/vga/VMSVGA/Cmd/3dPresent                  0 times
00:43:22.571997 /Devices/vga/VMSVGA/Cmd/3dPresentReadBack          0 times
00:43:22.571997 /Devices/vga/VMSVGA/Cmd/3dSetClipPlane             0 times
00:43:22.571998 /Devices/vga/VMSVGA/Cmd/3dSetLightData             0 times
00:43:22.571998 /Devices/vga/VMSVGA/Cmd/3dSetLightEnable           0 times
00:43:22.572003 /Devices/vga/VMSVGA/Cmd/3dSetMaterial              0 times
00:43:22.572003 /Devices/vga/VMSVGA/Cmd/3dSetRenderState           0 times
00:43:22.572004 /Devices/vga/VMSVGA/Cmd/3dSetRenderTarget          0 times
00:43:22.572004 /Devices/vga/VMSVGA/Cmd/3dSetScissorRect           0 times
00:43:22.572005 /Devices/vga/VMSVGA/Cmd/3dSetShader                0 times
00:43:22.572006 /Devices/vga/VMSVGA/Cmd/3dSetShaderConst           0 times
00:43:22.572006 /Devices/vga/VMSVGA/Cmd/3dSetTextureState          0 times
00:43:22.572007 /Devices/vga/VMSVGA/Cmd/3dSetTransform             0 times
00:43:22.572007 /Devices/vga/VMSVGA/Cmd/3dSetViewPort              0 times
00:43:22.572008 /Devices/vga/VMSVGA/Cmd/3dSetZRange                0 times
00:43:22.572008 /Devices/vga/VMSVGA/Cmd/3dShaderDefine             0 times
00:43:22.572009 /Devices/vga/VMSVGA/Cmd/3dShaderDestroy            0 times
00:43:22.572009 /Devices/vga/VMSVGA/Cmd/3dSurfaceCopy              0 times
00:43:22.572010 /Devices/vga/VMSVGA/Cmd/3dSurfaceDefine            0 times
00:43:22.572011 /Devices/vga/VMSVGA/Cmd/3dSurfaceDefineV2          0 times
00:43:22.572011 /Devices/vga/VMSVGA/Cmd/3dSurfaceDestroy           0 times
00:43:22.572012 /Devices/vga/VMSVGA/Cmd/3dSurfaceDma               0 times
00:43:22.572012 /Devices/vga/VMSVGA/Cmd/3dSurfaceScreen            0 times
00:43:22.572013 /Devices/vga/VMSVGA/Cmd/3dSurfaceStretchBlt         0 times
00:43:22.572013 /Devices/vga/VMSVGA/Cmd/3dWaitForQuery             0 times
00:43:22.572014 /Devices/vga/VMSVGA/Cmd/AnnotationCopy             0 times
00:43:22.572014 /Devices/vga/VMSVGA/Cmd/AnnotationFill             0 times
00:43:22.572015 /Devices/vga/VMSVGA/Cmd/BlitGmrFbToScreen          0 times
00:43:22.572016 /Devices/vga/VMSVGA/Cmd/BlitScreentoGmrFb          0 times
00:43:22.572016 /Devices/vga/VMSVGA/Cmd/DefineAlphaCursor          0 times
00:43:22.572017 /Devices/vga/VMSVGA/Cmd/DefineCursor               0 times
00:43:22.572018 /Devices/vga/VMSVGA/Cmd/DefineGmr2                 0 times
00:43:22.572019 /Devices/vga/VMSVGA/Cmd/DefineGmr2/Free            0 times
00:43:22.572020 /Devices/vga/VMSVGA/Cmd/DefineGmr2/Modify          0 times
00:43:22.572020 /Devices/vga/VMSVGA/Cmd/DefineGmrFb                0 times
00:43:22.572021 /Devices/vga/VMSVGA/Cmd/DefineScreen               0 times
00:43:22.572021 /Devices/vga/VMSVGA/Cmd/DestroyScreen              0 times
00:43:22.572022 /Devices/vga/VMSVGA/Cmd/DisplayCursor              0 times
00:43:22.572023 /Devices/vga/VMSVGA/Cmd/Escape                     0 times
00:43:22.572023 /Devices/vga/VMSVGA/Cmd/Fence                      0 times
00:43:22.572024 /Devices/vga/VMSVGA/Cmd/InvalidCmd                 0 times
00:43:22.572024 /Devices/vga/VMSVGA/Cmd/MoveCursor                 0 times
00:43:22.572025 /Devices/vga/VMSVGA/Cmd/RectCopy                   0 times
00:43:22.572026 /Devices/vga/VMSVGA/Cmd/RectFill                   0 times
00:43:22.572026 /Devices/vga/VMSVGA/Cmd/RectRopCopy                0 times
00:43:22.572027 /Devices/vga/VMSVGA/Cmd/RemapGmr2                  0 times
00:43:22.572027 /Devices/vga/VMSVGA/Cmd/RemapGmr2/Modify           0 times
00:43:22.572028 /Devices/vga/VMSVGA/Cmd/Update                     0 times
00:43:22.572029 /Devices/vga/VMSVGA/Cmd/UpdateVerbose              0 times
00:43:22.572029 /Devices/vga/VMSVGA/EmtDelayOnBusyFifo             0 ticks/call (           0 ticks,       0 calls, max         0, min      -1)
00:43:22.572030 /Devices/vga/VMSVGA/FifoCommands                   0 times
00:43:22.572031 /Devices/vga/VMSVGA/FifoCursorFetchAgain           0 times
00:43:22.572031 /Devices/vga/VMSVGA/FifoCursorNoChange             0 times
00:43:22.572032 /Devices/vga/VMSVGA/FifoCursorPosition             0 times
00:43:22.572032 /Devices/vga/VMSVGA/FifoCursorVisiblity            0 times
00:43:22.572033 /Devices/vga/VMSVGA/FifoErrors                     0 times
00:43:22.572034 /Devices/vga/VMSVGA/FifoExtendedSleep      51696513775 ticks/call (8891800369320 ticks,     172 calls, max 52940879194, min   22125)
00:43:22.572035 /Devices/vga/VMSVGA/FifoStalls                     0 ticks/call (           0 ticks,       0 calls, max         0, min      -1)
00:43:22.572036 /Devices/vga/VMSVGA/FifoTodoTimeout                0 times
00:43:22.572036 /Devices/vga/VMSVGA/FifoTodoWoken                  0 times
00:43:22.572037 /Devices/vga/VMSVGA/FifoUnknownCommands            0 times
00:43:22.572038 /Devices/vga/VMSVGA/FifoWatchdogWakeUps            0 times
00:43:22.572039 /Devices/vga/VMSVGA/Reg/BitsPerPixelRead           0 times
00:43:22.572040 /Devices/vga/VMSVGA/Reg/BitsPerPixelWrite          0 times
00:43:22.572040 /Devices/vga/VMSVGA/Reg/BlueMaskRead               0 times
00:43:22.572041 /Devices/vga/VMSVGA/Reg/BusyRead                   0 times
00:43:22.572041 /Devices/vga/VMSVGA/Reg/BusyWrite                  0 times
00:43:22.572042 /Devices/vga/VMSVGA/Reg/BytesPerLineRead           0 times
00:43:22.572043 /Devices/vga/VMSVGA/Reg/CapabilitesRead            0 times
00:43:22.572043 /Devices/vga/VMSVGA/Reg/CmdPrependHighRead         0 times
00:43:22.572044 /Devices/vga/VMSVGA/Reg/CmdPrependHighWrite         0 times
00:43:22.572044 /Devices/vga/VMSVGA/Reg/CmdPrependLowRead          0 times
00:43:22.572045 /Devices/vga/VMSVGA/Reg/CmdPrependLowWrite         0 times
00:43:22.572046 /Devices/vga/VMSVGA/Reg/CommandHighRead            0 times
00:43:22.572046 /Devices/vga/VMSVGA/Reg/CommandHighWrite           0 times
00:43:22.572047 /Devices/vga/VMSVGA/Reg/CommandLowRead             0 times
00:43:22.572047 /Devices/vga/VMSVGA/Reg/CommandLowWrite            0 times
00:43:22.572048 /Devices/vga/VMSVGA/Reg/ConfigDoneRead             0 times
00:43:22.572049 /Devices/vga/VMSVGA/Reg/ConfigDoneWrite            0 times
00:43:22.572049 /Devices/vga/VMSVGA/Reg/CursorIdRead               0 times
00:43:22.572050 /Devices/vga/VMSVGA/Reg/CursorIdWrite              0 times
00:43:22.572050 /Devices/vga/VMSVGA/Reg/CursorOnRead               0 times
00:43:22.572051 /Devices/vga/VMSVGA/Reg/CursorOnWrite              0 times
00:43:22.572052 /Devices/vga/VMSVGA/Reg/CursorXRead                0 times
00:43:22.572053 /Devices/vga/VMSVGA/Reg/CursorXWrite               0 times
00:43:22.572054 /Devices/vga/VMSVGA/Reg/CursorYRead                0 times
00:43:22.572054 /Devices/vga/VMSVGA/Reg/CursorYWrite               0 times
00:43:22.572055 /Devices/vga/VMSVGA/Reg/DepthRead                  0 times
00:43:22.572055 /Devices/vga/VMSVGA/Reg/DepthWrite                 0 times
00:43:22.572056 /Devices/vga/VMSVGA/Reg/DevCapRead                 0 times
00:43:22.572057 /Devices/vga/VMSVGA/Reg/DevCapWrite                0 times
00:43:22.572057 /Devices/vga/VMSVGA/Reg/DisplayHeightRead          0 times
00:43:22.572058 /Devices/vga/VMSVGA/Reg/DisplayHeightWrite         0 times
00:43:22.572058 /Devices/vga/VMSVGA/Reg/DisplayIdRead              0 times
00:43:22.572059 /Devices/vga/VMSVGA/Reg/DisplayIdWrite             0 times
00:43:22.572059 /Devices/vga/VMSVGA/Reg/DisplayIsPrimaryRead         0 times
00:43:22.572060 /Devices/vga/VMSVGA/Reg/DisplayIsPrimaryWrite         0 times
00:43:22.572060 /Devices/vga/VMSVGA/Reg/DisplayPositionXRead         0 times
00:43:22.572061 /Devices/vga/VMSVGA/Reg/DisplayPositionXWrite         0 times
00:43:22.572061 /Devices/vga/VMSVGA/Reg/DisplayPositionYRead         0 times
00:43:22.572062 /Devices/vga/VMSVGA/Reg/DisplayPositionYWrite         0 times
00:43:22.572062 /Devices/vga/VMSVGA/Reg/DisplayWidthRead           0 times
00:43:22.572063 /Devices/vga/VMSVGA/Reg/DisplayWidthWrite          0 times
00:43:22.572064 /Devices/vga/VMSVGA/Reg/EnableRead                 0 times
00:43:22.572064 /Devices/vga/VMSVGA/Reg/EnableWrite                0 times
00:43:22.572065 /Devices/vga/VMSVGA/Reg/FbOffsetRead               0 times
00:43:22.572065 /Devices/vga/VMSVGA/Reg/FbSizeRead                 0 times
00:43:22.572066 /Devices/vga/VMSVGA/Reg/FbStartRead                0 times
00:43:22.572066 /Devices/vga/VMSVGA/Reg/GBMemSizeRead              0 times
00:43:22.572067 /Devices/vga/VMSVGA/Reg/GmrDescriptorWrite         0 times
00:43:22.572067 /Devices/vga/VMSVGA/Reg/GmrDescriptorWrite/Errors         0 times
00:43:22.572068 /Devices/vga/VMSVGA/Reg/GmrDescriptorWrite/Free         0 times
00:43:22.572069 /Devices/vga/VMSVGA/Reg/GmrIdRead                  0 times
00:43:22.572069 /Devices/vga/VMSVGA/Reg/GmrIdWrite                 0 times
00:43:22.572070 /Devices/vga/VMSVGA/Reg/GmrMaxDescriptorLengthRead         0 times
00:43:22.572070 /Devices/vga/VMSVGA/Reg/GmrMaxIdsRead              0 times
00:43:22.572071 /Devices/vga/VMSVGA/Reg/GmrsMaxPagesRead           0 times
00:43:22.572071 /Devices/vga/VMSVGA/Reg/GreenMaskRead              0 times
00:43:22.572072 /Devices/vga/VMSVGA/Reg/GuestIdRead                0 times
00:43:22.572073 /Devices/vga/VMSVGA/Reg/GuestIdWrite               0 times
00:43:22.572073 /Devices/vga/VMSVGA/Reg/HeightRead                 0 times
00:43:22.572074 /Devices/vga/VMSVGA/Reg/HeightWrite                0 times
00:43:22.572074 /Devices/vga/VMSVGA/Reg/HostBitsPerPixelRead         0 times
00:43:22.572075 /Devices/vga/VMSVGA/Reg/IdRead                     0 times
00:43:22.572075 /Devices/vga/VMSVGA/Reg/IdWrite                    0 times
00:43:22.572076 /Devices/vga/VMSVGA/Reg/IrqMaskRead                0 times
00:43:22.572077 /Devices/vga/VMSVGA/Reg/IrqMaskWrite               0 times
00:43:22.572077 /Devices/vga/VMSVGA/Reg/MaxHeightRead              0 times
00:43:22.572078 /Devices/vga/VMSVGA/Reg/MaxPrimBBMemRead           0 times
00:43:22.572078 /Devices/vga/VMSVGA/Reg/MaxWidthRead               0 times
00:43:22.572079 /Devices/vga/VMSVGA/Reg/MemRegsRead                0 times
00:43:22.572079 /Devices/vga/VMSVGA/Reg/MemSizeRead                0 times
00:43:22.572080 /Devices/vga/VMSVGA/Reg/MemStartRead               0 times
00:43:22.572081 /Devices/vga/VMSVGA/Reg/MemorySizeRead             0 times
00:43:22.572081 /Devices/vga/VMSVGA/Reg/MobMaxSizeRead             0 times
00:43:22.572082 /Devices/vga/VMSVGA/Reg/NumDisplaysRead            0 times
00:43:22.572082 /Devices/vga/VMSVGA/Reg/NumDisplaysWrite           0 times
00:43:22.572084 /Devices/vga/VMSVGA/Reg/NumGuestDisplaysRead         0 times
00:43:22.572085 /Devices/vga/VMSVGA/Reg/NumGuestDisplaysWrite         0 times
00:43:22.572085 /Devices/vga/VMSVGA/Reg/PaletteRead                0 times
00:43:22.572086 /Devices/vga/VMSVGA/Reg/PaletteWrite               0 times
00:43:22.572086 /Devices/vga/VMSVGA/Reg/PitchLockRead              0 times
00:43:22.572087 /Devices/vga/VMSVGA/Reg/PitchLockWrite             0 times
00:43:22.572087 /Devices/vga/VMSVGA/Reg/PseudoColorWrite           0 times
00:43:22.572088 /Devices/vga/VMSVGA/Reg/PsuedoColorRead            0 times
00:43:22.572089 /Devices/vga/VMSVGA/Reg/ReadOnlyWrite              0 times
00:43:22.572089 /Devices/vga/VMSVGA/Reg/RedMaskRead                0 times
00:43:22.572090 /Devices/vga/VMSVGA/Reg/ScratchRead                0 times
00:43:22.572090 /Devices/vga/VMSVGA/Reg/ScratchSizeRead            0 times
00:43:22.572091 /Devices/vga/VMSVGA/Reg/ScratchWrite               0 times
00:43:22.572091 /Devices/vga/VMSVGA/Reg/ScrnTgtMaxHeightRead         0 times
00:43:22.572092 /Devices/vga/VMSVGA/Reg/ScrnTgtMaxWidthRead         0 times
00:43:22.572092 /Devices/vga/VMSVGA/Reg/SyncRead                   0 times
00:43:22.572093 /Devices/vga/VMSVGA/Reg/SyncWrite                  0 times
00:43:22.572094 /Devices/vga/VMSVGA/Reg/TopRead                    0 times
00:43:22.572094 /Devices/vga/VMSVGA/Reg/TopWrite                   0 times
00:43:22.572095 /Devices/vga/VMSVGA/Reg/TracesRead                 0 times
00:43:22.572095 /Devices/vga/VMSVGA/Reg/TracesWrite                0 times
00:43:22.572096 /Devices/vga/VMSVGA/Reg/UnknownRead                0 times
00:43:22.572097 /Devices/vga/VMSVGA/Reg/UnknownWrite               0 times
00:43:22.572097 /Devices/vga/VMSVGA/Reg/VramSizeRead               0 times
00:43:22.572098 /Devices/vga/VMSVGA/Reg/WidthRead                  0 times
00:43:22.572098 /Devices/vga/VMSVGA/Reg/WidthWrite                 0 times
00:43:22.572099 /Devices/vga/VMSVGA/Reg/WriteOnlyRead              0 times
00:43:22.572100 /Drivers/AUDIO-0/TotalStreamsCreated               0 count
00:43:22.572100 /Drivers/AUDIO-1/TotalStreamsCreated               0 count
00:43:22.572101 /Drivers/AUDIO-2/TotalStreamsCreated               0 count
00:43:22.572102 /Drivers/IntNet-0/BadFrames                        0 count
00:43:22.572102 /Drivers/IntNet-0/Bytes/Received                4106 bytes
00:43:22.572103 /Drivers/IntNet-0/Bytes/Sent                   22364 bytes
00:43:22.572104 /Drivers/IntNet-0/Overflows/Recv                   0 count
00:43:22.572104 /Drivers/IntNet-0/Overflows/Sent                   0 count
00:43:22.572105 /Drivers/IntNet-0/Packets/Lost                     0 count
00:43:22.572105 /Drivers/IntNet-0/Packets/Received                39 count
00:43:22.572106 /Drivers/IntNet-0/Packets/Received-Gso             0 count
00:43:22.572107 /Drivers/IntNet-0/Packets/Sent                   129 count
00:43:22.572107 /Drivers/IntNet-0/Packets/Sent-Gso                 0 count
00:43:22.572108 /Drivers/IntNet-0/Packets/Sent-R0                  0 count
00:43:22.572109 /Drivers/IntNet-0/Recv1                            0 ticks/call (           0 ticks,       0 calls, max         0, min      -1)
00:43:22.572110 /Drivers/IntNet-0/Recv2                            0 ticks/call (           0 ticks,       0 calls, max         0, min      -1)
00:43:22.572110 /Drivers/IntNet-0/Reserved                         0 ticks/call (           0 ticks,       0 calls, max         0, min      -1)
00:43:22.572111 /Drivers/IntNet-0/Send1                        10319 ticks/call (     1331179 ticks,     129 calls, max     45536, min     698)
00:43:22.572112 /Drivers/IntNet-0/Send2                            0 ticks/call (           0 ticks,       0 calls, max         0, min      -1)
00:43:22.572113 /Drivers/IntNet-0/XmitProcessRing                  0 count
00:43:22.572114 /Drivers/IntNet-0/XmitWakeup-R0                    0 count
00:43:22.572115 /Drivers/IntNet-0/XmitWakeup-R3                    0 count
00:43:22.572115 /Drivers/IntNet-0/YieldNok                         0 count
00:43:22.572118 /Drivers/IntNet-0/YieldOk                          0 count
00:43:22.572120 /EM/CPU0/ExitHashing/Used                          0 times
00:43:22.572121 /EM/CPU0/ExitOpt/Exec                              0 ticks/call (           0 ticks,       0 calls, max         0, min      -1)
00:43:22.572122 /EM/CPU0/ExitOpt/ExecInstructions                  0 times
00:43:22.572122 /EM/CPU0/ExitOpt/ExecRetReasonForcedFlag           0 times
00:43:22.572123 /EM/CPU0/ExitOpt/ExecRetReasonHostInterrupt         0 times
00:43:22.572123 /EM/CPU0/ExitOpt/ExecRetReasonLongJump             0 times
00:43:22.572124 /EM/CPU0/ExitOpt/ExecRetReasonMaxDistance          0 times
00:43:22.572124 /EM/CPU0/ExitOpt/ExecRetReasonMaxInstructions         0 times
00:43:22.572125 /EM/CPU0/ExitOpt/ExecRetReasonNormal               0 times
00:43:22.572125 /EM/CPU0/ExitOpt/ExecRetReasonTimer                0 times
00:43:22.572126 /EM/CPU0/ExitOpt/ExecSavedExit                     0 times
00:43:22.572126 /EM/CPU0/ExitOpt/Probe                             0 ticks/call (           0 ticks,       0 calls, max         0, min      -1)
00:43:22.572127 /EM/CPU0/ExitOpt/ProbeInstructions                 0 times
00:43:22.572127 /EM/CPU0/ExitOpt/ProbedExecWithMax                 0 times
00:43:22.572128 /EM/CPU0/ExitOpt/ProbedNormal                      0 times
00:43:22.572128 /EM/CPU0/ExitOpt/ProbedToRing3                     0 times
00:43:22.572129 /GIM/HyperV/0/Stimer0_Fired                        0 times
00:43:22.572130 /GIM/HyperV/0/Stimer1_Fired                        0 times
00:43:22.572130 /GIM/HyperV/0/Stimer2_Fired                        0 times
00:43:22.572131 /GIM/HyperV/0/Stimer3_Fired                        0 times
00:43:22.572131 /GIM/Hypercalls                                    3 times
00:43:22.572132 /GMM/ChunkTlbHits                                  0 times
00:43:22.572133 /GMM/ChunkTlbMisses                                0 times
00:43:22.572135 /GMM/VM/Allocated/cBasePages                  524391 pages
00:43:22.572136 /GMM/VM/Allocated/cFixedPages                      0 pages
00:43:22.572137 /GMM/VM/Allocated/cShadowPages                     0 pages
00:43:22.572137 /GMM/VM/Reserved/cBasePages                   524391 pages
00:43:22.572138 /GMM/VM/Reserved/cFixedPages                   34310 pages
00:43:22.572138 /GMM/VM/Reserved/cShadowPages                      1 pages
00:43:22.572139 /GMM/VM/cBalloonedPages                            0 pages
00:43:22.572140 /GMM/VM/cMaxBalloonedPages                         0 pages
00:43:22.572140 /GMM/VM/cPrivatePages                         524391 pages
00:43:22.572141 /GMM/VM/cReqActuallyBalloonedPages                 0 pages
00:43:22.572141 /GMM/VM/cReqBalloonedPages                         0 pages
00:43:22.572142 /GMM/VM/cReqDeflatePages                           0 pages
00:43:22.572142 /GMM/VM/cShareableModules                          0 count
00:43:22.572143 /GMM/VM/cSharedPages                               0 pages
00:43:22.572144 /GMM/VM/enmPolicy                                  1 
00:43:22.572144 /GMM/VM/enmPriority                                2 
00:43:22.572145 /GMM/VM/fBallooningEnabled                 false    
00:43:22.572146 /GMM/VM/fMayAllocate                       true     
00:43:22.572146 /GMM/VM/fSharedPagingEnabled               false    
00:43:22.572147 /GMM/cAllocatedPages                          524391 pages
00:43:22.572147 /GMM/cBalloonedPages                               0 pages
00:43:22.572148 /GMM/cChunks                                    1025 count
00:43:22.572149 /GMM/cDuplicatePages                               0 pages
00:43:22.572149 /GMM/cFreedChunks                               1025 count
00:43:22.572150 /GMM/cLeftBehindSharedPages                        0 pages
00:43:22.572151 /GMM/cMaxPages                             4294967295 pages
00:43:22.572151 /GMM/cOverCommittedPages                           0 pages
00:43:22.572152 /GMM/cReservedPages                           558702 pages
00:43:22.572152 /GMM/cShareableModules                             0 count
00:43:22.572154 /GMM/cSharedPages                                  0 pages
00:43:22.572155 /GMM/idFreeGeneration                            898 
00:43:22.572202 /GVMM/EMTs                                         1 count
00:43:22.572203 /GVMM/HostCPUs                                    28 count
00:43:22.572204 /GVMM/HostCpus/0                                   0 
00:43:22.572205 /GVMM/HostCpus/0/CurTimerHz                        0 Hz
00:43:22.572205 /GVMM/HostCpus/0/DesiredHz                         0 Hz
00:43:22.572206 /GVMM/HostCpus/0/PPTChanges                        0 times
00:43:22.572207 /GVMM/HostCpus/0/PPTStarts                         0 times
00:43:22.572207 /GVMM/HostCpus/0/idxCpuSet                         0 
00:43:22.572208 /GVMM/HostCpus/1                                   1 
00:43:22.572209 /GVMM/HostCpus/1/CurTimerHz                        0 Hz
00:43:22.572210 /GVMM/HostCpus/1/DesiredHz                         0 Hz
00:43:22.572210 /GVMM/HostCpus/1/PPTChanges                        0 times
00:43:22.572211 /GVMM/HostCpus/1/PPTStarts                         0 times
00:43:22.572212 /GVMM/HostCpus/1/idxCpuSet                         1 
00:43:22.572212 /GVMM/HostCpus/10                                 10 
00:43:22.572213 /GVMM/HostCpus/10/CurTimerHz                       0 Hz
00:43:22.572214 /GVMM/HostCpus/10/DesiredHz                        0 Hz
00:43:22.572214 /GVMM/HostCpus/10/PPTChanges                       0 times
00:43:22.572215 /GVMM/HostCpus/10/PPTStarts                        0 times
00:43:22.572216 /GVMM/HostCpus/10/idxCpuSet                       10 
00:43:22.572216 /GVMM/HostCpus/11                                 11 
00:43:22.572217 /GVMM/HostCpus/11/CurTimerHz                       0 Hz
00:43:22.572218 /GVMM/HostCpus/11/DesiredHz                        0 Hz
00:43:22.572218 /GVMM/HostCpus/11/PPTChanges                       0 times
00:43:22.572219 /GVMM/HostCpus/11/PPTStarts                        0 times
00:43:22.572220 /GVMM/HostCpus/11/idxCpuSet                       11 
00:43:22.572220 /GVMM/HostCpus/12                                 12 
00:43:22.572221 /GVMM/HostCpus/12/CurTimerHz                       0 Hz
00:43:22.572221 /GVMM/HostCpus/12/DesiredHz                        0 Hz
00:43:22.572222 /GVMM/HostCpus/12/PPTChanges                       0 times
00:43:22.572223 /GVMM/HostCpus/12/PPTStarts                        0 times
00:43:22.572223 /GVMM/HostCpus/12/idxCpuSet                       12 
00:43:22.572224 /GVMM/HostCpus/13                                 13 
00:43:22.572225 /GVMM/HostCpus/13/CurTimerHz                       0 Hz
00:43:22.572225 /GVMM/HostCpus/13/DesiredHz                        0 Hz
00:43:22.572226 /GVMM/HostCpus/13/PPTChanges                       0 times
00:43:22.572227 /GVMM/HostCpus/13/PPTStarts                        0 times
00:43:22.572227 /GVMM/HostCpus/13/idxCpuSet                       13 
00:43:22.572228 /GVMM/HostCpus/14                                 14 
00:43:22.572229 /GVMM/HostCpus/14/CurTimerHz                       0 Hz
00:43:22.572229 /GVMM/HostCpus/14/DesiredHz                        0 Hz
00:43:22.572230 /GVMM/HostCpus/14/PPTChanges                       0 times
00:43:22.572231 /GVMM/HostCpus/14/PPTStarts                        0 times
00:43:22.572231 /GVMM/HostCpus/14/idxCpuSet                       14 
00:43:22.572232 /GVMM/HostCpus/15                                 15 
00:43:22.572233 /GVMM/HostCpus/15/CurTimerHz                       0 Hz
00:43:22.572233 /GVMM/HostCpus/15/DesiredHz                        0 Hz
00:43:22.572234 /GVMM/HostCpus/15/PPTChanges                       0 times
00:43:22.572234 /GVMM/HostCpus/15/PPTStarts                        0 times
00:43:22.572235 /GVMM/HostCpus/15/idxCpuSet                       15 
00:43:22.572236 /GVMM/HostCpus/16                                 16 
00:43:22.572236 /GVMM/HostCpus/16/CurTimerHz                       0 Hz
00:43:22.572237 /GVMM/HostCpus/16/DesiredHz                        0 Hz
00:43:22.572238 /GVMM/HostCpus/16/PPTChanges                       0 times
00:43:22.572238 /GVMM/HostCpus/16/PPTStarts                        0 times
00:43:22.572240 /GVMM/HostCpus/16/idxCpuSet                       16 
00:43:22.572241 /GVMM/HostCpus/17                                 17 
00:43:22.572241 /GVMM/HostCpus/17/CurTimerHz                       0 Hz
00:43:22.572242 /GVMM/HostCpus/17/DesiredHz                        0 Hz
00:43:22.572243 /GVMM/HostCpus/17/PPTChanges                       0 times
00:43:22.572243 /GVMM/HostCpus/17/PPTStarts                        0 times
00:43:22.572244 /GVMM/HostCpus/17/idxCpuSet                       17 
00:43:22.572245 /GVMM/HostCpus/18                                 18 
00:43:22.572245 /GVMM/HostCpus/18/CurTimerHz                       0 Hz
00:43:22.572246 /GVMM/HostCpus/18/DesiredHz                        0 Hz
00:43:22.572247 /GVMM/HostCpus/18/PPTChanges                       0 times
00:43:22.572247 /GVMM/HostCpus/18/PPTStarts                        0 times
00:43:22.572248 /GVMM/HostCpus/18/idxCpuSet                       18 
00:43:22.572249 /GVMM/HostCpus/19                                 19 
00:43:22.572249 /GVMM/HostCpus/19/CurTimerHz                       0 Hz
00:43:22.572250 /GVMM/HostCpus/19/DesiredHz                        0 Hz
00:43:22.572251 /GVMM/HostCpus/19/PPTChanges                       0 times
00:43:22.572251 /GVMM/HostCpus/19/PPTStarts                        0 times
00:43:22.572252 /GVMM/HostCpus/19/idxCpuSet                       19 
00:43:22.572253 /GVMM/HostCpus/2                                   2 
00:43:22.572253 /GVMM/HostCpus/2/CurTimerHz                        0 Hz
00:43:22.572254 /GVMM/HostCpus/2/DesiredHz                         0 Hz
00:43:22.572255 /GVMM/HostCpus/2/PPTChanges                        0 times
00:43:22.572255 /GVMM/HostCpus/2/PPTStarts                         0 times
00:43:22.572256 /GVMM/HostCpus/2/idxCpuSet                         2 
00:43:22.572257 /GVMM/HostCpus/20                                 20 
00:43:22.572257 /GVMM/HostCpus/20/CurTimerHz                       0 Hz
00:43:22.572258 /GVMM/HostCpus/20/DesiredHz                        0 Hz
00:43:22.572259 /GVMM/HostCpus/20/PPTChanges                       0 times
00:43:22.572259 /GVMM/HostCpus/20/PPTStarts                        0 times
00:43:22.572260 /GVMM/HostCpus/20/idxCpuSet                       20 
00:43:22.572260 /GVMM/HostCpus/21                                 21 
00:43:22.572261 /GVMM/HostCpus/21/CurTimerHz                       0 Hz
00:43:22.572262 /GVMM/HostCpus/21/DesiredHz                        0 Hz
00:43:22.572262 /GVMM/HostCpus/21/PPTChanges                       0 times
00:43:22.572263 /GVMM/HostCpus/21/PPTStarts                        0 times
00:43:22.572264 /GVMM/HostCpus/21/idxCpuSet                       21 
00:43:22.572264 /GVMM/HostCpus/22                                 22 
00:43:22.572265 /GVMM/HostCpus/22/CurTimerHz                       0 Hz
00:43:22.572266 /GVMM/HostCpus/22/DesiredHz                        0 Hz
00:43:22.572266 /GVMM/HostCpus/22/PPTChanges                       0 times
00:43:22.572267 /GVMM/HostCpus/22/PPTStarts                        0 times
00:43:22.572268 /GVMM/HostCpus/22/idxCpuSet                       22 
00:43:22.572268 /GVMM/HostCpus/23                                 23 
00:43:22.572269 /GVMM/HostCpus/23/CurTimerHz                       0 Hz
00:43:22.572270 /GVMM/HostCpus/23/DesiredHz                        0 Hz
00:43:22.572270 /GVMM/HostCpus/23/PPTChanges                       0 times
00:43:22.572271 /GVMM/HostCpus/23/PPTStarts                        0 times
00:43:22.572271 /GVMM/HostCpus/23/idxCpuSet                       23 
00:43:22.572272 /GVMM/HostCpus/24                                 24 
00:43:22.572273 /GVMM/HostCpus/24/CurTimerHz                       0 Hz
00:43:22.572273 /GVMM/HostCpus/24/DesiredHz                        0 Hz
00:43:22.572274 /GVMM/HostCpus/24/PPTChanges                       0 times
00:43:22.572275 /GVMM/HostCpus/24/PPTStarts                        0 times
00:43:22.572275 /GVMM/HostCpus/24/idxCpuSet                       24 
00:43:22.572276 /GVMM/HostCpus/25                                 25 
00:43:22.572278 /GVMM/HostCpus/25/CurTimerHz                       0 Hz
00:43:22.572278 /GVMM/HostCpus/25/DesiredHz                        0 Hz
00:43:22.572279 /GVMM/HostCpus/25/PPTChanges                       0 times
00:43:22.572280 /GVMM/HostCpus/25/PPTStarts                        0 times
00:43:22.572280 /GVMM/HostCpus/25/idxCpuSet                       25 
00:43:22.572281 /GVMM/HostCpus/26                                 26 
00:43:22.572282 /GVMM/HostCpus/26/CurTimerHz                       0 Hz
00:43:22.572282 /GVMM/HostCpus/26/DesiredHz                        0 Hz
00:43:22.572283 /GVMM/HostCpus/26/PPTChanges                       0 times
00:43:22.572284 /GVMM/HostCpus/26/PPTStarts                        0 times
00:43:22.572284 /GVMM/HostCpus/26/idxCpuSet                       26 
00:43:22.572285 /GVMM/HostCpus/27                                 27 
00:43:22.572286 /GVMM/HostCpus/27/CurTimerHz                       0 Hz
00:43:22.572286 /GVMM/HostCpus/27/DesiredHz                        0 Hz
00:43:22.572287 /GVMM/HostCpus/27/PPTChanges                       0 times
00:43:22.572288 /GVMM/HostCpus/27/PPTStarts                        0 times
00:43:22.572288 /GVMM/HostCpus/27/idxCpuSet                       27 
00:43:22.572289 /GVMM/HostCpus/3                                   3 
00:43:22.572290 /GVMM/HostCpus/3/CurTimerHz                        0 Hz
00:43:22.572290 /GVMM/HostCpus/3/DesiredHz                         0 Hz
00:43:22.572291 /GVMM/HostCpus/3/PPTChanges                        0 times
00:43:22.572292 /GVMM/HostCpus/3/PPTStarts                         0 times
00:43:22.572292 /GVMM/HostCpus/3/idxCpuSet                         3 
00:43:22.572293 /GVMM/HostCpus/4                                   4 
00:43:22.572294 /GVMM/HostCpus/4/CurTimerHz                        0 Hz
00:43:22.572294 /GVMM/HostCpus/4/DesiredHz                         0 Hz
00:43:22.572295 /GVMM/HostCpus/4/PPTChanges                        0 times
00:43:22.572296 /GVMM/HostCpus/4/PPTStarts                         0 times
00:43:22.572296 /GVMM/HostCpus/4/idxCpuSet                         4 
00:43:22.572297 /GVMM/HostCpus/5                                   5 
00:43:22.572298 /GVMM/HostCpus/5/CurTimerHz                        0 Hz
00:43:22.572298 /GVMM/HostCpus/5/DesiredHz                         0 Hz
00:43:22.572299 /GVMM/HostCpus/5/PPTChanges                        0 times
00:43:22.572300 /GVMM/HostCpus/5/PPTStarts                         0 times
00:43:22.572300 /GVMM/HostCpus/5/idxCpuSet                         5 
00:43:22.572301 /GVMM/HostCpus/6                                   6 
00:43:22.572302 /GVMM/HostCpus/6/CurTimerHz                        0 Hz
00:43:22.572302 /GVMM/HostCpus/6/DesiredHz                         0 Hz
00:43:22.572303 /GVMM/HostCpus/6/PPTChanges                        0 times
00:43:22.572304 /GVMM/HostCpus/6/PPTStarts                         0 times
00:43:22.572304 /GVMM/HostCpus/6/idxCpuSet                         6 
00:43:22.572305 /GVMM/HostCpus/7                                   7 
00:43:22.572306 /GVMM/HostCpus/7/CurTimerHz                        0 Hz
00:43:22.572306 /GVMM/HostCpus/7/DesiredHz                         0 Hz
00:43:22.572307 /GVMM/HostCpus/7/PPTChanges                        0 times
00:43:22.572308 /GVMM/HostCpus/7/PPTStarts                         0 times
00:43:22.572308 /GVMM/HostCpus/7/idxCpuSet                         7 
00:43:22.572309 /GVMM/HostCpus/8                                   8 
00:43:22.572310 /GVMM/HostCpus/8/CurTimerHz                        0 Hz
00:43:22.572310 /GVMM/HostCpus/8/DesiredHz                         0 Hz
00:43:22.572311 /GVMM/HostCpus/8/PPTChanges                        0 times
00:43:22.572312 /GVMM/HostCpus/8/PPTStarts                         0 times
00:43:22.572312 /GVMM/HostCpus/8/idxCpuSet                         8 
00:43:22.572313 /GVMM/HostCpus/9                                   9 
00:43:22.572314 /GVMM/HostCpus/9/CurTimerHz                        0 Hz
00:43:22.572314 /GVMM/HostCpus/9/DesiredHz                         0 Hz
00:43:22.572315 /GVMM/HostCpus/9/PPTChanges                        0 times
00:43:22.572316 /GVMM/HostCpus/9/PPTStarts                         0 times
00:43:22.572317 /GVMM/HostCpus/9/idxCpuSet                         9 
00:43:22.572318 /GVMM/Sum/HaltBlocking                       1416305 calls
00:43:22.572319 /GVMM/Sum/HaltCalls                          1416546 calls
00:43:22.572319 /GVMM/Sum/HaltNotBlocking                        241 calls
00:43:22.572320 /GVMM/Sum/HaltTimeouts                       1178473 calls
00:43:22.572321 /GVMM/Sum/HaltWakeUps                              0 calls
00:43:22.572321 /GVMM/Sum/PokeCalls                           471545 calls
00:43:22.572322 /GVMM/Sum/PokeNotBusy                          18110 calls
00:43:22.572323 /GVMM/Sum/PollCalls                                0 calls
00:43:22.572324 /GVMM/Sum/PollHalts                                0 calls
00:43:22.572324 /GVMM/Sum/PollWakeUps                              0 calls
00:43:22.572325 /GVMM/Sum/WakeUpCalls                         238423 calls
00:43:22.572326 /GVMM/Sum/WakeUpNotHalted                       3023 calls
00:43:22.572326 /GVMM/Sum/WakeUpWakeUps                            0 calls
00:43:22.572327 /GVMM/VCpus/0/Start                                0 ticks/call (           0 ticks,       0 calls, max         0, min       0)
00:43:22.572328 /GVMM/VCpus/0/Stop                                 0 ticks/call (           0 ticks,       0 calls, max         0, min       0)
00:43:22.572329 /GVMM/VCpus/0/cWakeUpTimerCanceled                 0 times
00:43:22.572330 /GVMM/VCpus/0/cWakeUpTimerHits                     0 times
00:43:22.572330 /GVMM/VCpus/0/cWakeUpTimerMisses                   0 times
00:43:22.572331 /GVMM/VCpus/0/cWakeUpTimerSameCpu                  0 times
00:43:22.572332 /GVMM/VM/HaltBlocking                        1416305 calls
00:43:22.572332 /GVMM/VM/HaltCalls                           1416546 calls
00:43:22.572333 /GVMM/VM/HaltNotBlocking                         241 calls
00:43:22.572335 /GVMM/VM/HaltTimeouts                        1178473 calls
00:43:22.572335 /GVMM/VM/HaltWakeUps                               0 calls
00:43:22.572336 /GVMM/VM/PokeCalls                            471545 calls
00:43:22.572337 /GVMM/VM/PokeNotBusy                           18110 calls
00:43:22.572337 /GVMM/VM/PollCalls                                 0 calls
00:43:22.572338 /GVMM/VM/PollHalts                                 0 calls
00:43:22.572338 /GVMM/VM/PollWakeUps                               0 calls
00:43:22.572339 /GVMM/VM/WakeUpCalls                          238423 calls
00:43:22.572340 /GVMM/VM/WakeUpNotHalted                        3023 calls
00:43:22.572340 /GVMM/VM/WakeUpWakeUps                             0 calls
00:43:22.572341 /GVMM/VMs                                          1 count
00:43:22.572341 /HGCM/FailedPageListLocking                        0 count
00:43:22.572342 /HGCM/LargeCmdAllocs                               0 count
00:43:22.572343 /HGCM/MsgArrival                                   0 ticks/call (           0 ticks,       0 calls, max         0, min      -1)
00:43:22.572344 /HGCM/MsgCompletion                                0 ticks/call (           0 ticks,       0 calls, max         0, min      -1)
00:43:22.572344 /HGCM/MsgTotal                                     0 ticks/call (           0 ticks,       0 calls, max         0, min      -1)
00:43:22.572345 /HM/CPU0/Exit/HostNmiInGC                          0 times
00:43:22.572346 /HM/CPU0/Exit/HostNmiInGCIpi                       0 times
00:43:22.572346 /HM/CPU0/Exit/PreemptTimer                     51245 times
00:43:22.572347 /HM/CPU0/Exit/Trap/Gst/#AC                         0 times
00:43:22.572348 /HM/CPU0/Exit/Trap/Gst/#AC-split-lock              9 times
00:43:22.572348 /HM/CPU0/ImportGuestStateFallback                542 times
00:43:22.572349 /HM/CPU0/PreemptTimer                          51245 times
00:43:22.572349 /HM/CPU0/PreemptTimer/RecalcingDeadline      1822577 times
00:43:22.572350 /HM/CPU0/PreemptTimer/RecalcingDeadlineExpired      2832 times
00:43:22.572350 /HM/CPU0/PreemptTimer/ReusingDeadline           1669 times
00:43:22.572352 /HM/CPU0/PreemptTimer/ReusingDeadlineExpired      1194 times
00:43:22.572352 /HM/CPU0/ReadToTransientFallback                   0 times
00:43:22.572353 /HM/CPU0/Switch/Preempting                     53645 times
00:43:22.572356 /IEM/CPU0/Tlb/Code/InvlPg                          0 
00:43:22.572357 /IEM/CPU0/Tlb/Code/InvlPg/LargeGlobal              0 
00:43:22.572358 /IEM/CPU0/Tlb/Code/InvlPg/LargeNonGlobal           0 
00:43:22.572358 /IEM/CPU0/Tlb/Code/LargePageGlobalCurLoads         0 count
00:43:22.572359 /IEM/CPU0/Tlb/Code/LargePageGlobalFirstTag ffffffffffffffff count
00:43:22.572359 /IEM/CPU0/Tlb/Code/LargePageGlobalLastTag          0 count
00:43:22.572360 /IEM/CPU0/Tlb/Code/LargePageNonGlobalCurLoads         0 count
00:43:22.572360 /IEM/CPU0/Tlb/Code/LargePageNonGlobalFirstTag ffffffffffffffff count
00:43:22.572361 /IEM/CPU0/Tlb/Code/LargePageNonGlobalLastTag         0 count
00:43:22.572361 /IEM/CPU0/Tlb/Code/Misses                          0 count
00:43:22.572362 /IEM/CPU0/Tlb/Code/Misses/GlobalLoads              0 count
00:43:22.572363 /IEM/CPU0/Tlb/Code/PhysicalRevision        fffffffffffce000 
00:43:22.572363 /IEM/CPU0/Tlb/Code/PhysicalRevisionFlushes         0 
00:43:22.572364 /IEM/CPU0/Tlb/Code/PhysicalRevisionRollovers         0 
00:43:22.572364 /IEM/CPU0/Tlb/Code/RevisionGlobal          fffff38000000000 
00:43:22.572365 /IEM/CPU0/Tlb/Code/RevisionGlobalFlushes           0 
00:43:22.572365 /IEM/CPU0/Tlb/Code/RevisionNonGlobal       fffff38000000000 
00:43:22.572366 /IEM/CPU0/Tlb/Code/RevisionNonGlobalFlushes         0 
00:43:22.572366 /IEM/CPU0/Tlb/Code/RevisionRollovers               0 
00:43:22.572367 /IEM/CPU0/Tlb/Code/SlowReads                       0 count
00:43:22.572368 /IEM/CPU0/Tlb/Data/InvlPg                          0 
00:43:22.572368 /IEM/CPU0/Tlb/Data/InvlPg/LargeGlobal              0 
00:43:22.572369 /IEM/CPU0/Tlb/Data/InvlPg/LargeNonGlobal           0 
00:43:22.572369 /IEM/CPU0/Tlb/Data/LargePageGlobalCurLoads         0 count
00:43:22.572370 /IEM/CPU0/Tlb/Data/LargePageGlobalFirstTag ffffffffffffffff count
00:43:22.572370 /IEM/CPU0/Tlb/Data/LargePageGlobalLastTag          0 count
00:43:22.572371 /IEM/CPU0/Tlb/Data/LargePageNonGlobalCurLoads         0 count
00:43:22.572371 /IEM/CPU0/Tlb/Data/LargePageNonGlobalFirstTag ffffffffffffffff count
00:43:22.572372 /IEM/CPU0/Tlb/Data/LargePageNonGlobalLastTag         0 count
00:43:22.572372 /IEM/CPU0/Tlb/Data/Misses                          0 count
00:43:22.572373 /IEM/CPU0/Tlb/Data/Misses/Core                     0 count
00:43:22.572373 /IEM/CPU0/Tlb/Data/Misses/Core/GlobalLoads         0 count
00:43:22.572374 /IEM/CPU0/Tlb/Data/Misses/Safe                     0 count
00:43:22.572374 /IEM/CPU0/Tlb/Data/Misses/Safe/Reads               0 count
00:43:22.572375 /IEM/CPU0/Tlb/Data/Misses/Safe/SubPartHits         0 count
00:43:22.572375 /IEM/CPU0/Tlb/Data/Misses/Safe/SubPartMisses         0 count
00:43:22.572376 /IEM/CPU0/Tlb/Data/Misses/Safe/SubPartMisses/GlobalLoads         0 count
00:43:22.572376 /IEM/CPU0/Tlb/Data/Misses/Safe/Writes              0 count
00:43:22.572377 /IEM/CPU0/Tlb/Data/PhysicalRevision        fffffffffffce000 
00:43:22.572377 /IEM/CPU0/Tlb/Data/PhysicalRevisionFlushes         0 
00:43:22.572378 /IEM/CPU0/Tlb/Data/PhysicalRevisionRollovers         0 
00:43:22.572378 /IEM/CPU0/Tlb/Data/RevisionGlobal          fffff38000000000 
00:43:22.572379 /IEM/CPU0/Tlb/Data/RevisionGlobalFlushes           0 
00:43:22.572379 /IEM/CPU0/Tlb/Data/RevisionNonGlobal       fffff38000000000 
00:43:22.572380 /IEM/CPU0/Tlb/Data/RevisionNonGlobalFlushes         0 
00:43:22.572380 /IEM/CPU0/Tlb/Data/RevisionRollovers               0 
00:43:22.572381 /IEM/CPU0/cInstructions                      7043736 count
00:43:22.572381 /IEM/CPU0/cLongJumps                             464 bytes
00:43:22.572382 /IEM/CPU0/cMisalignedAtomics                       0 count
00:43:22.572383 /IEM/CPU0/cPendingCommit                           0 count
00:43:22.572383 /IEM/CPU0/cPotentialExits                      60241 count
00:43:22.572384 /IEM/CPU0/cRetAspectNotImplemented                 0 count
00:43:22.572385 /IEM/CPU0/cRetErrStatuses                          0 count
00:43:22.572386 /IEM/CPU0/cRetInfStatuses                        484 count
00:43:22.572386 /IEM/CPU0/cRetInstrNotImplemented                  0 count
00:43:22.572387 /IOM/MmioMappingsStale                             0 ticks/call
00:43:22.572388 /IOM/MmioTooDeepRecursion                          0 times
00:43:22.572388 /PDM/BlkCache/cbCached                             0 bytes
00:43:22.572389 /PDM/BlkCache/cbCachedFru                          0 bytes
00:43:22.572390 /PDM/BlkCache/cbCachedMruIn                        0 bytes
00:43:22.572390 /PDM/BlkCache/cbCachedMruOut                       0 bytes
00:43:22.572391 /PDM/BlkCache/cbMax                          5242880 bytes
00:43:22.572391 /PDM/CritSects/00-AbortedEnters                    0 times
00:43:22.572392 /PDM/CritSects/00-EntersWhileAborting              0 times
00:43:22.572392 /PDM/CritSects/00-Non-interruptible-Waits-VINF_SUCCESS         0 times
00:43:22.572393 /PDM/CritSects/00-QueuedLeaves                     0 times
00:43:22.572394 /PDM/CritSects/00-VERR_INTERRUPTED                 0 times
00:43:22.572394 /PDM/CritSects/00-VERR_TIMEOUT                     0 times
00:43:22.572395 /PDM/CritSects/8237A#0Auto/ContentionR3            0 times
00:43:22.572395 /PDM/CritSects/8237A#0Auto/ContentionR3Wait         0 ticks/time (           0 ticks,       0 times, max         0, min      -1)
00:43:22.572396 /PDM/CritSects/8237A#0Auto/ContentionRZLock         0 times
00:43:22.572396 /PDM/CritSects/8237A#0Auto/ContentionRZLockBusy         0 times
00:43:22.572397 /PDM/CritSects/8237A#0Auto/ContentionRZUnlock         0 times
00:43:22.572397 /PDM/CritSects/8237A#0Auto/ContentionRZWait         0 ticks/time (           0 ticks,       0 times, max         0, min      -1)
00:43:22.572398 /PDM/CritSects/AHCI#0/ContentionR3               153 times
00:43:22.572398 /PDM/CritSects/AHCI#0/ContentionR3Wait         13032 ticks/time (     1994008 ticks,     153 times, max     92864, min    3099)
00:43:22.572399 /PDM/CritSects/AHCI#0/ContentionRZLock             8 times
00:43:22.572400 /PDM/CritSects/AHCI#0/ContentionRZLockBusy         0 times
00:43:22.572400 /PDM/CritSects/AHCI#0/ContentionRZUnlock           0 times
00:43:22.572401 /PDM/CritSects/AHCI#0/ContentionRZWait        135182 ticks/time (     1081458 ticks,       8 times, max    332225, min   32388)
00:43:22.572402 /PDM/CritSects/E1000#0/ContentionR3             3778 times
00:43:22.572402 /PDM/CritSects/E1000#0/ContentionR3Wait        43718 ticks/time (   165212728 ticks,    3779 times, max   3596830, min    1003)
00:43:22.572403 /PDM/CritSects/E1000#0/ContentionRZLock           60 times
00:43:22.572404 /PDM/CritSects/E1000#0/ContentionRZLockBusy         0 times
00:43:22.572404 /PDM/CritSects/E1000#0/ContentionRZUnlock          0 times
00:43:22.572405 /PDM/CritSects/E1000#0/ContentionRZWait        77983 ticks/time (     4678995 ticks,      60 times, max    332852, min    1347)
00:43:22.572406 /PDM/CritSects/E1000#0RX/ContentionR3             10 times
00:43:22.572406 /PDM/CritSects/E1000#0RX/ContentionR3Wait      15729 ticks/time (      157292 ticks,      10 times, max     56710, min    4033)
00:43:22.572407 /PDM/CritSects/E1000#0RX/ContentionRZLock          2 times
00:43:22.572408 /PDM/CritSects/E1000#0RX/ContentionRZLockBusy         0 times
00:43:22.572408 /PDM/CritSects/E1000#0RX/ContentionRZUnlock         0 times
00:43:22.572408 /PDM/CritSects/E1000#0RX/ContentionRZWait     346111 ticks/time (      692222 ticks,       2 times, max    347618, min  344604)
00:43:22.572409 /PDM/CritSects/E1000#0TX/ContentionR3              0 times
00:43:22.572410 /PDM/CritSects/E1000#0TX/ContentionR3Wait          0 ticks/time (           0 ticks,       0 times, max         0, min      -1)
00:43:22.572410 /PDM/CritSects/E1000#0TX/ContentionRZLock          0 times
00:43:22.572411 /PDM/CritSects/E1000#0TX/ContentionRZLockBusy         0 times
00:43:22.572411 /PDM/CritSects/E1000#0TX/ContentionRZUnlock         0 times
00:43:22.572413 /PDM/CritSects/E1000#0TX/ContentionRZWait          0 ticks/time (           0 ticks,       0 times, max         0, min      -1)
00:43:22.572414 /PDM/CritSects/E1000#1/ContentionR3                0 times
00:43:22.572414 /PDM/CritSects/E1000#1/ContentionR3Wait            0 ticks/time (           0 ticks,       0 times, max         0, min      -1)
00:43:22.572415 /PDM/CritSects/E1000#1/ContentionRZLock            0 times
00:43:22.572415 /PDM/CritSects/E1000#1/ContentionRZLockBusy         0 times
00:43:22.572416 /PDM/CritSects/E1000#1/ContentionRZUnlock          0 times
00:43:22.572416 /PDM/CritSects/E1000#1/ContentionRZWait            0 ticks/time (           0 ticks,       0 times, max         0, min      -1)
00:43:22.572417 /PDM/CritSects/E1000#1RX/ContentionR3              0 times
00:43:22.572417 /PDM/CritSects/E1000#1RX/ContentionR3Wait          0 ticks/time (           0 ticks,       0 times, max         0, min      -1)
00:43:22.572418 /PDM/CritSects/E1000#1RX/ContentionRZLock          0 times
00:43:22.572419 /PDM/CritSects/E1000#1RX/ContentionRZLockBusy         0 times
00:43:22.572419 /PDM/CritSects/E1000#1RX/ContentionRZUnlock         0 times
00:43:22.572420 /PDM/CritSects/E1000#1RX/ContentionRZWait          0 ticks/time (           0 ticks,       0 times, max         0, min      -1)
00:43:22.572420 /PDM/CritSects/E1000#1TX/ContentionR3              0 times
00:43:22.572421 /PDM/CritSects/E1000#1TX/ContentionR3Wait          0 ticks/time (           0 ticks,       0 times, max         0, min      -1)
00:43:22.572421 /PDM/CritSects/E1000#1TX/ContentionRZLock          0 times
00:43:22.572422 /PDM/CritSects/E1000#1TX/ContentionRZLockBusy         0 times
00:43:22.572422 /PDM/CritSects/E1000#1TX/ContentionRZUnlock         0 times
00:43:22.572423 /PDM/CritSects/E1000#1TX/ContentionRZWait          0 ticks/time (           0 ticks,       0 times, max         0, min      -1)
00:43:22.572423 /PDM/CritSects/GIMDev#0Auto/ContentionR3           0 times
00:43:22.572424 /PDM/CritSects/GIMDev#0Auto/ContentionR3Wait         0 ticks/time (           0 ticks,       0 times, max         0, min      -1)
00:43:22.572425 /PDM/CritSects/GIMDev#0Auto/ContentionRZLock         0 times
00:43:22.572425 /PDM/CritSects/GIMDev#0Auto/ContentionRZLockBusy         0 times
00:43:22.572426 /PDM/CritSects/GIMDev#0Auto/ContentionRZUnlock         0 times
00:43:22.572426 /PDM/CritSects/GIMDev#0Auto/ContentionRZWait         0 ticks/time (           0 ticks,       0 times, max         0, min      -1)
00:43:22.572427 /PDM/CritSects/HDA/ContentionR3                    0 times
00:43:22.572427 /PDM/CritSects/HDA/ContentionR3Wait                0 ticks/time (           0 ticks,       0 times, max         0, min      -1)
00:43:22.572428 /PDM/CritSects/HDA/ContentionRZLock                2 times
00:43:22.572429 /PDM/CritSects/HDA/ContentionRZLockBusy            0 times
00:43:22.572429 /PDM/CritSects/HDA/ContentionRZUnlock              0 times
00:43:22.572430 /PDM/CritSects/HDA/ContentionRZWait            73142 ticks/time (      146284 ticks,       2 times, max    116210, min   30074)
00:43:22.572431 /PDM/CritSects/IntNetXmit_0/ContentionR3           0 times
00:43:22.572431 /PDM/CritSects/IntNetXmit_0/ContentionR3Wait         0 ticks/time (           0 ticks,       0 times, max         0, min      -1)
00:43:22.572432 /PDM/CritSects/IntNetXmit_0/ContentionRZLock         0 times
00:43:22.572432 /PDM/CritSects/IntNetXmit_0/ContentionRZLockBusy         0 times
00:43:22.572433 /PDM/CritSects/IntNetXmit_0/ContentionRZUnlock         0 times
00:43:22.572433 /PDM/CritSects/IntNetXmit_0/ContentionRZWait         0 ticks/time (           0 ticks,       0 times, max         0, min      -1)
00:43:22.572434 /PDM/CritSects/NOP/ContentionR3                    0 times
00:43:22.572434 /PDM/CritSects/NOP/ContentionR3Wait                0 ticks/time (           0 ticks,       0 times, max         0, min      -1)
00:43:22.572435 /PDM/CritSects/NOP/ContentionRZLock                0 times
00:43:22.572435 /PDM/CritSects/NOP/ContentionRZLockBusy            0 times
00:43:22.572436 /PDM/CritSects/NOP/ContentionRZUnlock              0 times
00:43:22.572437 /PDM/CritSects/NOP/ContentionRZWait                0 ticks/time (           0 ticks,       0 times, max         0, min      -1)
00:43:22.572438 /PDM/CritSects/PDM/ContentionR3                  113 times
00:43:22.572439 /PDM/CritSects/PDM/ContentionR3Wait            22126 ticks/time (     2500323 ticks,     113 times, max    306820, min    3613)
00:43:22.572439 /PDM/CritSects/PDM/ContentionRZLock                4 times
00:43:22.572440 /PDM/CritSects/PDM/ContentionRZLockBusy            0 times
00:43:22.572440 /PDM/CritSects/PDM/ContentionRZUnlock              0 times
00:43:22.572441 /PDM/CritSects/PDM/ContentionRZWait            81540 ticks/time (      326162 ticks,       4 times, max    242650, min   22949)
00:43:22.572442 /PDM/CritSects/PGM/ContentionR3                90689 times
00:43:22.572442 /PDM/CritSects/PGM/ContentionR3Wait            11437 ticks/time (  1037292936 ticks,   90690 times, max   2278839, min    1103)
00:43:22.572443 /PDM/CritSects/PGM/ContentionRZLock            16188 times
00:43:22.572444 /PDM/CritSects/PGM/ContentionRZLockBusy            0 times
00:43:22.572444 /PDM/CritSects/PGM/ContentionRZUnlock              0 times
00:43:22.572445 /PDM/CritSects/PGM/ContentionRZWait            44530 ticks/time (   720858210 ticks,   16188 times, max   3520807, min     586)
00:43:22.572446 /PDM/CritSects/TM VirtualSync Lock/ContentionR3         0 times
00:43:22.572446 /PDM/CritSects/TM VirtualSync Lock/ContentionR3Wait         0 ticks/time (           0 ticks,       0 times, max         0, min      -1)
00:43:22.572447 /PDM/CritSects/TM VirtualSync Lock/ContentionRZLock         0 times
00:43:22.572447 /PDM/CritSects/TM VirtualSync Lock/ContentionRZLockBusy         0 times
00:43:22.572448 /PDM/CritSects/TM VirtualSync Lock/ContentionRZUnlock         0 times
00:43:22.572448 /PDM/CritSects/TM VirtualSync Lock/ContentionRZWait         0 ticks/time (           0 ticks,       0 times, max         0, min      -1)
00:43:22.572449 /PDM/CritSects/TM real queue timer lock/ContentionR3         0 times
00:43:22.572449 /PDM/CritSects/TM real queue timer lock/ContentionR3Wait         0 ticks/time (           0 ticks,       0 times, max         0, min      -1)
00:43:22.572450 /PDM/CritSects/TM real queue timer lock/ContentionRZLock         0 times
00:43:22.572450 /PDM/CritSects/TM real queue timer lock/ContentionRZLockBusy         0 times
00:43:22.572451 /PDM/CritSects/TM real queue timer lock/ContentionRZUnlock         0 times
00:43:22.572451 /PDM/CritSects/TM real queue timer lock/ContentionRZWait         0 ticks/time (           0 ticks,       0 times, max         0, min      -1)
00:43:22.572452 /PDM/CritSects/TM tsc queue timer lock/ContentionR3         0 times
00:43:22.572453 /PDM/CritSects/TM tsc queue timer lock/ContentionR3Wait         0 ticks/time (           0 ticks,       0 times, max         0, min      -1)
00:43:22.572453 /PDM/CritSects/TM tsc queue timer lock/ContentionRZLock         0 times
00:43:22.572454 /PDM/CritSects/TM tsc queue timer lock/ContentionRZLockBusy         0 times
00:43:22.572454 /PDM/CritSects/TM tsc queue timer lock/ContentionRZUnlock         0 times
00:43:22.572455 /PDM/CritSects/TM tsc queue timer lock/ContentionRZWait         0 ticks/time (           0 ticks,       0 times, max         0, min      -1)
00:43:22.572455 /PDM/CritSects/TM virtual queue timer lock/ContentionR3       429 times
00:43:22.572456 /PDM/CritSects/TM virtual queue timer lock/ContentionR3Wait         0 ticks/time (           0 ticks,       0 times, max         0, min      -1)
00:43:22.572457 /PDM/CritSects/TM virtual queue timer lock/ContentionRZLock         0 times
00:43:22.572457 /PDM/CritSects/TM virtual queue timer lock/ContentionRZLockBusy         0 times
00:43:22.572457 /PDM/CritSects/TM virtual queue timer lock/ContentionRZUnlock         0 times
00:43:22.572458 /PDM/CritSects/TM virtual queue timer lock/ContentionRZWait         0 ticks/time (           0 ticks,       0 times, max         0, min      -1)
00:43:22.572459 /PDM/CritSects/TM virtual_sync queue timer lock/ContentionR3         0 times
00:43:22.572460 /PDM/CritSects/TM virtual_sync queue timer lock/ContentionR3Wait         0 ticks/time (           0 ticks,       0 times, max         0, min      -1)
00:43:22.572461 /PDM/CritSects/TM virtual_sync queue timer lock/ContentionRZLock         0 times
00:43:22.572461 /PDM/CritSects/TM virtual_sync queue timer lock/ContentionRZLockBusy         0 times
00:43:22.572462 /PDM/CritSects/TM virtual_sync queue timer lock/ContentionRZUnlock         0 times
00:43:22.572462 /PDM/CritSects/TM virtual_sync queue timer lock/ContentionRZWait         0 ticks/time (           0 ticks,       0 times, max         0, min      -1)
00:43:22.572463 /PDM/CritSects/VGA#0/ContentionR3                  0 times
00:43:22.572463 /PDM/CritSects/VGA#0/ContentionR3Wait              0 ticks/time (           0 ticks,       0 times, max         0, min      -1)
00:43:22.572464 /PDM/CritSects/VGA#0/ContentionRZLock              0 times
00:43:22.572465 /PDM/CritSects/VGA#0/ContentionRZLockBusy          0 times
00:43:22.572465 /PDM/CritSects/VGA#0/ContentionRZUnlock            0 times
00:43:22.572466 /PDM/CritSects/VGA#0/ContentionRZWait              0 ticks/time (           0 ticks,       0 times, max         0, min      -1)
00:43:22.572466 /PDM/CritSects/VGA#0_IRQ/ContentionR3              0 times
00:43:22.572467 /PDM/CritSects/VGA#0_IRQ/ContentionR3Wait          0 ticks/time (           0 ticks,       0 times, max         0, min      -1)
00:43:22.572467 /PDM/CritSects/VGA#0_IRQ/ContentionRZLock          0 times
00:43:22.572468 /PDM/CritSects/VGA#0_IRQ/ContentionRZLockBusy         0 times
00:43:22.572468 /PDM/CritSects/VGA#0_IRQ/ContentionRZUnlock         0 times
00:43:22.572469 /PDM/CritSects/VGA#0_IRQ/ContentionRZWait          0 ticks/time (           0 ticks,       0 times, max         0, min      -1)
00:43:22.572469 /PDM/CritSects/VMMDev#0/ContentionR3               0 times
00:43:22.572470 /PDM/CritSects/VMMDev#0/ContentionR3Wait           0 ticks/time (           0 ticks,       0 times, max         0, min      -1)
00:43:22.572471 /PDM/CritSects/VMMDev#0/ContentionRZLock           0 times
00:43:22.572471 /PDM/CritSects/VMMDev#0/ContentionRZLockBusy         0 times
00:43:22.572472 /PDM/CritSects/VMMDev#0/ContentionRZUnlock         0 times
00:43:22.572472 /PDM/CritSects/VMMDev#0/ContentionRZWait           0 ticks/time (           0 ticks,       0 times, max         0, min      -1)
00:43:22.572473 /PDM/CritSects/acpi#0/ContentionR3                 0 times
00:43:22.572473 /PDM/CritSects/acpi#0/ContentionR3Wait             0 ticks/time (           0 ticks,       0 times, max         0, min      -1)
00:43:22.572474 /PDM/CritSects/acpi#0/ContentionRZLock             0 times
00:43:22.572475 /PDM/CritSects/acpi#0/ContentionRZLockBusy         0 times
00:43:22.572475 /PDM/CritSects/acpi#0/ContentionRZUnlock           0 times
00:43:22.572475 /PDM/CritSects/acpi#0/ContentionRZWait             0 ticks/time (           0 ticks,       0 times, max         0, min      -1)
00:43:22.572476 /PDM/CritSects/mc146818#0Auto/ContentionR3         0 times
00:43:22.572477 /PDM/CritSects/mc146818#0Auto/ContentionR3Wait         0 ticks/time (           0 ticks,       0 times, max         0, min      -1)
00:43:22.572477 /PDM/CritSects/mc146818#0Auto/ContentionRZLock         0 times
00:43:22.572478 /PDM/CritSects/mc146818#0Auto/ContentionRZLockBusy         0 times
00:43:22.572478 /PDM/CritSects/mc146818#0Auto/ContentionRZUnlock         0 times
00:43:22.572479 /PDM/CritSects/mc146818#0Auto/ContentionRZWait         0 ticks/time (           0 ticks,       0 times, max         0, min      -1)
00:43:22.572480 /PDM/CritSects/pcarch#0Auto/ContentionR3           0 times
00:43:22.572480 /PDM/CritSects/pcarch#0Auto/ContentionR3Wait         0 ticks/time (           0 ticks,       0 times, max         0, min      -1)
00:43:22.572481 /PDM/CritSects/pcarch#0Auto/ContentionRZLock         0 times
00:43:22.572481 /PDM/CritSects/pcarch#0Auto/ContentionRZLockBusy         0 times
00:43:22.572482 /PDM/CritSects/pcarch#0Auto/ContentionRZUnlock         0 times
00:43:22.572483 /PDM/CritSects/pcarch#0Auto/ContentionRZWait         0 ticks/time (           0 ticks,       0 times, max         0, min      -1)
00:43:22.572484 /PDM/CritSects/pcbios#0Auto/ContentionR3           0 times
00:43:22.572485 /PDM/CritSects/pcbios#0Auto/ContentionR3Wait         0 ticks/time (           0 ticks,       0 times, max         0, min      -1)
00:43:22.572486 /PDM/CritSects/pcbios#0Auto/ContentionRZLock         0 times
00:43:22.572486 /PDM/CritSects/pcbios#0Auto/ContentionRZLockBusy         0 times
00:43:22.572487 /PDM/CritSects/pcbios#0Auto/ContentionRZUnlock         0 times
00:43:22.572487 /PDM/CritSects/pcbios#0Auto/ContentionRZWait         0 ticks/time (           0 ticks,       0 times, max         0, min      -1)
00:43:22.572488 /PDM/CritSects/pckbd#0Auto/ContentionR3            0 times
00:43:22.572489 /PDM/CritSects/pckbd#0Auto/ContentionR3Wait         0 ticks/time (           0 ticks,       0 times, max         0, min      -1)
00:43:22.572489 /PDM/CritSects/pckbd#0Auto/ContentionRZLock         0 times
00:43:22.572490 /PDM/CritSects/pckbd#0Auto/ContentionRZLockBusy         0 times
00:43:22.572490 /PDM/CritSects/pckbd#0Auto/ContentionRZUnlock         0 times
00:43:22.572491 /PDM/CritSects/pckbd#0Auto/ContentionRZWait         0 ticks/time (           0 ticks,       0 times, max         0, min      -1)
00:43:22.572492 /PDM/CritSects/pit#0/ContentionR3                  0 times
00:43:22.572492 /PDM/CritSects/pit#0/ContentionR3Wait              0 ticks/time (           0 ticks,       0 times, max         0, min      -1)
00:43:22.572493 /PDM/CritSects/pit#0/ContentionRZLock              0 times
00:43:22.572494 /PDM/CritSects/pit#0/ContentionRZLockBusy          0 times
00:43:22.572494 /PDM/CritSects/pit#0/ContentionRZUnlock            0 times
00:43:22.572495 /PDM/CritSects/pit#0/ContentionRZWait              0 ticks/time (           0 ticks,       0 times, max         0, min      -1)
00:43:22.572496 /PDM/CritSects/usb-xhci#0Auto/ContentionR3         0 times
00:43:22.572496 /PDM/CritSects/usb-xhci#0Auto/ContentionR3Wait         0 ticks/time (           0 ticks,       0 times, max         0, min      -1)
00:43:22.572497 /PDM/CritSects/usb-xhci#0Auto/ContentionRZLock         0 times
00:43:22.572498 /PDM/CritSects/usb-xhci#0Auto/ContentionRZLockBusy         0 times
00:43:22.572498 /PDM/CritSects/usb-xhci#0Auto/ContentionRZUnlock         0 times
00:43:22.572499 /PDM/CritSects/usb-xhci#0Auto/ContentionRZWait         0 ticks/time (           0 ticks,       0 times, max         0, min      -1)
00:43:22.572500 /PDM/CritSects/xHCIIntr#0/ContentionR3             0 times
00:43:22.572500 /PDM/CritSects/xHCIIntr#0/ContentionR3Wait         0 ticks/time (           0 ticks,       0 times, max         0, min      -1)
00:43:22.572501 /PDM/CritSects/xHCIIntr#0/ContentionRZLock         0 times
00:43:22.572501 /PDM/CritSects/xHCIIntr#0/ContentionRZLockBusy         0 times
00:43:22.572502 /PDM/CritSects/xHCIIntr#0/ContentionRZUnlock         0 times
00:43:22.572502 /PDM/CritSects/xHCIIntr#0/ContentionRZWait         0 ticks/time (           0 ticks,       0 times, max         0, min      -1)
00:43:22.572503 /PDM/CritSects/xHCIIntr#1/ContentionR3             0 times
00:43:22.572504 /PDM/CritSects/xHCIIntr#1/ContentionR3Wait         0 ticks/time (           0 ticks,       0 times, max         0, min      -1)
00:43:22.572504 /PDM/CritSects/xHCIIntr#1/ContentionRZLock         0 times
00:43:22.572505 /PDM/CritSects/xHCIIntr#1/ContentionRZLockBusy         0 times
00:43:22.572505 /PDM/CritSects/xHCIIntr#1/ContentionRZUnlock         0 times
00:43:22.572506 /PDM/CritSects/xHCIIntr#1/ContentionRZWait         0 ticks/time (           0 ticks,       0 times, max         0, min      -1)
00:43:22.572507 /PDM/CritSects/xHCIIntr#2/ContentionR3             0 times
00:43:22.572507 /PDM/CritSects/xHCIIntr#2/ContentionR3Wait         0 ticks/time (           0 ticks,       0 times, max         0, min      -1)
00:43:22.572508 /PDM/CritSects/xHCIIntr#2/ContentionRZLock         0 times
00:43:22.572509 /PDM/CritSects/xHCIIntr#2/ContentionRZLockBusy         0 times
00:43:22.572514 /PDM/CritSects/xHCIIntr#2/ContentionRZUnlock         0 times
00:43:22.572515 /PDM/CritSects/xHCIIntr#2/ContentionRZWait         0 ticks/time (           0 ticks,       0 times, max         0, min      -1)
00:43:22.572516 /PDM/CritSects/xHCIIntr#3/ContentionR3             0 times
00:43:22.572516 /PDM/CritSects/xHCIIntr#3/ContentionR3Wait         0 ticks/time (           0 ticks,       0 times, max         0, min      -1)
00:43:22.572517 /PDM/CritSects/xHCIIntr#3/ContentionRZLock         0 times
00:43:22.572517 /PDM/CritSects/xHCIIntr#3/ContentionRZLockBusy         0 times
00:43:22.572518 /PDM/CritSects/xHCIIntr#3/ContentionRZUnlock         0 times
00:43:22.572518 /PDM/CritSects/xHCIIntr#3/ContentionRZWait         0 ticks/time (           0 ticks,       0 times, max         0, min      -1)
00:43:22.572519 /PDM/CritSects/xHCIIntr#4/ContentionR3             0 times
00:43:22.572520 /PDM/CritSects/xHCIIntr#4/ContentionR3Wait         0 ticks/time (           0 ticks,       0 times, max         0, min      -1)
00:43:22.572521 /PDM/CritSects/xHCIIntr#4/ContentionRZLock         0 times
00:43:22.572521 /PDM/CritSects/xHCIIntr#4/ContentionRZLockBusy         0 times
00:43:22.572522 /PDM/CritSects/xHCIIntr#4/ContentionRZUnlock         0 times
00:43:22.572522 /PDM/CritSects/xHCIIntr#4/ContentionRZWait         0 ticks/time (           0 ticks,       0 times, max         0, min      -1)
00:43:22.572523 /PDM/CritSects/xHCIIntr#5/ContentionR3             0 times
00:43:22.572523 /PDM/CritSects/xHCIIntr#5/ContentionR3Wait         0 ticks/time (           0 ticks,       0 times, max         0, min      -1)
00:43:22.572524 /PDM/CritSects/xHCIIntr#5/ContentionRZLock         0 times
00:43:22.572525 /PDM/CritSects/xHCIIntr#5/ContentionRZLockBusy         0 times
00:43:22.572525 /PDM/CritSects/xHCIIntr#5/ContentionRZUnlock         0 times
00:43:22.572526 /PDM/CritSects/xHCIIntr#5/ContentionRZWait         0 ticks/time (           0 ticks,       0 times, max         0, min      -1)
00:43:22.572526 /PDM/CritSects/xHCIIntr#6/ContentionR3             0 times
00:43:22.572527 /PDM/CritSects/xHCIIntr#6/ContentionR3Wait         0 ticks/time (           0 ticks,       0 times, max         0, min      -1)
00:43:22.572528 /PDM/CritSects/xHCIIntr#6/ContentionRZLock         0 times
00:43:22.572528 /PDM/CritSects/xHCIIntr#6/ContentionRZLockBusy         0 times
00:43:22.572528 /PDM/CritSects/xHCIIntr#6/ContentionRZUnlock         0 times
00:43:22.572529 /PDM/CritSects/xHCIIntr#6/ContentionRZWait         0 ticks/time (           0 ticks,       0 times, max         0, min      -1)
00:43:22.572530 /PDM/CritSects/xHCIIntr#7/ContentionR3             0 times
00:43:22.572530 /PDM/CritSects/xHCIIntr#7/ContentionR3Wait         0 ticks/time (           0 ticks,       0 times, max         0, min      -1)
00:43:22.572531 /PDM/CritSects/xHCIIntr#7/ContentionRZLock         0 times
00:43:22.572532 /PDM/CritSects/xHCIIntr#7/ContentionRZLockBusy         0 times
00:43:22.572532 /PDM/CritSects/xHCIIntr#7/ContentionRZUnlock         0 times
00:43:22.572533 /PDM/CritSects/xHCIIntr#7/ContentionRZWait         0 ticks/time (           0 ticks,       0 times, max         0, min      -1)
00:43:22.572533 /PDM/CritSectsRw/00-EnterSharedWhileAborting         0 times
00:43:22.572534 /PDM/CritSectsRw/00-Excl-Non-interruptible-Waits-VINF_SUCCESS         0 times
00:43:22.572534 /PDM/CritSectsRw/00-Excl-VERR_INTERRUPTED          0 times
00:43:22.572535 /PDM/CritSectsRw/00-Excl-VERR_TIMEOUT              0 times
00:43:22.572535 /PDM/CritSectsRw/00-Shared-Non-interruptible-Waits-VINF_SUCCESS         0 times
00:43:22.572536 /PDM/CritSectsRw/00-Shared-VERR_INTERRUPTED         0 times
00:43:22.572536 /PDM/CritSectsRw/00-Shared-VERR_TIMEOUT            0 times
00:43:22.572537 /PDM/CritSectsRw/IOM Lock/ContentionR3EnterExcl         0 times
00:43:22.572537 /PDM/CritSectsRw/IOM Lock/ContentionR3EnterShared         0 times
00:43:22.572538 /PDM/CritSectsRw/IOM Lock/ContentionR3LeaveExcl         0 times
00:43:22.572539 /PDM/CritSectsRw/IOM Lock/ContentionRZEnterExcl         0 times
00:43:22.572540 /PDM/CritSectsRw/IOM Lock/ContentionRZEnterShared         0 times
00:43:22.572543 /PDM/CritSectsRw/IOM Lock/ContentionRZLeaveExcl         0 times
00:43:22.572543 /PDM/CritSectsRw/IOM Lock/ContentionRZLeaveShared         0 times
00:43:22.572544 /PDM/CritSectsRw/IOM Lock/R3EnterExcl            302 times
00:43:22.572544 /PDM/CritSectsRw/IOM Lock/R3EnterShared        58723 times
00:43:22.572545 /PDM/CritSectsRw/IOM Lock/RZEnterExcl              0 times
00:43:22.572545 /PDM/CritSectsRw/IOM Lock/RZEnterShared      1966786 times
00:43:22.572546 /PDM/CritSectsRw/TM real queue alloc lock/ContentionR3EnterExcl         0 times
00:43:22.572547 /PDM/CritSectsRw/TM real queue alloc lock/ContentionR3EnterShared         0 times
00:43:22.572547 /PDM/CritSectsRw/TM real queue alloc lock/ContentionR3LeaveExcl         0 times
00:43:22.572548 /PDM/CritSectsRw/TM real queue alloc lock/ContentionRZEnterExcl         0 times
00:43:22.572548 /PDM/CritSectsRw/TM real queue alloc lock/ContentionRZEnterShared         0 times
00:43:22.572549 /PDM/CritSectsRw/TM real queue alloc lock/ContentionRZLeaveExcl         0 times
00:43:22.572549 /PDM/CritSectsRw/TM real queue alloc lock/ContentionRZLeaveShared         0 times
00:43:22.572550 /PDM/CritSectsRw/TM real queue alloc lock/R3EnterExcl         8 times
00:43:22.572550 /PDM/CritSectsRw/TM real queue alloc lock/R3EnterShared         1 times
00:43:22.572551 /PDM/CritSectsRw/TM real queue alloc lock/RZEnterExcl         0 times
00:43:22.572551 /PDM/CritSectsRw/TM real queue alloc lock/RZEnterShared         0 times
00:43:22.572552 /PDM/CritSectsRw/TM tsc queue alloc lock/ContentionR3EnterExcl         0 times
00:43:22.572552 /PDM/CritSectsRw/TM tsc queue alloc lock/ContentionR3EnterShared         0 times
00:43:22.572553 /PDM/CritSectsRw/TM tsc queue alloc lock/ContentionR3LeaveExcl         0 times
00:43:22.572553 /PDM/CritSectsRw/TM tsc queue alloc lock/ContentionRZEnterExcl         0 times
00:43:22.572554 /PDM/CritSectsRw/TM tsc queue alloc lock/ContentionRZEnterShared         0 times
00:43:22.572554 /PDM/CritSectsRw/TM tsc queue alloc lock/ContentionRZLeaveExcl         0 times
00:43:22.572555 /PDM/CritSectsRw/TM tsc queue alloc lock/ContentionRZLeaveShared         0 times
00:43:22.572555 /PDM/CritSectsRw/TM tsc queue alloc lock/R3EnterExcl         0 times
00:43:22.572556 /PDM/CritSectsRw/TM tsc queue alloc lock/R3EnterShared         1 times
00:43:22.572556 /PDM/CritSectsRw/TM tsc queue alloc lock/RZEnterExcl         0 times
00:43:22.572557 /PDM/CritSectsRw/TM tsc queue alloc lock/RZEnterShared         0 times
00:43:22.572557 /PDM/CritSectsRw/TM virtual queue alloc lock/ContentionR3EnterExcl         0 times
00:43:22.572558 /PDM/CritSectsRw/TM virtual queue alloc lock/ContentionR3EnterShared         0 times
00:43:22.572558 /PDM/CritSectsRw/TM virtual queue alloc lock/ContentionR3LeaveExcl         0 times
00:43:22.572559 /PDM/CritSectsRw/TM virtual queue alloc lock/ContentionRZEnterExcl         0 times
00:43:22.572559 /PDM/CritSectsRw/TM virtual queue alloc lock/ContentionRZEnterShared         0 times
00:43:22.572560 /PDM/CritSectsRw/TM virtual queue alloc lock/ContentionRZLeaveExcl         0 times
00:43:22.572560 /PDM/CritSectsRw/TM virtual queue alloc lock/ContentionRZLeaveShared         0 times
00:43:22.572561 /PDM/CritSectsRw/TM virtual queue alloc lock/R3EnterExcl        14 times
00:43:22.572561 /PDM/CritSectsRw/TM virtual queue alloc lock/R3EnterShared         1 times
00:43:22.572562 /PDM/CritSectsRw/TM virtual queue alloc lock/RZEnterExcl         0 times
00:43:22.572562 /PDM/CritSectsRw/TM virtual queue alloc lock/RZEnterShared         0 times
00:43:22.572563 /PDM/CritSectsRw/TM virtual_sync queue alloc lock/ContentionR3EnterExcl         0 times
00:43:22.572563 /PDM/CritSectsRw/TM virtual_sync queue alloc lock/ContentionR3EnterShared         0 times
00:43:22.572564 /PDM/CritSectsRw/TM virtual_sync queue alloc lock/ContentionR3LeaveExcl         0 times
00:43:22.572564 /PDM/CritSectsRw/TM virtual_sync queue alloc lock/ContentionRZEnterExcl         0 times
00:43:22.572565 /PDM/CritSectsRw/TM virtual_sync queue alloc lock/ContentionRZEnterShared         0 times
00:43:22.572566 /PDM/CritSectsRw/TM virtual_sync queue alloc lock/ContentionRZLeaveExcl         0 times
00:43:22.572567 /PDM/CritSectsRw/TM virtual_sync queue alloc lock/ContentionRZLeaveShared         0 times
00:43:22.572567 /PDM/CritSectsRw/TM virtual_sync queue alloc lock/R3EnterExcl        14 times
00:43:22.572568 /PDM/CritSectsRw/TM virtual_sync queue alloc lock/R3EnterShared         1 times
00:43:22.572568 /PDM/CritSectsRw/TM virtual_sync queue alloc lock/RZEnterExcl         0 times
00:43:22.572569 /PDM/CritSectsRw/TM virtual_sync queue alloc lock/RZEnterShared         0 times
00:43:22.572570 /PDM/Queue/DevHlp/AllocFailures                    0 times
00:43:22.572570 /PDM/Queue/DevHlp/Flush                            0 calls
00:43:22.572571 /PDM/Queue/DevHlp/FlushLeftovers                   0 times
00:43:22.572571 /PDM/Queue/DevHlp/Insert                           0 calls
00:43:22.572572 /PDM/Queue/DevHlp/cItems                           8 count
00:43:22.572573 /PDM/Queue/DevHlp/cbItem                          56 bytes
00:43:22.572573 /PDM/Queue/DevHlp/rcOkay                           0 
00:43:22.572574 /PDM/Queue/Keyboard/AllocFailures                  0 times
00:43:22.572575 /PDM/Queue/Keyboard/Flush                          0 calls
00:43:22.572576 /PDM/Queue/Keyboard/FlushLeftovers                 0 times
00:43:22.572576 /PDM/Queue/Keyboard/Insert                        16 calls
00:43:22.572577 /PDM/Queue/Keyboard/cItems                        64 count
00:43:22.572578 /PDM/Queue/Keyboard/cbItem                        16 bytes
00:43:22.572578 /PDM/Queue/Keyboard/rcOkay                         0 
00:43:22.572579 /PDM/Queue/Mouse/AllocFailures                     0 times
00:43:22.572580 /PDM/Queue/Mouse/Flush                             0 calls
00:43:22.572581 /PDM/Queue/Mouse/FlushLeftovers                    0 times
00:43:22.572581 /PDM/Queue/Mouse/Insert                            0 calls
00:43:22.572582 /PDM/Queue/Mouse/cItems                          128 count
00:43:22.572583 /PDM/Queue/Mouse/cbItem                           32 bytes
00:43:22.572583 /PDM/Queue/Mouse/rcOkay                            0 
00:43:22.572584 /PDM/Queue/Mouse_1/AllocFailures                   0 times
00:43:22.572585 /PDM/Queue/Mouse_1/Flush                           0 calls
00:43:22.572586 /PDM/Queue/Mouse_1/FlushLeftovers                  0 times
00:43:22.572586 /PDM/Queue/Mouse_1/Insert                      10271 calls
00:43:22.572587 /PDM/Queue/Mouse_1/cItems                        128 count
00:43:22.572588 /PDM/Queue/Mouse_1/cbItem                         32 bytes
00:43:22.572588 /PDM/Queue/Mouse_1/rcOkay                          0 
00:43:22.572589 /PDM/Queue/SCSI-Eject/AllocFailures                0 times
00:43:22.572590 /PDM/Queue/SCSI-Eject/Flush                        0 calls
00:43:22.572590 /PDM/Queue/SCSI-Eject/FlushLeftovers               0 times
00:43:22.572591 /PDM/Queue/SCSI-Eject/Insert                       0 calls
00:43:22.572592 /PDM/Queue/SCSI-Eject/cItems                       1 count
00:43:22.572592 /PDM/Queue/SCSI-Eject/cbItem                      24 bytes
00:43:22.572593 /PDM/Queue/SCSI-Eject/rcOkay                       0 
00:43:22.572594 /PDM/Tasks/000-E1000-Xmit-retriggered           4064 times
00:43:22.572594 /PDM/Tasks/000-E1000-Xmit-runs                218632 times
00:43:22.572595 /PDM/Tasks/001-E1000-Xmit-retriggered              1 times
00:43:22.572595 /PDM/Tasks/001-E1000-Xmit-runs                   130 times
00:43:22.572596 /PDM/Tasks/002-HDA CORB DMA-retriggered           44 times
00:43:22.572597 /PDM/Tasks/002-HDA CORB DMA-runs                1570 times
00:43:22.572597 /PGM/CPU0/R3/Page/MapTlbMisses                   865 times
00:43:22.572598 /PGM/CPU0/R3/RamRange/TlbLocking                  17 times
00:43:22.572599 /PGM/CPU0/R3/RamRange/TlbMisses                   17 times
00:43:22.572599 /PGM/CPU0/RZ/Page/MapTlbMisses                     0 times
00:43:22.572600 /PGM/CPU0/RZ/RamRange/TlbLocking                  24 times
00:43:22.572602 /PGM/CPU0/RZ/RamRange/TlbMisses                   24 times
00:43:22.572602 /PGM/CPU0/cA20Changes                              2 times
00:43:22.572603 /PGM/CPU0/cGuestModeChanges                    72279 times
00:43:22.572604 /PGM/ChunkR3Map/Mapped                          1025 count
00:43:22.572605 /PGM/ChunkR3Map/Unmapped                           0 count
00:43:22.572606 /PGM/ChunkR3Map/c                               1025 count
00:43:22.572606 /PGM/ChunkR3Map/cMax                       4294967295 count
00:43:22.572607 /PGM/LargePage/Alloc                               0 ns/call (           0 ns,       0 calls, max         0, min      -1)
00:43:22.572608 /PGM/LargePage/AllocFailed                         0 times
00:43:22.572609 /PGM/LargePage/Overflow                            0 times
00:43:22.572610 /PGM/LargePage/Recheck                             0 times
00:43:22.572610 /PGM/LargePage/Refused                             0 times
00:43:22.572611 /PGM/LargePage/Reused                              0 times
00:43:22.572611 /PGM/LargePage/TlbFlush                            0 times
00:43:22.572612 /PGM/LargePage/ZeroEvict                           0 times
00:43:22.572614 /PGM/Mmio2QueryAndResetDirtyBitmap                 0 ticks/call (           0 ticks,       0 calls, max         0, min      -1)
00:43:22.572615 /PGM/Page/cAllPages                           558693 count
00:43:22.572616 /PGM/Page/cBalloonedPages                          0 count
00:43:22.572617 /PGM/Page/cHandyPages                            128 count
00:43:22.572617 /PGM/Page/cLargePages                              0 count
00:43:22.572618 /PGM/Page/cLargePagesDisabled                      0 count
00:43:22.572619 /PGM/Page/cMonitoredPages                          0 count
00:43:22.572619 /PGM/Page/cPrivatePages                       558573 count
00:43:22.572620 /PGM/Page/cPureMmioPages                         120 count
00:43:22.572621 /PGM/Page/cReadLockedPages                         0 count
00:43:22.572621 /PGM/Page/cReusedSharedPages                       0 count
00:43:22.572622 /PGM/Page/cSharedPages                             0 count
00:43:22.572623 /PGM/Page/cWriteLockedPages                        0 count
00:43:22.572623 /PGM/Page/cWrittenToPages                          0 count
00:43:22.572624 /PGM/Page/cZeroPages                               0 count
00:43:22.572625 /PGM/PhysHandlerTree/ErrorsAllocatorR3             0 times
00:43:22.572625 /PGM/PhysHandlerTree/ErrorsTree                    0 times
00:43:22.572626 /PGM/PhysHandlerTree/Inserts                      70 times
00:43:22.572627 /PGM/PhysHandlerTree/MaxHandlers                6144 times
00:43:22.572627 /PGM/PhysHandlerTree/RebalancingOperations        31 times
00:43:22.572628 /PGM/PhysHandlerTree/Removals                     55 times
00:43:22.572629 /PGM/Pool/Grow                                613624 ticks/call (     1840872 ticks,       3 calls, max    777785, min  387595)
00:43:22.572630 /PGM/ShMod/Check                                   0 ticks/call (           0 ticks,       0 calls, max         0, min      -1)
00:43:22.572631 /PROF/CPU0/EM/Capped                               0 ticks/call (           0 ticks,       0 calls, max         0, min      -1)
00:43:22.572632 /PROF/CPU0/EM/ForcedActions                  1608591 times
00:43:22.572632 /PROF/CPU0/EM/HMExec                         5123571 ticks/call (8618012000799 ticks, 1682032 calls, max 187858777, min    4195)
00:43:22.572634 /PROF/CPU0/EM/HMExecuteCalled                1448312 times
00:43:22.572634 /PROF/CPU0/EM/Halted                         1346852 times
00:43:22.572635 /PROF/CPU0/EM/NEMExec                              0 ticks/call (           0 ticks,       0 calls, max         0, min      -1)
00:43:22.572636 /PROF/CPU0/EM/NEMExecuteCalled                     0 times
00:43:22.572637 /PROF/CPU0/EM/REMTotal                             0 times
00:43:22.572637 /PROF/CPU0/EM/RecordedExits                 22444349 times
00:43:22.572638 /PROF/CPU0/EM/Total                        8892180561885 ticks/call (8892180561885 ticks,       1 calls, max 8892180561885, min 8892180561885)
00:43:22.572641 /PROF/CPU0/VM/Halt/Block                      392201 ns/call ( 76997078479 ns,  196320 calls, max  15711606, min       1)
00:43:22.572642 /PROF/CPU0/VM/Halt/BlockInsomnia               74138 ns/call (  9529897451 ns,  128542 calls, max   9202231, min       1)
00:43:22.572643 /PROF/CPU0/VM/Halt/BlockOnTime                818097 ns/call ( 39623747276 ns,   48434 calls, max  14487843, min       1)
00:43:22.572644 /PROF/CPU0/VM/Halt/BlockOverslept             664709 ns/call ( 12858132794 ns,   19344 calls, max   2921898, min   50059)
00:43:22.572645 /PROF/CPU0/VM/Halt/R0HaltBlock               1673666 ns/call (2042248012041 ns, 1220224 calls, max  15759056, min       2)
00:43:22.572646 /PROF/CPU0/VM/Halt/R0HaltBlockInsomnia        292040 ns/call ( 41151412941 ns,  140910 calls, max  14811199, min       2)
00:43:22.572647 /PROF/CPU0/VM/Halt/R0HaltBlockOnTime         1845773 ns/call (1892107541362 ns, 1025103 calls, max  15647495, min       2)
00:43:22.572648 /PROF/CPU0/VM/Halt/R0HaltBlockOverslept        92690 ns/call (  5024864055 ns,   54211 calls, max   3704168, min   50001)
00:43:22.572649 /PROF/CPU0/VM/Halt/R0HaltExec                 140015 times
00:43:22.572650 /PROF/CPU0/VM/Halt/R0HaltExec/FromBlock       122405 times
00:43:22.572651 /PROF/CPU0/VM/Halt/R0HaltExec/FromSpin          9054 times
00:43:22.572651 /PROF/CPU0/VM/Halt/R0HaltHistoryCounter      1486147 times
00:43:22.572652 /PROF/CPU0/VM/Halt/R0HaltHistorySucceeded          1 times
00:43:22.572653 /PROF/CPU0/VM/Halt/R0HaltHistoryToRing3           69 times
00:43:22.572653 /PROF/CPU0/VM/Halt/R0HaltToR3                1346132 times
00:43:22.572654 /PROF/CPU0/VM/Halt/R0HaltToR3/FromSpin             1 times
00:43:22.572654 /PROF/CPU0/VM/Halt/R0HaltToR3/Other                0 times
00:43:22.572655 /PROF/CPU0/VM/Halt/R0HaltToR3/PendingFF       248223 times
00:43:22.572656 /PROF/CPU0/VM/Halt/R0HaltToR3/PostWaitNoInt   1091598 times
00:43:22.572656 /PROF/CPU0/VM/Halt/R0HaltToR3/PostWaitPendingFF      6221 times
00:43:22.572657 /PROF/CPU0/VM/Halt/R0HaltToR3/SmallDelta          89 times
00:43:22.572657 /PROF/CPU0/VM/Halt/Timers                       3846 ns/call (  5576762094 ns, 1449707 calls, max   1060293, min       2)
00:43:22.572659 /PROF/CPU0/VM/Halt/Yield                         124 ns/call (      104904 ns,     840 calls, max     13078, min       1)
00:43:22.572660 /Public/NetAdapter/0/BytesReceived         1386384531 bytes
00:43:22.572660 /Public/NetAdapter/0/BytesTransmitted       13315889 bytes
00:43:22.572661 /Public/NetAdapter/0/e1000                         0 
00:43:22.572662 /Public/NetAdapter/1/BytesReceived                 0 bytes
00:43:22.572662 /Public/NetAdapter/1/BytesTransmitted          22364 bytes
00:43:22.572663 /Public/NetAdapter/1/e1000                         1 
00:43:22.572664 /Public/Storage/AHCI0/Port0/BytesRead      10106962432 bytes
00:43:22.572665 /Public/Storage/AHCI0/Port0/BytesWritten   22697951744 bytes
00:43:22.572665 /Public/Storage/AHCI0/Port0/QueryBufAttempts         0 count
00:43:22.572666 /Public/Storage/AHCI0/Port0/QueryBufSuccess         0 count
00:43:22.572666 /Public/Storage/AHCI0/Port0/ReqsFlush           5028 count
00:43:22.572667 /Public/Storage/AHCI0/Port0/ReqsRead          211607 count
00:43:22.572668 /Public/Storage/AHCI0/Port0/ReqsSubmitted     612079 count
00:43:22.572668 /Public/Storage/AHCI0/Port0/ReqsSucceeded     612079 count
00:43:22.572669 /Public/Storage/AHCI0/Port0/ReqsWrite         395444 count
00:43:22.572669 /Public/Storage/AHCI0/Port1/BytesRead      5649106944 bytes
00:43:22.572670 /Public/Storage/AHCI0/Port1/QueryBufAttempts         0 count
00:43:22.572671 /Public/Storage/AHCI0/Port1/QueryBufSuccess         0 count
00:43:22.572671 /Public/Storage/AHCI0/Port1/ReqsRead           50205 count
00:43:22.572672 /Public/Storage/AHCI0/Port1/ReqsSubmitted      50205 count
00:43:22.572673 /Public/Storage/AHCI0/Port1/ReqsSucceeded      50205 count
00:43:22.572673 /SELM/LoadHidSel/GstReadErrors                     0 times
00:43:22.572675 /SELM/LoadHidSel/NoGoodGuest                       0 times
00:43:22.572676 /TM/CPU/00/cNsExecuting                    414175257603 ns
00:43:22.572676 /TM/CPU/00/cNsHalted                       83260363578 ns
00:43:22.572677 /TM/CPU/00/cNsOther                        2104506769903 ns
00:43:22.572678 /TM/CPU/00/cNsTotal                        2601942391084 ns
00:43:22.572679 /TM/CPU/00/cPeriodsExecuting                22444349 count
00:43:22.572679 /TM/CPU/00/cPeriodsHalted                    1229538 count
00:43:22.572680 /TM/CPU/00/pctExecuting                            1 %
00:43:22.572681 /TM/CPU/00/pctHalted                               2 %
00:43:22.572682 /TM/CPU/00/pctOther                               95 %
00:43:22.572682 /TM/CPU/pctExecuting                               1 %
00:43:22.572683 /TM/CPU/pctHalted                                  2 %
00:43:22.572684 /TM/CPU/pctOther                                  95 %
00:43:22.572685 /TM/MaxHzHint                                      0 Hz
00:43:22.572685 /TM/MaxHzHint/real                                 0 Hz
00:43:22.572686 /TM/MaxHzHint/tsc                                  0 Hz
00:43:22.572687 /TM/MaxHzHint/virtual                              0 Hz
00:43:22.572687 /TM/MaxHzHint/virtual_sync                         0 Hz
00:43:22.572688 /TM/PIT/Handler                                    0 ticks/call (           0 ticks,       0 calls, max         0, min      -1)
00:43:22.572689 /TM/PIT/Irq                                        0 times
00:43:22.572690 /TM/R3/1nsSteps                               252482 times
00:43:22.572691 /TM/TSC/offCPU0                            65160984204460 ticks
00:43:22.572691 /TM/VirtualSync/CurrentOffset                 186537 ns
00:43:22.572693 /TRPM/ForwardRaw/IRQ/2F                         2046 times
00:43:22.572694 /TRPM/ForwardRaw/IRQ/50                       171576 times
00:43:22.572695 /TRPM/ForwardRaw/IRQ/60                            5 times
00:43:22.572695 /TRPM/ForwardRaw/IRQ/70                         5280 times
00:43:22.572696 /TRPM/ForwardRaw/IRQ/80                        78677 times
00:43:22.572697 /TRPM/ForwardRaw/IRQ/90                            2 times
00:43:22.572698 /TRPM/ForwardRaw/IRQ/A0                           17 times
00:43:22.572699 /TRPM/ForwardRaw/IRQ/D1                      1184577 times
00:43:22.572700 /TRPM/ForwardRaw/TRAP/08                         580 times
00:43:22.572701 /TRPM/ForwardRaw/TRAP/1F                         301 times
00:43:22.572702 /VMM/EmtHashCollisions/Emt00                       0 times
00:43:22.572703 /VMM/LogFlush/00-Flushes                           0 times
00:43:22.572704 /VMM/LogFlush/00-NoWakups                          0 times
00:43:22.572705 /VMM/LogFlush/CPU0/Rel/cbBuf                    4096 bytes
00:43:22.572705 /VUSB/0/cUrbsInPool                                0 count
00:43:22.572706 /VUSB/1/cUrbsInPool                                0 count
00:43:22.572707 ********************* End of statistics **********************
00:43:22.572732 VUSB: Detached 'HidMouse' from port 1 on RootHub#1
00:43:22.573271 E1000#0: Interrupt attempts: 1782142
00:43:22.573273 E1000#0: Interrupts raised : 381063
00:43:22.573274 E1000#0: Interrupts lowered: 49757
00:43:22.573275 E1000#0: ICR outside ISR   : 82663
00:43:22.573275 E1000#0: IMS raised ints   : 155791
00:43:22.573276 E1000#0: Interrupts skipped: 666731
00:43:22.573276 E1000#0: Masked interrupts : 734348
00:43:22.573277 E1000#0: Early interrupts  : 0
00:43:22.573278 E1000#0: Late interrupts   : 114633
00:43:22.573278 E1000#0: Lost interrupts   : 0
00:43:22.573279 E1000#0: Interrupts by RX  : 1107184
00:43:22.573279 E1000#0: Interrupts by TX  : 222694
00:43:22.573280 E1000#0: Interrupts by ICS : 118997
00:43:22.573280 E1000#0: Interrupts by RDTR: 0
00:43:22.573281 E1000#0: Interrupts by RDMT: 0
00:43:22.573281 E1000#0: Interrupts by TXQE: 0
00:43:22.573282 E1000#0: TX int delay asked: 0
00:43:22.573282 E1000#0: TX delayed:         0
00:43:22.573283 E1000#0: TX delay expired:   0
00:43:22.573283 E1000#0: TX no report asked: 557
00:43:22.573285 E1000#0: TX abs timer expd : 0
00:43:22.573286 E1000#0: TX int timer expd : 0
00:43:22.573286 E1000#0: RX abs timer expd : 0
00:43:22.573287 E1000#0: RX int timer expd : 0
00:43:22.573287 E1000#0: TX CTX descriptors: 280
00:43:22.573288 E1000#0: TX DAT descriptors: 224975
00:43:22.573288 E1000#0: TX LEG descriptors: 109
00:43:22.573289 E1000#0: Received frames   : 1107184
00:43:22.573289 E1000#0: Transmitted frames: 222694
00:43:22.573290 E1000#0: TX frames up to 1514: 222595
00:43:22.573291 E1000#0: TX frames up to 2962: 57
00:43:22.573291 E1000#0: TX frames up to 4410: 7
00:43:22.573292 E1000#0: TX frames up to 5858: 7
00:43:22.573292 E1000#0: TX frames up to 7306: 4
00:43:22.573293 E1000#0: TX frames up to 8754: 8
00:43:22.573293 E1000#0: TX frames up to 16384: 12
00:43:22.573294 E1000#0: TX frames up to 32768: 3
00:43:22.573294 E1000#0: Larger TX frames    : 1
00:43:22.573295 E1000#0: Max TX Delay        : 0
00:43:22.573344 E1000#1: Interrupt attempts: 263
00:43:22.573345 E1000#1: Interrupts raised : 117
00:43:22.573345 E1000#1: Interrupts lowered: 1
00:43:22.573346 E1000#1: ICR outside ISR   : 9
00:43:22.573346 E1000#1: IMS raised ints   : 0
00:43:22.573347 E1000#1: Interrupts skipped: 122
00:43:22.573348 E1000#1: Masked interrupts : 24
00:43:22.573348 E1000#1: Early interrupts  : 0
00:43:22.573349 E1000#1: Late interrupts   : 0
00:43:22.573349 E1000#1: Lost interrupts   : 0
00:43:22.573349 E1000#1: Interrupts by RX  : 0
00:43:22.573350 E1000#1: Interrupts by TX  : 129
00:43:22.573351 E1000#1: Interrupts by ICS : 2
00:43:22.573351 E1000#1: Interrupts by RDTR: 0
00:43:22.573351 E1000#1: Interrupts by RDMT: 0
00:43:22.573352 E1000#1: Interrupts by TXQE: 0
00:43:22.573352 E1000#1: TX int delay asked: 0
00:43:22.573353 E1000#1: TX delayed:         0
00:43:22.573353 E1000#1: TX delay expired:   0
00:43:22.573354 E1000#1: TX no report asked: 9
00:43:22.573354 E1000#1: TX abs timer expd : 0
00:43:22.573355 E1000#1: TX int timer expd : 0
00:43:22.573355 E1000#1: RX abs timer expd : 0
00:43:22.573356 E1000#1: RX int timer expd : 0
00:43:22.573356 E1000#1: TX CTX descriptors: 9
00:43:22.573357 E1000#1: TX DAT descriptors: 107
00:43:22.573357 E1000#1: TX LEG descriptors: 65
00:43:22.573358 E1000#1: Received frames   : 0
00:43:22.573358 E1000#1: Transmitted frames: 129
00:43:22.573359 E1000#1: TX frames up to 1514: 129
00:43:22.573359 E1000#1: TX frames up to 2962: 0
00:43:22.573360 E1000#1: TX frames up to 4410: 0
00:43:22.573360 E1000#1: TX frames up to 5858: 0
00:43:22.573361 E1000#1: TX frames up to 7306: 0
00:43:22.573361 E1000#1: TX frames up to 8754: 0
00:43:22.573362 E1000#1: TX frames up to 16384: 0
00:43:22.573362 E1000#1: TX frames up to 32768: 0
00:43:22.573363 E1000#1: Larger TX frames    : 0
00:43:22.573363 E1000#1: Max TX Delay        : 0
00:43:22.609667 GIM: HyperV: Resetting MMIO2 regions and MSRs
00:43:22.611518 vmmR3LogFlusher: Terminating (VERR_OBJECT_DESTROYED)
00:43:22.611621 Changing the VM state from 'DESTROYING' to 'TERMINATED'
00:43:22.611639 Console: Machine state changed to 'PoweredOff'
00:43:22.611829 GUI: Request to close Runtime UI because VM is powered off.
00:43:22.611852 GUI: Request for async QApp quit.
00:43:22.628509 GUI: UICommon: Handling aboutToQuit request..
00:43:23.615314 ERROR [COM]: aRC=E_ACCESSDENIED (0x80070005) aIID={6ac83d89-6ee7-4e33-8ae6-b257b2e81be8} aComponent={ConsoleWrap} aText={The object is not ready}, preserve=false aResultDetail=0
00:43:23.648966 GUI: UICommon: aboutToQuit request handled!
